,VIX_Close,10Y_Treasury,Open,High,Low,Close,Adj Close,Volume,daily_return,vol_20d,vol_60d,vol_120d,dividend_growth,vix_jpm_corr_20d,rate_momentum_5d,rate_momentum_20d,sentiment_score
2018-06-18,12.31,2.92,107.26,108.4,106.69,108.18,86.58,9786800.0,0.0025949953660797664,0.2037574232119836,0.20206769509417008,0.22489279589871372,-1.4915873415788373e-06,-0.5688926538959541,-0.040000000000000036,-0.14000000000000012,0.2641949356901448
2018-06-19,13.35,2.89,106.9,107.88,106.6,107.55,86.08,12707200.0,-0.005823627287853683,0.2011218163437814,0.19845413259586905,0.22505754120277333,1.768709583793715e-08,-0.6285734569451151,-0.06999999999999984,-0.16999999999999993,0.6168699543628119
2018-06-20,12.79,2.93,108.18,108.64,107.44,107.54,86.07,8876900.0,-9.298000929791606e-05,0.20110300172236864,0.1984278550097287,0.22505337347089777,9.720925356948572e-07,-0.6319343134930664,-0.04999999999999982,-0.07999999999999963,0.762398769130255
2018-06-21,14.64,2.9,107.1,108.21,106.53,107.51,86.05,11048700.0,-0.00027896596615217817,0.19831629267857562,0.1947544742122491,0.22466831063710754,4.1868496490682364e-06,-0.6514120577490311,-0.040000000000000036,-0.08000000000000007,0.6717204035301906
2018-06-22,13.77,2.9,108.16,108.37,105.51,105.75,84.64,19478900.0,-0.016370570179518262,0.20485814591736223,0.1973204593849638,0.22572903487430293,-7.998347131277229e-08,-0.649212712823731,-0.03000000000000025,-0.03000000000000025,0.31527305188607374
2018-06-25,17.33,2.87,105.66,105.7,103.96,104.79,83.87,16907600.0,-0.009078014184397132,0.17439205006742356,0.19597641760577406,0.2260907413758174,7.834286020358405e-07,-0.729466742242802,-0.04999999999999982,0.06000000000000005,0.4044068713858524
2018-06-26,15.92,2.88,104.71,105.21,103.11,104.86,83.92,17086800.0,0.0006680026720107257,0.17039254897574152,0.19377069316816287,0.22596392025744658,-2.165793239417013e-06,-0.7471182349923944,-0.010000000000000231,0.10999999999999988,0.6370304968944113
2018-06-27,17.91,2.83,104.68,105.92,103.23,103.24,82.63,16276800.0,-0.015449170322334616,0.15441641446571736,0.1932672810640607,0.22643121495305812,-6.78460504999201e-08,-0.8385389026786734,-0.10000000000000009,-0.009999999999999787,0.4037839992754614
2018-06-28,16.85,2.84,103.68,105.46,103.51,104.93,83.98,14491300.0,0.016369624176675757,0.16317818435232473,0.195698677458217,0.22758859265082246,-3.0852828257266206e-06,-0.8583593408268121,-0.06000000000000005,0.009999999999999787,0.5079052833378773
2018-06-29,16.09,2.85,106.68,106.9,104.15,104.2,83.4,18972400.0,-0.00695701896502432,0.15580385857109935,0.18967905762028342,0.2264440471841831,9.300474581586116e-07,-0.8707705061281644,-0.04999999999999982,-0.040000000000000036,0.26105738561793523
2018-07-02,15.6,2.87,103.72,105.09,103.38,105.08,84.1,11130000.0,0.008445297504798388,0.15995026243227572,0.18879840846226764,0.22679640424171577,-1.6381522453867702e-06,-0.8761491679648516,0.0,-0.06999999999999984,0.29308068502520485
2018-07-03,16.14,2.83,105.41,105.78,103.52,103.61,82.92,8311700.0,-0.013989341454130222,0.16545222147503594,0.1860901194992999,0.22764220724248357,-2.718094962028683e-06,-0.8891195168849606,-0.04999999999999982,-0.08999999999999986,0.8167295819542013
2018-07-04,15.555,2.835,104.77,105.08,103.525,103.665,83.19,9517550.0,0.0005308367918155366,0.1364192544832983,0.18329553491314013,0.22741978867353924,0.0001317136462583579,-0.8767957600133498,0.004999999999999893,-0.13500000000000023,0.24967226496541697
2018-07-05,14.97,2.84,104.13,104.38,103.53,103.72,83.46,10723400.0,0.0005305551536196607,0.13458072139862634,0.17522979355871265,0.227383727106732,0.0002686150569887136,-0.8564823265680537,0.0,-0.0900000000000003,0.3143139464429399
2018-07-06,13.37,2.82,103.12,104.5,102.2,104.06,83.74,12173700.0,0.00327805630543776,0.13487797663359663,0.16709993523853214,0.2274421221721421,0.0002713831351343343,-0.7959713206902278,-0.03000000000000025,-0.11000000000000032,0.38230571767345967
2018-07-09,12.69,2.86,104.71,107.46,104.71,107.28,86.33,13900800.0,0.03094368633480693,0.1814911510482467,0.1794042322101999,0.23132197579845762,0.00027399637142160873,-0.7908118917851196,-0.010000000000000231,-0.10000000000000009,0.475235294208597
2018-07-10,12.64,2.87,108.02,108.4,106.53,106.62,85.8,14575900.0,-0.00615212527964204,0.18161220197146233,0.17979026256130604,0.2314693092137928,0.0002733931576014148,-0.776201011481975,0.040000000000000036,-0.08999999999999986,0.4839315144688889
2018-07-11,13.63,2.85,106.31,107.06,106.21,106.39,85.61,10186500.0,-0.002157193772275412,0.1816179417904663,0.17913151066253627,0.23066934411494786,0.0002727533134419979,-0.7990752195014916,0.015000000000000124,-0.1299999999999999,0.7051502740340132
2018-07-12,12.58,2.85,107.42,107.56,105.97,106.85,85.98,12456800.0,0.004323714634834053,0.17237399845598916,0.17328718135756482,0.23077626089533973,0.0002711607023734797,-0.7846612609281965,0.010000000000000231,-0.08999999999999986,0.4288468806757541
2018-07-13,12.18,2.83,107.3,107.8,105.14,106.36,85.59,21289100.0,-0.004585868039307384,0.1729758931487182,0.17344384941306254,0.23068631600830114,0.00027132759765567395,-0.7536612744315231,0.010000000000000231,-0.10000000000000009,0.11326936822746633
2018-07-16,12.83,2.85,107.05,110.77,106.98,110.58,88.98,24494500.0,0.039676570139149936,0.2246116733726633,0.19193831539051479,0.23796800565093862,0.00027037239012537293,-0.6977662925427905,-0.009999999999999787,-0.06999999999999984,0.9112567600799274
2018-07-17,12.06,2.86,110.69,110.93,109.75,110.5,88.92,14821900.0,-0.0007234581298607434,0.2232242688176736,0.19169492012743958,0.23759896527630184,0.0002703863178533106,-0.7197724624781571,-0.010000000000000231,-0.03000000000000025,0.47238509535761114
2018-07-18,12.1,2.88,110.42,112.12,110.2,111.53,89.75,14244900.0,0.009321266968325803,0.22485844444121436,0.19244340595873233,0.2378888754817504,0.0002721882907126438,-0.7297494004765303,0.029999999999999805,-0.050000000000000266,0.47862383211661635
2018-07-19,12.87,2.84,111.06,111.09,109.73,109.89,88.43,16775300.0,-0.014704563794494807,0.2324301393589584,0.19487663012995504,0.2383056787541392,0.00026970773094268653,-0.7467138800076454,-0.010000000000000231,-0.06000000000000005,0.3881851324427671
2018-07-20,12.86,2.89,110.0,111.74,109.78,111.28,89.55,13578100.0,0.012649012649012636,0.22608015001456802,0.19609975362239424,0.2369095077427375,0.0002712914184433701,-0.7482533910254712,0.06000000000000005,-0.009999999999999787,0.4368339677321759
2018-07-23,12.62,2.96,111.06,114.24,110.93,113.35,91.21,18140000.0,0.018601725377426215,0.2283789908279676,0.19919734729931124,0.22790913998928328,0.00026909646052015177,-0.7407471279192495,0.10999999999999988,0.08999999999999986,0.7025169821058606
2018-07-24,12.41,2.95,113.55,114.78,113.42,114.15,91.86,14000400.0,0.007057785619762003,0.22825730430917573,0.1996065762161793,0.22388022857234963,0.00027609341019925183,-0.7287045729225186,0.0900000000000003,0.07000000000000028,0.468734694255121
2018-07-25,12.29,2.94,113.88,115.52,113.38,115.18,92.68,13329100.0,0.009023215067893053,0.21631996915635499,0.19943872369860122,0.22404240386724125,0.0002673771170805583,-0.711881416513101,0.06000000000000005,0.10999999999999988,0.43618216138855226
2018-07-26,12.14,2.98,115.42,115.59,114.58,114.85,92.42,11897800.0,-0.0028650807431847003,0.2143544695254469,0.19901335978267373,0.2144675141035525,0.00027193321230015166,-0.7305460190127214,0.14000000000000012,0.14000000000000012,0.6403179618981627
2018-07-27,13.03,2.96,115.18,116.3,114.81,116.03,93.37,12802700.0,0.010274270787984374,0.2107150632591211,0.19884611822182185,0.21305987702469215,0.0002696268414544456,-0.6713597618536167,0.06999999999999984,0.10999999999999988,0.42880410766570237
2018-07-30,14.26,2.98,116.28,117.61,116.06,116.73,93.93,13411600.0,0.006032922520037953,0.21043769021715833,0.1984966205299035,0.21209851613336433,0.00027045231015917495,-0.5090729314263029,0.020000000000000018,0.10999999999999988,0.45967133705883984
2018-07-31,12.83,2.96,117.08,117.08,114.82,114.95,92.5,15843800.0,-0.015248864901910353,0.21201475825879168,0.1992264764826024,0.21314410228602856,0.00027381777276886397,-0.4147405613056468,0.009999999999999787,0.1299999999999999,0.40178537366547773
2018-08-01,13.15,3.0,115.75,116.69,115.28,115.66,93.07,13531600.0,0.006176598521095977,0.21127965195183776,0.1946651502467732,0.21069718793117764,0.00013690699656023763,-0.22847008151467044,0.06000000000000005,0.16500000000000004,0.4220638962836645
2018-08-02,12.19,2.98,114.57,116.25,114.33,116.15,93.47,11058100.0,0.004236555421061716,0.21051479327903352,0.19422976963412128,0.2106997959534665,4.278938175406033e-06,-0.014321926674229124,0.0,0.14000000000000012,0.25985712186840004
2018-08-03,11.64,2.95,116.0,117.13,115.94,117.09,94.22,11016100.0,0.008092983211364535,0.21045630863466322,0.1946787457343896,0.21073921778148355,-2.9739314263033114e-06,-0.024265744865006336,-0.009999999999999787,0.13000000000000034,0.26385565951388756
2018-08-06,11.27,2.94,116.79,117.53,116.18,117.12,94.25,9857400.0,0.000256213169356867,0.18934532078536884,0.19467923684542957,0.21073919686336018,8.438681184386176e-07,-0.14721841641361127,-0.040000000000000036,0.08000000000000007,0.2233351482446211
2018-08-07,10.93,2.98,117.74,118.29,117.33,117.55,94.59,10562100.0,0.0036714480874315836,0.18520562947675528,0.19402903463252827,0.21079688590263865,-2.9940694355024e-06,-0.2622274699916474,0.020000000000000018,0.10999999999999988,0.2749157179373626
2018-08-08,10.85,2.96,117.33,118.27,117.28,117.79,94.79,8997100.0,0.002041684389621601,0.18366016807166413,0.19400324695809532,0.21073594052633268,3.50283626782133e-06,-0.23754671418126969,-0.040000000000000036,0.10999999999999988,0.20626306592281493
2018-08-09,11.27,2.93,117.51,117.72,116.7,116.88,94.05,9694200.0,-0.0077256133797437565,0.18928663438905713,0.1946009452869276,0.21103366718876987,-4.955100566528259e-07,-0.2772723461935439,-0.04999999999999982,0.08000000000000007,0.7493097905109838
2018-08-10,13.16,2.87,115.5,115.95,114.68,115.73,93.13,12630600.0,-0.009839151266255897,0.19352529723866485,0.19267652893783005,0.20948317184609197,-1.1908209611721787e-07,-0.3301780550088777,-0.08000000000000007,0.040000000000000036,0.564054970772432
2018-08-13,14.78,2.88,115.56,115.88,113.82,113.89,91.65,10336300.0,-0.015899075434200327,0.1556172291931981,0.19483232256407945,0.20993594882944394,3.5774275430444645e-06,-0.30311790236073916,-0.06000000000000005,0.029999999999999805,0.734410260209764
2018-08-14,13.31,2.89,114.27,115.04,113.65,114.65,92.26,10597600.0,0.006673105628237863,0.15641480038458705,0.19468284804518823,0.2094839589825612,2.5643230382454974e-07,-0.3775921852081794,-0.08999999999999986,0.03000000000000025,0.30496289525842146
2018-08-15,14.64,2.86,113.82,114.33,112.97,113.7,91.49,10152100.0,-0.008286088094199728,0.15780244407464136,0.19522588372385227,0.2085652797621685,-3.405436369235959e-06,-0.46942878798508053,-0.10000000000000009,-0.020000000000000018,0.7133841150309216
2018-08-16,13.45,2.87,114.35,115.31,114.3,114.77,92.35,10118600.0,0.009410729991204958,0.14891625315709556,0.19463006146958645,0.2073617507760737,-3.7901211923707655e-06,-0.5557274817886397,-0.06000000000000005,0.03000000000000025,0.29907929660945637
2018-08-17,12.64,2.87,114.64,115.07,114.3,114.77,92.35,8505100.0,0.0,0.1438459380657778,0.19426976616240313,0.20735510208862318,-4.598515863418751e-06,-0.6515398805565729,0.0,-0.020000000000000018,0.5
2018-08-20,12.49,2.82,114.59,115.05,114.11,114.62,92.23,8618700.0,-0.0013069617495859998,0.12922363558050093,0.18196782613418191,0.20617716967341543,-1.049373756284444e-06,-0.6907313944904734,-0.06000000000000005,-0.14000000000000012,0.7970770888828973
2018-08-21,12.86,2.85,115.37,116.39,114.88,115.32,92.8,10976700.0,0.006107136625370657,0.12863516659255816,0.18043070665317096,0.2063607954319475,-8.25547273569649e-07,-0.7333958888848441,-0.040000000000000036,-0.10000000000000009,0.4709942143552857
2018-08-22,12.25,2.82,115.31,115.41,114.78,114.97,92.52,8314700.0,-0.0030350329517863095,0.12516401454493165,0.17505670261963752,0.20633581588553926,4.852932188542658e-06,-0.7256134208481418,-0.040000000000000036,-0.1200000000000001,0.7963294882157239
2018-08-23,12.41,2.82,114.96,115.15,114.43,114.73,92.32,9265400.0,-0.0020875010872400956,0.12496328902060207,0.17294683145607526,0.20636019172257872,-1.8595428199874587e-06,-0.7332044998536211,-0.050000000000000266,-0.16000000000000014,0.6886725403586504
2018-08-24,11.99,2.82,114.98,115.22,114.45,114.68,92.28,8845700.0,-0.000435805804933298,0.11889385615555388,0.1712243979515311,0.2020605935491621,-1.974967631462876e-06,-0.7025688111053642,-0.050000000000000266,-0.14000000000000012,0.7136255396480191
2018-08-27,12.16,2.85,115.22,117.28,115.17,116.71,93.92,13768000.0,0.01770143006627123,0.13375874631687415,0.1746064334454388,0.20365795366855766,3.2454298065809352e-06,-0.8406954879913623,0.03000000000000025,-0.1299999999999999,0.8309218259751536
2018-08-28,12.5,2.88,117.0,117.03,115.97,116.14,93.46,8302600.0,-0.004883900265615582,0.12266025040483436,0.17448781205384647,0.203031153488042,1.2905041428479259e-06,-0.8366587704725471,0.029999999999999805,-0.08000000000000007,0.7714747662646181
2018-08-29,12.25,2.89,116.35,116.37,115.36,115.76,93.15,7221700.0,-0.003271913208196975,0.12148469601171112,0.16853393738025968,0.20242514780270854,-2.501881311400833e-07,-0.8456898346235835,0.07000000000000028,-0.10999999999999988,0.8528062079189774
2018-08-30,13.53,2.86,115.59,116.04,114.98,115.19,92.69,8991800.0,-0.004923980649619963,0.12167028541286769,0.16881503614630472,0.20252707257797756,-4.019590354814584e-06,-0.839730125921911,0.040000000000000036,-0.1200000000000001,0.6341975607260282
2018-08-31,12.86,2.86,114.83,114.84,113.82,114.58,92.2,13065700.0,-0.00529559857626527,0.118535189672306,0.1692004745388547,0.2026614055302347,-1.359454438132346e-07,-0.8309229058465584,0.040000000000000036,-0.0900000000000003,0.13510076707747345
2018-09-03,13.085,2.89,114.4625,115.14,113.6775,115.0075,92.545,10897075.0,0.0037310176296037056,0.11968174240398971,0.16919815496771728,0.20240119745176313,-2.704299426192769e-06,-0.8152860886028069,0.040000000000000036,-0.04999999999999982,0.6301662926358761
2018-09-04,13.16,2.9,114.34,115.24,113.63,115.15,92.66,10174200.0,0.0012390496271983409,0.11876204185742753,0.16866643036126977,0.20240406375544592,6.642750336238734e-07,-0.774829313428241,0.020000000000000018,-0.08000000000000007,0.5295976581257726
2018-09-05,13.91,2.9,115.0,115.7,114.25,114.59,92.21,11462400.0,-0.004863221884498503,0.11894221264407025,0.1689706986462321,0.20252938964589784,-2.6239986347764697e-06,-0.7002204220271921,0.009999999999999787,-0.06000000000000005,0.309991937882539
2018-09-06,14.65,2.88,114.5,114.7,113.5,114.1,91.82,9877600.0,-0.004276114844227297,0.11710573815870477,0.1649320908864777,0.19321087257668645,3.805390630445826e-06,-0.6482432270697072,0.020000000000000018,-0.050000000000000266,0.5334647943868801
2018-09-07,14.88,2.94,114.5,114.77,113.63,114.32,91.99,10955600.0,0.0019281332164766685,0.11293655330309475,0.16488116572280184,0.18911191094903965,-2.9058688370442455e-06,-0.6779935713487777,0.08000000000000007,0.06999999999999984,0.6407533782152383
2018-09-10,14.16,2.94,114.85,114.97,113.66,113.71,91.5,8276900.0,-0.005335899230230923,0.09935084295883634,0.1653572607302694,0.184070018240466,-2.8131954868615417e-06,-0.6642597413145525,0.04999999999999982,0.06000000000000005,0.7293546042256643
2018-09-11,13.22,2.98,113.54,114.58,113.18,114.43,92.08,9333800.0,0.0063318969307890605,0.09905104926737078,0.16512748073770347,0.1819977607578075,-1.608571094835476e-06,-0.6595579078089574,0.08000000000000007,0.08999999999999986,0.4216735228358123
2018-09-12,13.14,2.97,114.25,114.88,112.85,113.08,91.0,10800800.0,-0.011797605523027221,0.10359090738929275,0.16721373735986644,0.18284959520676658,4.885683367567006e-06,-0.5241122451824438,0.07000000000000028,0.11000000000000032,0.3664532259335027
2018-09-13,12.37,2.97,113.37,114.13,112.67,113.52,91.35,12470800.0,0.0038910505836575737,0.09848855869258005,0.16730740374365216,0.18106650354649254,3.184293665020599e-06,-0.4199938515184085,0.0900000000000003,0.10000000000000009,0.8018036114665664
2018-09-14,12.07,2.99,113.81,114.49,113.23,113.5,91.33,10337900.0,-0.00017618040873845775,0.09847798820520924,0.16338789227770165,0.18091186777814477,1.0460298831282966e-06,-0.3064955650661909,0.050000000000000266,0.1200000000000001,0.4653452288246179
2018-09-17,13.68,2.99,113.79,114.43,113.3,113.84,91.61,9561300.0,0.002995594713656402,0.09921392502441694,0.16200183119903838,0.17963407519388053,4.167715550357221e-06,-0.3374545280873542,0.050000000000000266,0.17000000000000037,0.41492656418601964
2018-09-18,12.79,3.05,114.33,114.66,113.56,114.3,91.98,7944200.0,0.004040758959943824,0.0976972533230245,0.16208130525583625,0.17867179622519838,4.42092177710407e-07,-0.32570663080972584,0.06999999999999984,0.19999999999999973,0.23727761421656549
2018-09-19,11.75,3.08,114.44,118.06,114.44,117.62,94.65,16052800.0,0.02904636920384962,0.14245262878108605,0.16777293040148453,0.18219010767662017,-1.3403210169515845e-06,-0.4395825655927569,0.10999999999999988,0.26000000000000023,0.9318036547848461
2018-09-20,11.8,3.07,118.5,119.24,118.08,118.63,95.46,15590000.0,0.008586975004250874,0.14423537795217165,0.16571699342194593,0.18224129922516963,9.330081407854518e-07,-0.523219926189715,0.09999999999999964,0.25,0.8811879843803946
2018-09-21,11.68,3.07,119.13,119.23,117.74,117.85,94.83,24494500.0,-0.006575065329174734,0.14706615618274607,0.1656296536096913,0.1787107649573752,-4.2956338652255786e-07,-0.6111906346820842,0.07999999999999963,0.25,0.0341302104079565
2018-09-24,12.2,3.08,117.76,118.46,116.43,116.72,93.92,12492500.0,-0.009588459906661018,0.138617834044997,0.166801183062722,0.17855880675930144,-4.283282758299478e-06,-0.6101222874077777,0.08999999999999986,0.22999999999999998,0.4307548068410317
2018-09-25,12.42,3.1,117.04,117.97,116.32,116.39,93.66,9308300.0,-0.002827278958190571,0.13783892322489177,0.1638285863161279,0.1765419623238455,-6.289870421338772e-07,-0.6127752763079561,0.050000000000000266,0.2200000000000002,0.6372637687668932
2018-09-26,12.89,3.06,116.75,116.87,114.66,115.02,92.56,14023600.0,-0.01177077068476673,0.14380381873473777,0.1662196192761857,0.17565626875222226,2.9527996042888473e-06,-0.6075673360856664,-0.020000000000000018,0.16999999999999993,0.3556520769075943
2018-09-27,12.41,3.06,115.42,115.76,114.16,114.52,92.15,13283000.0,-0.004347070074769643,0.14357121472200352,0.16667707030177173,0.1721018417855723,-4.7158088524179574e-07,-0.5965225306137106,-0.009999999999999787,0.20000000000000018,0.4151537334873275
2018-09-28,12.12,3.05,113.65,114.24,112.52,112.84,90.8,15815100.0,-0.014669926650366705,0.15157127537886847,0.1699798681839754,0.16885414222097905,7.777492857519164e-08,-0.4999752182889695,-0.020000000000000018,0.18999999999999995,0.27516816575267433
2018-10-01,12.0,3.09,113.37,114.61,113.04,113.5,91.33,10146300.0,0.005848989719957398,0.15257962825158766,0.15876494278164954,0.16904153969358335,-1.0583839365418957e-06,-0.43934780323996003,0.009999999999999787,0.19999999999999973,0.3727679092259036
2018-10-02,12.05,3.05,113.36,114.12,112.81,113.97,91.71,13753100.0,0.004140969162995667,0.1533930935861734,0.1581879472553495,0.16913240805228,-2.533605724053256e-07,-0.4113182270786955,-0.050000000000000266,0.1499999999999999,0.5949790753518124
2018-10-03,11.61,3.15,114.94,115.66,114.48,115.04,92.57,17142000.0,0.00938843555321589,0.1562949502459468,0.1589217365379395,0.16918664891286891,-1.1402581144348555e-06,-0.41030895198141304,0.08999999999999986,0.25,0.7615960388914713
2018-10-04,14.22,3.19,114.55,116.81,114.21,115.27,93.41,16357400.0,0.001999304589707762,0.15547427944512293,0.15880747650503185,0.16626957860511227,0.00034955743717230423,-0.3590101553616978,0.1299999999999999,0.31000000000000005,0.7051338375191929
2018-10-05,14.82,3.23,115.83,116.1,114.02,114.62,92.88,13777600.0,-0.005638934675110563,0.15690192007958456,0.1589891305264218,0.16645310469961017,0.0003516255756381093,-0.3398070386271556,0.18000000000000016,0.29000000000000004,0.453779226444628
2018-10-08,15.69,3.215,114.25,115.78,113.35,115.32,93.45,14370900.0,0.006107136625370657,0.15682682548243243,0.13785683505137766,0.16649479370293416,0.0003526430998335217,-0.2067879703901243,0.125,0.2749999999999999,0.5669583533714361
2018-10-09,15.95,3.21,114.67,115.03,113.67,114.52,92.8,14069500.0,-0.006937218175511628,0.15763300595666083,0.1387233949166245,0.16667154792877084,0.0003513751568010759,-0.20491297744922543,0.16000000000000014,0.22999999999999998,0.4672640302381397
2018-10-10,22.96,3.22,114.7,114.95,111.47,111.47,90.33,23086400.0,-0.026632902549772908,0.17971559788878133,0.1483412424024488,0.17110332809220732,0.00034874922280129784,-0.48345328793947584,0.07000000000000028,0.25,0.10588957720358584
2018-10-11,24.98,3.14,110.97,111.47,107.38,108.13,87.62,24494500.0,-0.029963218803265468,0.20653183297033062,0.15781029264931062,0.17658045681697448,0.00034903243030300345,-0.737139963643681,-0.04999999999999982,0.16999999999999993,0.1141882606750635
2018-10-12,21.31,3.15,110.37,110.83,105.6,106.95,86.66,24494500.0,-0.01091279015999258,0.20854050538969313,0.156988811490482,0.17704563847101343,0.0003489660104447123,-0.8008148856340725,-0.08000000000000007,0.1599999999999997,0.14547485672579358
2018-10-15,21.3,3.16,107.2,108.85,106.32,106.34,86.17,18903200.0,-0.005703599812996729,0.2075706216444876,0.15210903600590356,0.17704805327108472,0.00034794604589042933,-0.8265522640183149,-0.054999999999999716,0.16999999999999993,0.35578947226466023
2018-10-16,17.62,3.16,107.16,108.78,106.73,108.62,88.02,19302800.0,0.0214406620274592,0.22427190065889563,0.15810832306616607,0.1797858891318184,0.0003494369920635121,-0.8213866492730661,-0.04999999999999982,0.11000000000000032,0.6456383005432121
2018-10-17,17.4,3.19,108.38,110.8,108.23,109.83,89.0,18794500.0,0.011139753268274655,0.1984368167972287,0.1587270395973728,0.1801190339235296,0.00035003437715365736,-0.8142375535869402,-0.03000000000000025,0.10999999999999988,0.6122695603065279
2018-10-18,20.06,3.17,109.02,109.84,107.81,108.09,87.59,17582500.0,-0.01584266593826822,0.1978994651274315,0.16166898966748827,0.18137578274486446,0.0003514769329878098,-0.8227531867354146,0.029999999999999805,0.10000000000000009,0.45687561581448155
2018-10-19,19.89,3.2,107.65,109.22,107.27,107.91,87.44,15234500.0,-0.0016652789342215257,0.19800615320876336,0.15996822548594547,0.18068332387116554,0.0003503467305514707,-0.8218938445137358,0.050000000000000266,0.13000000000000034,0.5636030315489083
2018-10-22,19.64,3.2,108.15,108.34,106.11,106.36,86.19,16199100.0,-0.014363821703271218,0.20040189029286617,0.16150587501227667,0.18143099077722558,0.0003541984211179905,-0.8086741674118838,0.040000000000000036,0.1200000000000001,0.5185189415735858
2018-10-23,20.71,3.17,104.2,106.16,103.7,105.25,85.29,21407500.0,-0.010436254230913877,0.20134691778315736,0.16005039059343348,0.18070427099186986,0.0003509491119503716,-0.7998435608829912,0.009999999999999787,0.06999999999999984,0.2507877384670474
2018-10-24,25.23,3.1,104.76,105.03,102.91,103.29,83.7,23168900.0,-0.018622327790973836,0.20584792506639482,0.16306495894346013,0.1796887868997667,0.0003486089002645132,-0.8248938488382807,-0.08999999999999986,0.040000000000000036,0.20200707847177687
2018-10-25,24.22,3.14,104.18,105.9,103.72,104.86,84.97,17464700.0,0.015199922548165379,0.21834194722560057,0.1663228606618701,0.1807522498041184,0.00035143710133165305,-0.8315981077708196,-0.029999999999999805,0.08000000000000007,0.48016531774753757
2018-10-26,24.16,3.08,104.0,104.56,102.73,103.42,83.8,19174900.0,-0.01373259584207509,0.21777647449611295,0.16687634242348778,0.18169044366315718,0.0003485530793316316,-0.8485643988901441,-0.1200000000000001,0.03000000000000025,0.42253916035074074
2018-10-29,24.7,3.08,104.46,106.63,103.7,104.85,84.96,18445200.0,0.01382711274415005,0.2244277446395291,0.16995362727573787,0.18290665792213473,0.0003499068473804323,-0.8558994659764748,-0.1200000000000001,-0.009999999999999787,0.5060373178810711
2018-10-30,23.35,3.12,105.71,106.98,104.86,106.7,86.46,18019700.0,0.01764425369575595,0.23565083328720668,0.17422883963597724,0.18451584477711333,0.0003494686339245323,-0.8500296305079421,-0.04999999999999982,0.07000000000000028,0.4581681075392946
2018-10-31,21.23,3.15,108.08,110.48,107.79,109.02,88.34,20860000.0,0.02174320524835993,0.24814373683897256,0.18052970674831653,0.18723837947432162,0.00035006269081475636,-0.826716826097328,0.04999999999999982,0.0,0.6527045850736203
2018-11-01,19.34,3.14,109.62,110.22,108.32,108.98,88.31,13065000.0,-0.00036690515501736076,0.24770792527028193,0.18002716653334125,0.18718375620911115,-1.6110430027138633e-06,-0.7910965060409761,0.0,-0.04999999999999982,0.82744121401518
2018-11-02,19.51,3.22,109.9,110.81,107.49,108.38,87.82,19009200.0,-0.005505597357313374,0.24768729328450487,0.17934668547297292,0.18588858756679066,-2.0161433300580623e-06,-0.7426077754127377,0.14000000000000012,-0.009999999999999787,0.48864171238366555
2018-11-05,19.96,3.2,108.61,109.29,108.42,109.09,88.4,10276400.0,0.006551024174201947,0.24790105664839074,0.1772866631942077,0.185648481681682,-8.454862871321023e-07,-0.6787170106266168,0.1200000000000001,-0.01499999999999968,0.09588153955384607
2018-11-06,19.91,3.22,108.67,109.67,107.76,109.6,88.81,10825000.0,0.00467503895865784,0.24866750050477457,0.17698088130186465,0.1854316467129144,-1.7632962971192433e-06,-0.5791745467702355,0.10000000000000009,0.010000000000000231,0.12844773371138285
2018-11-07,16.36,3.22,110.37,111.73,109.35,111.48,90.34,12679600.0,0.017153284671532987,0.23973011440753036,0.17997069213210576,0.18700828302440314,1.05036353774679e-06,-0.7793395036593617,0.07000000000000028,0.0,0.21313922819837622
2018-11-08,16.72,3.24,111.01,112.93,111.0,112.38,91.07,11662500.0,0.008073196986006392,0.21296472717114978,0.17968418781176915,0.18665050215174284,3.3697074839300623e-06,-0.8825915689577479,0.10000000000000009,0.10000000000000009,0.19400444378239942
2018-11-09,17.36,3.19,112.23,112.36,110.83,111.29,90.18,10432200.0,-0.009699234739277363,0.2120291909532014,0.18071438117905167,0.1870417962988141,1.8650343206694232e-06,-0.8908963619734694,-0.03000000000000025,0.040000000000000036,0.8310903765964901
2018-11-12,20.45,3.1525,111.42,111.94,108.6,108.95,88.29,13279700.0,-0.021026147901877956,0.22600092035419395,0.18556753102325524,0.18367630549018932,2.8612498116364904e-06,-0.8868028090733435,-0.04750000000000032,-0.007500000000000284,0.6862025324300932
2018-11-13,20.02,3.14,109.1,111.12,109.1,109.59,88.8,13746100.0,0.00587425424506649,0.21404892533718034,0.1855312354069089,0.18311751304236235,-3.398363203616084e-06,-0.8956012564409742,-0.08000000000000007,-0.020000000000000018,0.35524896069379575
2018-11-14,21.25,3.12,110.23,110.71,105.98,107.33,86.97,18361400.0,-0.02062231955470395,0.2226881210996285,0.1898932904204075,0.1826425038564785,-2.3800873077406415e-06,-0.8967668255574467,-0.10000000000000009,-0.06999999999999984,0.35493860356901086
2018-11-15,19.98,3.11,108.24,110.08,106.81,110.07,89.19,19100000.0,0.025528743128668596,0.2343713506344542,0.19754432601904615,0.18544890708339667,-2.5101511558101032e-06,-0.8915475041459012,-0.13000000000000034,-0.06000000000000005,0.6811892870129586
2018-11-16,18.14,3.08,109.45,110.76,108.55,109.99,89.13,13798600.0,-0.0007268102116834152,0.23425283695439572,0.19754410055158825,0.184524696122939,2.5624753490216534e-06,-0.8970731652255213,-0.10999999999999988,-0.1200000000000001,0.6385439128920527
2018-11-19,20.1,3.06,109.96,111.2,109.53,110.83,89.81,13987000.0,0.0076370579143558714,0.22797551380992634,0.1946123681949514,0.18483992466282756,-1.2872167361233088e-06,-0.9105915538776296,-0.0924999999999998,-0.14000000000000012,0.3798560876004301
2018-11-20,22.48,3.06,109.78,110.49,107.98,108.45,87.88,18936200.0,-0.02147433005503918,0.23915628625152982,0.1990240379404866,0.1873167287563701,-1.7856181250996972e-06,-0.929717550265035,-0.08000000000000007,-0.10999999999999988,0.3071704861048787
2018-11-21,20.8,3.06,109.03,109.61,107.64,107.64,87.22,10619600.0,-0.007468879668049766,0.229735175445419,0.19940840899307594,0.18452011355641335,-2.8527548397883075e-06,-0.9135997720220763,-0.06000000000000005,-0.040000000000000036,0.781136580378924
2018-11-22,21.16,3.055,107.885,108.5,106.85,107.145,86.82,8554000.0,-0.00459866220735794,0.22554624661192965,0.19938311134882264,0.1845328194237367,-9.076858182910375e-07,-0.8975621224990654,-0.054999999999999716,-0.08499999999999996,0.8337805535628199
2018-11-23,21.52,3.05,106.74,107.39,106.06,106.65,86.42,6488400.0,-0.004619907601847828,0.2198045627940857,0.19932759269856068,0.1845896271511934,1.603200162947349e-06,-0.885673576485091,-0.03000000000000025,-0.03000000000000025,0.8648443985287216
2018-11-26,18.9,3.07,107.72,109.98,107.45,109.26,88.54,13948300.0,0.024472573839662504,0.23062145249892702,0.2059062321258101,0.18800712199025388,3.7142329400552397e-06,-0.8394323475478638,0.009999999999999787,-0.010000000000000231,0.5041409516243504
2018-11-27,19.02,3.06,108.76,110.03,108.63,109.72,88.91,9238200.0,0.004210140948196939,0.2234795183321321,0.20612005403433245,0.18792002172438754,1.6128012084948296e-06,-0.8137797971672803,0.0,-0.06000000000000005,0.25794879854733244
2018-11-28,18.49,3.06,109.8,111.4,108.87,110.94,89.9,13977300.0,0.011119212541013557,0.21367667045450986,0.20734730990868894,0.18857997551373853,2.3396664890373843e-06,-0.8296011522844273,0.0,-0.08999999999999986,0.5609722442823505
2018-11-29,18.79,3.03,110.27,110.8,109.64,110.06,89.19,11144300.0,-0.007932215612042492,0.21597455137644944,0.20777000111508356,0.18716055309669316,2.7151482812182158e-06,-0.8355338678308851,-0.025000000000000355,-0.11000000000000032,0.6259963806330943
2018-11-30,18.07,3.01,109.85,111.32,109.58,111.19,90.1,18652700.0,0.010267127021624578,0.21733160388044212,0.20888890440823574,0.1877126479362407,1.7021115264803654e-06,-0.8544460060851664,-0.040000000000000036,-0.2100000000000004,0.8297308938012375
2018-12-03,16.44,2.98,112.38,112.89,111.74,112.24,90.95,16034500.0,0.009443295260365137,0.21848558109886138,0.20958520012976245,0.18815027967886172,-1.4124950589722296e-06,-0.8730121661813703,-0.08999999999999986,-0.2200000000000002,0.6837674796363792
2018-12-04,20.74,2.91,111.6,111.6,106.73,107.23,86.89,23555900.0,-0.04463649322879537,0.27247017990887984,0.2280848002953698,0.19895540451136393,2.5145762674316783e-07,-0.873258638121119,-0.1499999999999999,-0.31000000000000005,0.09142095791444964
2018-12-05,20.965,2.89,108.305,108.48,104.805,106.21,86.065,24494500.0,-0.009512263359134687,0.2653171101566967,0.22766958430163237,0.1994377041814196,-2.5275729592433293e-06,-0.8609350267430572,-0.16999999999999993,-0.33000000000000007,0.11109155428039798
2018-12-06,21.19,2.87,105.01,105.36,102.88,105.19,85.24,24494500.0,-0.009603615478768424,0.2635782933212199,0.2281251606179984,0.19991999477582162,-1.9934758802908624e-06,-0.8213240352130959,-0.1599999999999997,-0.3700000000000001,0.14385498968763788
2018-12-07,23.23,2.85,105.16,106.98,102.91,103.29,83.7,19248600.0,-0.01806255347466479,0.2679620729765227,0.2307234466018648,0.2002263456972925,1.5080312378679129e-06,-0.847697016046046,-0.1599999999999997,-0.33999999999999986,0.33063104125504916
2018-12-10,22.64,2.85,102.87,103.49,99.28,101.36,82.14,23636400.0,-0.01868525510698038,0.26606353346794454,0.23319805158152518,0.20161604028073465,4.3984455432855005e-07,-0.8452436343227878,-0.1299999999999999,-0.30249999999999977,0.2011690819770435
2018-12-11,21.76,2.89,103.13,103.66,100.21,100.37,81.33,16860700.0,-0.009767166535122329,0.26456684578112016,0.23343092407400245,0.2020877541958833,5.543754189152317e-07,-0.8076859161622376,-0.020000000000000018,-0.25,0.4722552545689975
2018-12-12,21.46,2.91,101.66,102.9,100.06,101.02,81.86,22621500.0,0.0064760386569691075,0.25977004843094026,0.22501710685849624,0.2010988575797034,1.8468651760028542e-06,-0.7913468612833436,0.020000000000000018,-0.20999999999999996,0.749776550978009
2018-12-13,20.65,2.91,101.55,101.97,100.67,101.12,81.94,17250900.0,0.0009899029895070743,0.2378335467428124,0.2239641226174993,0.19966117184993307,1.3478770421071484e-06,-0.7567300245673831,0.040000000000000036,-0.19999999999999973,0.5391014124138308
2018-12-14,21.63,2.89,99.99,101.94,99.86,100.29,81.27,19879500.0,-0.008208069620253111,0.23789894211000004,0.22411412331454303,0.1997586430974721,2.2217948565939062e-07,-0.7435995656325219,0.040000000000000036,-0.18999999999999995,0.36081218288592964
2018-12-17,24.52,2.86,99.77,100.56,98.44,99.01,80.23,24494500.0,-0.012762987336723541,0.23510203120740708,0.22463154598443658,0.20016973847113564,-1.1081603580209709e-06,-0.7967819490067213,0.009999999999999787,-0.20000000000000018,0.22215653828442972
2018-12-18,25.58,2.82,99.42,100.89,98.12,98.54,79.85,20837200.0,-0.004746995253004704,0.22741658976224646,0.2246728336479504,0.1992888007934959,2.1606451803823922e-07,-0.8712936834969329,-0.07000000000000028,-0.2400000000000002,0.353598417707845
2018-12-19,25.58,2.77,98.41,100.58,96.6,97.29,78.84,24494500.0,-0.012685203978079929,0.2290128019777167,0.22483876270208752,0.20008519445925507,4.147527224318548e-06,-0.8947343061677578,-0.14000000000000012,-0.29000000000000004,0.24767130272183252
2018-12-20,28.38,2.79,96.61,98.28,95.69,96.45,78.16,24494500.0,-0.008633980881899483,0.22938018903098223,0.2251453790720547,0.20043054343644343,3.966477523964507e-06,-0.9001797932604844,-0.1200000000000001,-0.2650000000000001,0.26447649225395564
2018-12-21,30.11,2.79,96.68,98.43,93.69,94.17,76.31,24494500.0,-0.023639191290824257,0.23855552421287926,0.22790557924877533,0.20312612409658512,1.783017735074166e-06,-0.9143572636154875,-0.10000000000000009,-0.2599999999999998,0.272734201446882
2018-12-24,35.49250000000001,2.74,92.89,94.22,92.14,92.14,74.66,17009300.0,-0.021556759052776875,0.215132127509701,0.23031575261912607,0.20000264095403272,-4.436779837346805e-06,-0.900085117119222,-0.11999999999999966,-0.3299999999999996,0.6449261319354613
2018-12-25,33.24,2.7750000000000004,92.79,95.09,91.625,94.05,76.21000000000001,19776100.0,0.020729324940308214,0.23504093597414183,0.23508441037633063,0.20236943988708844,-1.3404690313967294e-06,-0.9014013583833653,-0.044999999999999485,-0.2849999999999997,0.463212977154562
2018-12-26,30.41,2.81,92.69,95.96,91.11,95.96,77.76,22542900.0,0.020308346624136053,0.24670600217077482,0.23859876148463052,0.20469427132149937,-6.344799821755843e-07,-0.9033325502362736,0.040000000000000036,-0.25,0.6132663054552803
2018-12-27,29.96,2.77,94.82,97.15,93.55,97.04,78.63,20304700.0,0.01125468945393937,0.25511641446877237,0.24016038073744628,0.2053055122887589,-5.659802912849621e-06,-0.9010241691747801,-0.020000000000000018,-0.2599999999999998,0.4218263349588914
2018-12-28,28.34,2.72,97.95,98.32,96.44,96.83,78.46,17963300.0,-0.0021640560593571,0.24822849938396283,0.24008754968846893,0.20523890764622404,-2.381156852404587e-06,-0.901159096605902,-0.06999999999999984,-0.2899999999999996,0.7436863593804365
2018-12-31,25.42,2.69,97.59,98.81,96.77,97.62,79.1,13237200.0,0.00815862852421767,0.2471549454228035,0.24044531183061477,0.19702656082282563,-1.9985146336332084e-06,-0.8868525399861188,-0.050000000000000266,-0.29000000000000004,0.08824322214412472
2019-01-01,24.32,2.675,96.77,99.295,96.355,98.465,79.785,14454050.0,0.008656013112067207,0.20841271252259463,0.24138234683891485,0.1975187935951139,-1.6257138534370164e-06,-0.8924375248348678,-0.10000000000000053,-0.23500000000000032,0.1533720743221657
2019-01-02,23.22,2.66,95.95,99.78,95.94,99.31,80.47,15670900.0,0.008581729548570616,0.21212783614734265,0.23703188960178806,0.19744077458151074,-2.318536614909217e-06,-0.9045490186445944,-0.1499999999999999,-0.22999999999999998,0.2252256054804019
2019-01-03,25.45,2.56,98.64,98.89,96.69,97.11,79.33,16286400.0,-0.022152854697412128,0.2215660676661991,0.2335854954746426,0.19883451082966977,0.00040513130039947497,-0.9192673426529748,-0.20999999999999996,-0.31000000000000005,0.7246639549390369
2019-01-04,21.38,2.67,99.11,100.93,98.28,100.69,82.25,16935200.0,0.036865410359386175,0.25780779756577443,0.24572900460688651,0.20533293098086622,0.00040258367652933893,-0.9602806942169606,-0.050000000000000266,-0.18000000000000016,0.32200395994828773
2019-01-07,21.4,2.7,100.43,101.47,99.71,100.76,82.31,15430700.0,0.0006952030986195901,0.24936370854894846,0.2455431077625239,0.20338964585649266,0.0004018883850552768,-0.9685722382695386,0.010000000000000231,-0.1499999999999999,0.26000966255781655
2019-01-08,20.47,2.73,101.63,101.82,99.55,100.57,82.16,13578800.0,-0.0018856689162367601,0.2469020162269593,0.24114094017889395,0.20306138013032296,0.0004098075513727928,-0.9680824984094165,0.05500000000000016,-0.16000000000000014,0.80787477110463
2019-01-09,19.98,2.74,100.81,101.49,99.93,100.4,82.02,14230300.0,-0.001690364919956111,0.24585439727038125,0.23977343805859444,0.202537290653099,0.0004071070088577655,-0.966744207383244,0.08000000000000007,-0.16999999999999993,0.7579791898856808
2019-01-10,19.5,2.74,100.02,100.73,99.27,100.39,82.01,14376100.0,-9.960159362554233e-05,0.2458152064594764,0.2378815395687008,0.20252483011590136,0.0004066215144767904,-0.9635788904306577,0.18000000000000016,-0.16999999999999993,0.7385804847171923
2019-01-11,18.19,2.71,99.89,100.17,98.95,99.91,81.62,15439900.0,-0.004781352724374965,0.24464175544751718,0.23799771931415428,0.20191797879707044,0.00040633875348868866,-0.9502985444860914,0.040000000000000036,-0.18000000000000016,0.6701604559485898
2019-01-14,19.07,2.71,98.87,101.36,98.66,100.94,82.46,21258500.0,0.010309278350515427,0.24247294590687615,0.23752762178025608,0.20233547836992338,0.0004071786401217248,-0.9556900185966027,0.009999999999999787,-0.1499999999999999,0.692663473014075
2019-01-15,18.6,2.72,98.89,102.47,98.6,101.68,83.06,24494500.0,0.007331087774915979,0.242416098521006,0.23722723903497203,0.2016434651291068,0.00040392381339269813,-0.9615031129933993,-0.009999999999999787,-0.09999999999999964,0.820908330432151
2019-01-16,19.04,2.73,102.25,103.45,101.8,102.5,83.73,18533000.0,0.008064516129032251,0.2372418244684268,0.23479485876474876,0.20180309174405203,0.00040217230756635635,-0.9602153854365013,-0.010000000000000231,-0.040000000000000036,0.5334607018818182
2019-01-17,18.06,2.75,102.11,103.5,101.92,102.92,84.08,14247600.0,0.00409756097560976,0.23343608421659448,0.23281505395216193,0.20179566251437497,0.0004058327960588526,-0.959708754722772,0.009999999999999787,-0.040000000000000036,0.284995892408553
2019-01-18,17.8,2.79,103.77,104.9,102.83,104.59,85.44,16428700.0,0.016226195102992724,0.21441089380093098,0.2334749382689302,0.2029066511047812,0.000404864230094093,-0.9493705431828786,0.08000000000000007,0.0,0.44616585233400086
2019-01-21,20.05,2.7525000000000004,103.2525,103.9175,102.305,103.3525,84.42750000000001,16919950.0,-0.01183191509704562,0.20055757936387147,0.23304395892450422,0.2035211572614897,0.00040727861598454095,-0.9168140256077373,0.042500000000000426,0.012500000000000178,0.5147106145863108
2019-01-22,20.8,2.74,103.08,103.59,102.13,102.94,84.09,17083700.0,-0.003991195181539009,0.19533425965209253,0.2301951837017974,0.20345481183462688,0.0004054205549959278,-0.8736800376483586,0.020000000000000018,-0.03500000000000014,0.49086297803367707
2019-01-23,19.52,2.76,103.44,103.7,101.97,102.68,83.88,12146700.0,-0.002525743151350235,0.1876405639572146,0.22550705314414637,0.20341673879744449,0.00040536556144282754,-0.8475932999290648,0.029999999999999805,-0.050000000000000266,0.8096028209322387
2019-01-24,18.89,2.72,102.13,103.09,101.94,102.74,83.93,11296800.0,0.0005843396961431324,0.18556981520908344,0.22552505819250193,0.20319658973928528,0.0004092366489381827,-0.8421903310640947,-0.029999999999999805,-0.04999999999999982,0.17553211444456665
2019-01-25,17.42,2.76,103.51,104.31,102.74,103.39,84.46,14369400.0,0.006326649795600492,0.18492949336623224,0.2257926100093698,0.20305653812739544,0.0004085454053713855,-0.8211611763878567,-0.03000000000000025,0.03999999999999959,0.382283179645155
2019-01-28,18.87,2.75,102.89,104.24,102.59,103.88,84.86,12283100.0,0.004739336492890933,0.1841461406571388,0.22557503024938555,0.20201904310610622,0.00040845750137845084,-0.7783645793998452,-0.002500000000000391,0.06000000000000005,0.2432287272092212
2019-01-29,19.13,2.72,103.88,105.11,103.73,104.17,85.1,9743300.0,0.002791682710820309,0.183004489819805,0.2254157567096691,0.20179781153983437,0.00041008379111750484,-0.7275287058605955,-0.020000000000000018,0.04500000000000037,0.1505888487435415
2019-01-30,17.66,2.7,104.14,105.24,103.78,104.41,85.29,12526300.0,0.002303926274359158,0.18176407716368184,0.22241343090471188,0.20154016188848,0.0004063384661971259,-0.715597232791574,-0.05999999999999961,0.040000000000000036,0.30247509668389994
2019-01-31,16.57,2.63,103.41,103.8,102.73,103.5,84.55,17520600.0,-0.008715640264342461,0.16279259667781026,0.22215106326562029,0.2013394952528552,-2.6613466780345264e-08,-0.5089222794080381,-0.0900000000000003,0.06999999999999984,0.35355187232253416
2019-02-01,16.14,2.7,104.0,104.85,103.52,103.88,84.86,13000800.0,0.0036714975845411058,0.10381512451228134,0.2216747446890951,0.20143992984848225,2.4783777393400097e-06,-0.49855201947596234,-0.05999999999999961,0.03000000000000025,0.3435570117492722
2019-02-04,15.73,2.73,103.79,104.25,103.01,104.25,85.16,9871500.0,0.0035618020793224403,0.10398924803755456,0.2179069222327526,0.20153498449882068,-5.581048487246498e-07,-0.49363160009829016,-0.020000000000000018,0.029999999999999805,0.19952424613543857
2019-02-05,15.57,2.71,104.52,104.55,103.29,103.79,84.79,12763000.0,-0.004412470023980708,0.10552808597325938,0.2176126688358048,0.20135793406765712,-3.2822331577087025e-07,-0.4550140826503581,-0.010000000000000231,-0.020000000000000018,0.6425734850286835
2019-02-06,15.38,2.7,103.71,104.62,103.47,103.74,84.75,8745000.0,-0.0004817419789961974,0.10511497167282079,0.2136605984522789,0.20133184561190265,8.539473334290282e-07,-0.4122581882192469,0.0,-0.040000000000000036,0.8175462581307477
2019-02-07,16.37,2.65,103.25,103.5,101.44,102.38,83.64,13177500.0,-0.013109697320223601,0.1174247561476593,0.2081764041291982,0.2021159319621184,2.595866547211445e-06,-0.3158633184531577,0.020000000000000018,-0.0900000000000003,0.5885604504011177
2019-02-08,15.72,2.63,102.08,102.34,100.06,101.36,82.8,12892600.0,-0.009962883375659315,0.12215800089619895,0.20896065370267866,0.20254385479675963,-2.75033843357142e-06,-0.20082823778236028,-0.07000000000000028,-0.08000000000000007,0.59788114120297
2019-02-11,15.97,2.65,101.76,102.01,100.77,100.88,82.41,10978500.0,-0.0047355958958169575,0.11814877234891018,0.20824390049826014,0.20077110110554133,-5.96599424668165e-07,0.018789525016925195,-0.08000000000000007,-0.06000000000000005,0.690951116747589
2019-02-12,15.43,2.68,101.95,102.92,101.89,102.6,83.82,12852300.0,0.01704996034892936,0.1305379711532522,0.20741134569498443,0.2024130083899191,5.055796727887474e-06,0.10580132354406946,-0.029999999999999805,-0.040000000000000036,0.45299115445744287
2019-02-13,15.65,2.71,102.9,103.85,102.9,103.09,84.22,10754100.0,0.004775828460038989,0.12851073404084506,0.2072577343319753,0.20255357697164172,4.7754744118666535e-06,0.15028680755448137,0.009999999999999787,-0.020000000000000018,0.2918185604290362
2019-02-14,16.22,2.66,102.47,103.1,101.35,102.42,83.67,11518500.0,-0.0064991754777379285,0.12987491683798422,0.20744946355833446,0.2026329446729308,-9.120131255258013e-07,0.18082319699769372,0.010000000000000231,-0.08999999999999986,0.628882681953016
2019-02-15,14.91,2.66,103.9,105.7,103.66,105.55,86.23,14716900.0,0.030560437414567376,0.1603330764647874,0.2168998675026572,0.20758643420584597,3.3477093405009926e-06,-0.008311690978961905,0.03000000000000025,-0.1299999999999999,0.6926383539947277
2019-02-18,14.8875,2.6525,104.6575,105.4525,103.7725,105.2725,85.9975,13252900.0,-0.0026290857413547863,0.1541498300535494,0.21082226718995398,0.2075100919171445,9.156624837192151e-07,-0.12060651942937327,0.0024999999999999467,-0.10000000000000053,0.42383215111607253
2019-02-19,14.88,2.65,104.91,105.37,103.81,105.18,85.92,12764900.0,-0.0008786720178582952,0.15321561605961984,0.21059113124132472,0.20749191638872305,1.0596348117841715e-07,-0.1689250614173467,-0.03000000000000025,-0.0900000000000003,0.44783415467443133
2019-02-20,14.02,2.65,105.21,105.8,104.88,105.69,86.34,10030300.0,0.00484883057615515,0.1531239434874146,0.209487713047595,0.2075535552984719,6.437865030073376e-07,-0.2364404700759879,-0.06000000000000005,-0.10999999999999988,0.2484658224220045
2019-02-21,14.46,2.69,105.45,105.99,104.96,105.47,86.16,8400100.0,-0.002081559277131273,0.15362453536125475,0.20897010836038163,0.2074953466467465,-1.0479524888973302e-07,-0.2572034379426357,0.029999999999999805,-0.03000000000000025,0.8458580615688069
2019-02-22,13.51,2.65,105.7,106.09,104.78,105.0,85.78,10647300.0,-0.004456243481558708,0.15376541137928929,0.2078680432299504,0.2075388061155425,2.787130289627626e-06,-0.3037781840100301,-0.010000000000000231,-0.10999999999999988,0.6450963499142935
2019-02-25,14.85,2.67,105.75,107.27,105.69,106.1,86.67,11230700.0,0.010476190476190528,0.15702029876783957,0.20809757343613566,0.20804284416753066,-2.033645007554208e-06,-0.3830049163037205,0.01750000000000007,-0.08000000000000007,0.4258288877498986
2019-02-26,15.17,2.64,104.5,105.47,103.94,105.29,86.01,15465400.0,-0.007634307257304296,0.15986939464484004,0.18765809412370663,0.20805722823267564,-2.885640510125187e-06,-0.5439691041344218,-0.009999999999999787,-0.08000000000000007,0.18363797429777406
2019-02-27,14.7,2.69,105.18,105.38,104.51,105.16,85.91,9968800.0,-0.0012346851552854643,0.15985749990479214,0.18667457959829034,0.2074163388135889,4.275045519525067e-06,-0.7078087363265664,0.040000000000000036,-0.010000000000000231,0.7124381102091653
2019-02-28,14.78,2.73,105.01,105.21,104.18,104.36,85.25,15156900.0,-0.007607455306199995,0.1590652830832101,0.18628484287651054,0.20756773615181026,-1.4891262518412773e-06,-0.7310946972729908,0.040000000000000036,0.10000000000000009,0.1664098787975981
2019-03-01,13.57,2.76,105.1,105.91,104.2,104.43,85.31,13813300.0,0.0006707550785742811,0.15861800985261393,0.18247142208988906,0.20757516492740805,4.131100821591627e-07,-0.697098419463985,0.10999999999999988,0.05999999999999961,0.7130894261816751
2019-03-04,14.63,2.72,104.92,105.92,103.27,104.19,85.11,12466300.0,-0.002298190175237136,0.1583888726364486,0.17825084071929315,0.2075222476190124,-5.785903835042739e-07,-0.7110869980651617,0.050000000000000266,-0.009999999999999787,0.4515759710454108
2019-03-05,14.74,2.72,104.13,104.55,103.26,104.11,85.05,10856600.0,-0.0007678280065265275,0.15756291368983272,0.17698198161076817,0.2074088887153207,-8.336421730037457e-07,-0.7113516436207866,0.08000000000000007,0.010000000000000231,0.6373270265111501
2019-03-06,15.74,2.69,103.86,104.57,103.55,103.72,84.73,9070800.0,-0.003746037844587491,0.1581751740182459,0.1767895911053746,0.20284545670385223,-2.1591285439881424e-06,-0.7056637910784107,0.0,-0.010000000000000231,0.8152288588297745
2019-03-07,16.59,2.64,103.25,103.47,102.16,102.97,84.12,12705700.0,-0.00723100655611264,0.15298604018088122,0.1774937500190226,0.20256282925513097,-1.190035411635648e-06,-0.6775352991214248,-0.08999999999999986,-0.009999999999999787,0.4082126876425622
2019-03-08,16.05,2.62,101.99,103.23,101.99,103.01,84.15,10582400.0,0.00038846265902692245,0.1480820950577708,0.1765926739151547,0.2024154245228273,1.2673624071257717e-06,-0.6871056788811305,-0.13999999999999968,-0.009999999999999787,0.3433644351703507
2019-03-11,14.33,2.64,103.98,104.55,103.66,104.35,85.24,9763200.0,0.013008445781962807,0.1525354716802846,0.17621912020777938,0.20304235664229098,-2.7449679207092182e-06,-0.6659134028451866,-0.08000000000000007,-0.009999999999999787,0.2672143276745558
2019-03-12,13.77,2.61,104.59,104.79,103.75,104.04,84.99,10219100.0,-0.002970771442261544,0.1420721717569934,0.17601192546348704,0.2030454194030849,-3.7762386678852343e-06,-0.60487080465458,-0.11000000000000032,-0.07000000000000028,0.6710863991685393
2019-03-13,13.41,2.61,104.19,104.98,103.95,104.39,85.28,13022200.0,0.0033640907343328585,0.14162725978759924,0.17375413640259954,0.20250591740382543,-1.1965215134412954e-06,-0.5281670811343127,-0.08000000000000007,-0.10000000000000009,0.647196908096759
2019-03-14,13.5,2.63,104.5,105.87,104.46,105.34,86.05,10926500.0,0.009100488552543418,0.14198699112794122,0.17325304726741972,0.2029340356071993,-3.1574733286465763e-06,-0.44640610262164715,-0.010000000000000231,-0.03000000000000025,0.40061145705930445
2019-03-15,12.88,2.59,105.41,106.8,105.23,106.55,87.04,24494500.0,0.01148661477121693,0.1000633105497302,0.16627331906022635,0.20263746748643405,-3.99601735572852e-06,-0.5767893961477624,-0.03000000000000025,-0.07000000000000028,0.9715670945771513
2019-03-18,13.1,2.6,106.55,107.79,106.5,107.19,87.56,12935500.0,0.0060065696855935435,0.10118160773137576,0.15894724513723418,0.20264788151665145,-2.2331834347633083e-06,-0.6490313860350779,-0.040000000000000036,-0.05249999999999977,0.5510031442518685
2019-03-19,13.56,2.61,108.2,108.4,106.55,106.8,87.25,12889300.0,-0.003638399104394119,0.10230108961593451,0.15485112962360528,0.20259265043235725,3.8100271481711356e-06,-0.6741431347923728,0.0,-0.040000000000000036,0.4527571834741038
2019-03-20,13.91,2.54,106.43,106.65,104.41,104.52,85.38,14920700.0,-0.02134831460674158,0.12762524550123322,0.15751723307821905,0.2043174831403859,-2.461844918105749e-06,-0.6594450578260722,-0.06999999999999984,-0.10999999999999988,0.33111040267998076
2019-03-21,13.63,2.54,103.49,103.49,102.28,102.87,84.04,19751000.0,-0.01578645235361642,0.13863772702685007,0.16007293075000223,0.2054394111671681,2.368807970537512e-06,-0.5597214061771169,-0.08999999999999986,-0.1499999999999999,0.14001075179158962
2019-03-22,16.48,2.44,101.82,102.32,99.52,99.76,81.5,24494500.0,-0.030232332069602408,0.17265841449261377,0.1723260602464868,0.2096968796917922,5.112404165064089e-07,-0.6630523362908847,-0.1499999999999999,-0.20999999999999996,0.08158222173870623
2019-03-25,16.33,2.43,99.59,100.57,98.09,98.93,80.82,21032300.0,-0.008319967923015259,0.16671161400679899,0.17252937374822058,0.2096934651384274,4.310147966485323e-06,-0.739607236479395,-0.16999999999999993,-0.23999999999999977,0.18966527156541835
2019-03-26,14.68,2.41,99.82,100.4,98.82,99.92,81.63,15987100.0,0.010007075710098068,0.17248511743255882,0.17283147914064242,0.21014716782921103,4.094252369307716e-06,-0.7128571200996981,-0.19999999999999973,-0.22999999999999998,0.5913082699915493
2019-03-27,15.15,2.39,99.88,100.45,99.08,99.58,81.35,12753200.0,-0.003402722177742179,0.17243627375992307,0.17212313589272285,0.20682828891098684,-8.858231939523619e-07,-0.7100075358814502,-0.1499999999999999,-0.2999999999999998,0.5881050028854294
2019-03-28,14.43,2.39,100.0,100.8,99.74,100.71,82.27,12454100.0,0.011347660172725371,0.17826025089628889,0.1672452121468484,0.2031475477684086,9.89568380382888e-07,-0.6880627384135022,-0.1499999999999999,-0.33999999999999986,0.40361903381466036
2019-03-29,13.71,2.41,101.54,101.99,100.59,101.23,82.7,14523400.0,0.005163340283983908,0.17976570881798767,0.14962472724036097,0.2027397857473291,2.4891586111963627e-06,-0.6320686108506338,-0.029999999999999805,-0.34999999999999964,0.5125046789969141
2019-04-01,13.4,2.49,102.15,104.68,102.12,104.64,85.48,17499300.0,0.03368566630445513,0.2187750925522387,0.16467300182239947,0.2085017556693342,1.4094546426257625e-06,-0.6450926700972618,0.06000000000000005,-0.22999999999999998,0.6537682254177233
2019-04-02,13.36,2.48,104.6,105.44,104.33,105.14,85.89,10295400.0,0.004778287461773667,0.2192992702475074,0.16479534649723684,0.2062510822464827,-8.323684032751632e-07,-0.6645825127870777,0.06999999999999984,-0.2400000000000002,0.2884444277985307
2019-04-03,13.74,2.52,105.81,106.36,104.79,105.35,86.06,11499200.0,0.001997336884154377,0.2187424542110099,0.16473120118215637,0.20561233403308382,-9.07787664483628e-07,-0.7037429818040305,0.1299999999999999,-0.16999999999999993,0.3342763349226377
2019-04-04,13.58,2.51,104.55,105.73,104.45,105.56,86.89,11952100.0,0.0019933554817277432,0.2166520463088555,0.16473522886345188,0.20437134771290622,0.00037929018836679873,-0.7758252331486322,0.11999999999999966,-0.13000000000000034,0.3592347412898276
2019-04-05,12.82,2.5,105.8,106.11,104.99,105.31,86.69,9933700.0,-0.0023683213338385745,0.2170318489380972,0.16445438692737271,0.20438517921942675,0.0003842169591712741,-0.8357616835453687,0.08999999999999986,-0.1200000000000001,0.7321742709882031
2019-04-08,13.18,2.52,105.11,105.65,104.91,105.65,86.97,8056300.0,0.0032285632893362948,0.2127037900031311,0.16336621974774343,0.20337653606239584,0.00038701728875883967,-0.850322912402488,0.029999999999999805,-0.1200000000000001,0.20381351557307287
2019-04-09,14.28,2.51,105.08,105.2,104.25,104.87,86.33,9092200.0,-0.00738286796024612,0.21428563472559597,0.1636412662783221,0.20309185387226197,0.0003863271992375794,-0.8358043105538743,0.029999999999999805,-0.10000000000000009,0.7533955054098267
2019-04-10,13.3,2.48,105.13,105.72,104.47,105.34,86.71,10882300.0,0.004481739296271492,0.2145214656233505,0.16310399745540655,0.2013455668471647,0.0003799480938011135,-0.8397727086858106,-0.040000000000000036,-0.1299999999999999,0.32935354884657414
2019-04-11,13.02,2.51,105.71,106.73,105.56,106.23,87.44,11183800.0,0.008448832352382807,0.21418877334860717,0.16375556018285817,0.20051958946117768,0.0003820005975580909,-0.8448914029275746,0.0,-0.1200000000000001,0.34239954068010114
2019-04-12,12.01,2.56,109.44,111.85,108.88,111.21,91.54,24494500.0,0.04687941259531203,0.26826864119384275,0.18670643673430612,0.21059376483616443,0.0003815668094655111,-0.8609631475723981,0.06000000000000005,-0.029999999999999805,0.8915933276850259
2019-04-15,12.32,2.55,110.92,111.0,109.12,109.94,90.5,15163800.0,-0.011419836345652357,0.27215871633164745,0.18658648717653964,0.21043722307807478,0.0003861404462935869,-0.8713899383275925,0.029999999999999805,-0.050000000000000266,0.4626400431350382
2019-04-16,12.18,2.6,109.9,111.39,109.86,111.1,91.45,11583200.0,0.010551209750773172,0.27332903506837053,0.1872713849335643,0.20946099117074418,0.00037855364155277017,-0.8863226047499323,0.0900000000000003,-0.009999999999999787,0.3597028817573391
2019-04-17,12.6,2.59,111.7,114.66,111.01,114.3,94.09,17791900.0,0.02880288028802891,0.27419988448065385,0.19534135200398225,0.21122509353802435,0.0003860393519846572,-0.8508149968177775,0.10999999999999988,0.04999999999999982,0.6607899215516775
2019-04-18,12.09,2.57,114.53,114.95,113.33,113.46,93.4,12501900.0,-0.0073490813648294795,0.26742242425657387,0.19623757498869968,0.21152662654369528,0.0003821597883176153,-0.8667441575663475,0.06000000000000005,0.029999999999999805,0.5860782020511769
2019-04-19,12.1725,2.575,114.105,114.695,113.1625,113.495,93.4275,11370400.0,0.00030847875903416977,0.23385525159648782,0.19602292716689618,0.21134923397309482,0.0003810127903178362,-0.8839040878925762,0.015000000000000124,0.13500000000000023,0.3736316668439085
2019-04-22,12.42,2.59,112.83,113.93,112.66,113.6,93.51,7975900.0,0.0009251508877041736,0.2282832628522952,0.19592031122638992,0.2111637266216185,0.00038009848850746873,-0.8985622719185583,0.040000000000000036,0.1599999999999997,0.2227115994186477
2019-04-23,12.28,2.57,113.0,114.37,112.85,113.74,93.63,9193100.0,0.0012323943661971537,0.22889151975632258,0.19590470832434342,0.2110759162882537,0.00038188762648853626,-0.8882602634922545,-0.03000000000000025,0.1599999999999997,0.29967190527528104
2019-04-24,13.14,2.53,113.26,114.15,112.81,113.55,93.47,9245700.0,-0.0016704765254088594,0.2279687185504438,0.19600781547909968,0.20966931374369185,0.0003813396828362292,-0.8253805138163779,-0.06000000000000005,0.13999999999999968,0.6850889974069636
2019-04-25,13.25,2.54,113.01,114.15,112.5,113.61,93.52,9311800.0,0.0005284015852047297,0.22826636898752398,0.19486749736506997,0.20935721532542872,0.00038356949113147463,-0.7281148256463883,-0.029999999999999805,0.1499999999999999,0.3293908472456283
2019-04-26,12.73,2.51,113.95,114.58,113.6,114.47,94.23,7889300.0,0.007569756183434473,0.22828953136876878,0.1952055821413395,0.2091276650836869,0.00038151994436936844,-0.6884973371873908,-0.06500000000000039,0.09999999999999964,0.2758791218100506
2019-04-29,13.11,2.54,114.6,117.16,114.45,116.12,95.59,14242200.0,0.01441425701057053,0.20682392561841922,0.1969089607172116,0.20776877056292556,0.0003858275528208888,-0.6007235486974518,-0.04999999999999982,0.04999999999999982,0.6574868810897485
2019-04-30,13.12,2.51,116.43,116.72,115.26,116.05,95.53,11389100.0,-0.0006028246641406332,0.20788240819261908,0.19654394017748875,0.20763360924932855,0.0003836805099953156,-0.5220531265414189,-0.06000000000000005,0.029999999999999805,0.5222588586655049
2019-05-01,14.8,2.52,115.72,117.0,115.11,115.16,94.8,10412900.0,-0.007669108143041781,0.21253154316911482,0.19747152491994774,0.20567420728516417,0.0003859688802185124,-0.22100632605739473,-0.009999999999999787,0.0,0.5802622219147333
2019-05-02,14.42,2.55,115.17,115.78,114.58,115.41,95.0,8613300.0,0.0021708926710664045,0.21250420419831445,0.19500566983377005,0.2024559256359256,1.1232232133839837e-06,-0.046835488938110084,0.009999999999999787,0.040000000000000036,0.32537918599154353
2019-05-03,12.87,2.54,116.0,116.68,115.67,116.12,95.59,8185400.0,0.006151979897755844,0.2109697078309043,0.19354889769346437,0.20261477529503583,6.967205266272813e-07,-0.07260774006879053,0.03000000000000025,0.040000000000000036,0.30927707201825627
2019-05-06,15.44,2.51,114.18,115.47,113.72,115.09,94.74,9387000.0,-0.008870134343782254,0.21659796385475352,0.19437823538107193,0.20280108414753606,-4.801899697648438e-07,0.05357355773512662,-0.03000000000000025,-0.010000000000000231,0.6291525384593017
2019-05-07,19.32,2.45,114.03,114.03,112.29,113.21,93.19,15017700.0,-0.016335042140933287,0.2252034461203797,0.19557479367678213,0.20176156132929937,-2.9869212213817776e-06,0.14851481517156476,-0.05999999999999961,-0.05999999999999961,0.3095381908349322
2019-05-08,19.4,2.49,112.66,113.67,112.46,112.61,92.7,9575800.0,-0.005299885169154583,0.2275485424018854,0.19599099253742214,0.2016059844150822,3.0981253950901344e-06,0.09226193012958456,-0.029999999999999805,0.010000000000000231,0.6298114505758746
2019-05-09,19.1,2.45,111.14,112.74,110.58,112.52,92.62,12205900.0,-0.0007992185418701503,0.22721536134746903,0.19533849023990393,0.20147940389936747,1.3922464643489896e-06,-0.02777276422170968,-0.09999999999999964,-0.05999999999999961,0.47355847565280085
2019-05-10,16.04,2.47,111.75,112.84,110.54,112.51,92.61,13189000.0,-8.887308922844728e-05,0.15723725269979702,0.1858259309283758,0.20134311213997658,-3.4604153359429904e-08,-0.1300566775745596,-0.06999999999999984,-0.08999999999999986,0.328349975893968
2019-05-13,20.55,2.4,110.08,110.45,108.98,109.45,90.1,13783700.0,-0.027197582437116674,0.1813899107026546,0.19456545241118875,0.20225003721754695,1.8636029255836296e-06,-0.4939521120393154,-0.10999999999999988,-0.1499999999999999,0.27141938265298204
2019-05-14,18.06,2.42,109.55,111.72,109.5,110.32,90.81,10503600.0,0.007948835084513384,0.17957764014483843,0.19509557994409335,0.2024835677452068,1.1260304285165556e-06,-0.6564695723420798,-0.03000000000000025,-0.18000000000000016,0.44549314237618515
2019-05-15,16.44,2.37,109.21,110.9,108.61,109.9,90.47,10142000.0,-0.003807106598984644,0.14310780043388602,0.1951479285184818,0.20192201536514626,1.1131488501903153e-06,-0.6368507255034224,-0.1200000000000001,-0.21999999999999975,0.5648481507978265
2019-05-16,15.29,2.4,110.62,112.17,110.59,111.31,91.63,9672700.0,0.012829845313921728,0.15068322851370342,0.19661914152076657,0.20243539152243734,-6.726958619029944e-08,-0.6404313179511385,-0.050000000000000266,-0.16999999999999993,0.3969178622752074
2019-05-17,15.96,2.39,110.0,111.75,109.83,110.77,91.18,9570100.0,-0.004851316144102058,0.1512405542308014,0.19666740217538628,0.20202436314815245,-2.3666963063384562e-06,-0.6473621678334196,-0.08000000000000007,-0.18500000000000005,0.6043875636033111
2019-05-20,16.31,2.41,110.58,111.81,110.37,111.35,91.66,8518200.0,0.005236074749480846,0.1527991026200599,0.1958768276653435,0.20170179096425672,1.1415451326712844e-06,-0.6600764783628039,0.010000000000000231,-0.17999999999999972,0.28044867005780294
2019-05-21,14.95,2.43,111.44,111.92,111.22,111.73,91.97,7967900.0,0.0034126627750337146,0.15340793325568494,0.19513289072079268,0.19090715583630216,-2.924592908448709e-06,-0.6541564108181085,0.010000000000000231,-0.13999999999999968,0.24168939868402764
2019-05-22,14.75,2.39,111.4,111.79,110.75,110.82,91.22,7918900.0,-0.008144634386467509,0.1555751756925553,0.19599248296967198,0.1907668060316259,-1.5166312997028086e-06,-0.6191319527665237,0.020000000000000018,-0.13999999999999968,0.7513252210893976
2019-05-23,16.92,2.31,109.64,109.79,107.5,108.64,89.43,14558000.0,-0.019671539433315233,0.1686261361750432,0.199765058088509,0.19243824469634851,6.383674157839358e-07,-0.6066571312176163,-0.08999999999999986,-0.22999999999999998,0.1625992434327133
2019-05-24,15.85,2.32,109.52,109.96,109.19,109.71,90.31,8537300.0,0.009849042709867417,0.1705570940731717,0.20063368064296977,0.1910311248991956,-9.062837962148241e-07,-0.5615063078550271,-0.07000000000000028,-0.18999999999999995,0.2881110650615777
2019-05-27,17.0875,2.275,109.28,109.8625,108.6275,108.8175,89.575,10883450.0,-0.008135083401695331,0.1601208548295618,0.20138632742883725,0.18938339061976298,-1.997789256386051e-06,-0.5042524225160486,-0.13500000000000023,-0.2650000000000001,0.4567924438930019
2019-05-28,17.5,2.26,109.2,109.83,108.44,108.52,89.33,11665500.0,-0.0027339352585751264,0.15984195942121704,0.20149211844630566,0.18883666770909674,-8.145464053421758e-07,-0.4351521826893508,-0.17000000000000037,-0.25,0.3727925518527662
2019-05-29,17.9,2.25,107.45,108.4,107.06,108.22,89.08,9966400.0,-0.0027644673792849295,0.15900989975119148,0.20140816820465166,0.1887150028977551,-3.913621535706069e-06,-0.41657250070759294,-0.14000000000000012,-0.27,0.559195277417295
2019-05-30,17.3,2.22,108.65,109.18,106.54,107.06,88.13,10367800.0,-0.010718905932360023,0.15997117476265366,0.20212677797478512,0.18943093628141686,1.885326704648138e-06,-0.33893516744451135,-0.08999999999999986,-0.3299999999999996,0.5245229606218909
2019-05-31,18.71,2.14,105.56,106.59,104.84,105.96,87.22,10952800.0,-0.010274612366897196,0.15715607937277037,0.2033808389566018,0.1896567085860987,-3.6027357731560627e-06,-0.19070124584943698,-0.17999999999999972,-0.3999999999999999,0.47216551009964824
2019-06-03,18.86,2.07,105.8,106.86,105.3,106.46,87.63,11680700.0,0.004718761796904447,0.15955233454479323,0.20191637715231758,0.18875201881113587,-3.3884542508189065e-06,-0.16262600599374202,-0.20500000000000007,-0.43999999999999995,0.6003036742991377
2019-06-04,16.97,2.12,107.85,109.9,107.13,109.74,90.33,12858600.0,0.030809693781701952,0.19451920708094328,0.2111552878970857,0.19356103886113762,-2.009970245353543e-06,-0.29721235741013086,-0.13999999999999968,-0.33000000000000007,0.7542417925793332
2019-06-05,16.09,2.12,109.86,110.38,108.64,110.13,90.65,8340500.0,0.0035538545653361897,0.19475435367504493,0.21116481334476025,0.19256282486457144,-4.674044362545926e-06,-0.46032208497888305,-0.1299999999999999,-0.3700000000000001,0.23409497068748186
2019-06-06,15.93,2.12,110.15,110.87,108.93,110.37,90.85,8726700.0,0.002179242713157281,0.19509016366817666,0.21050319725869945,0.1920414486453388,-1.3315475647091013e-07,-0.6577873076515718,-0.10000000000000009,-0.33000000000000007,0.29010591189639806
2019-06-07,16.3,2.09,109.7,110.02,108.96,109.16,89.86,10618900.0,-0.01096312403732902,0.19828843561146836,0.2106920385190865,0.18943077158444552,4.160326399227365e-06,-0.6562251275376401,-0.050000000000000266,-0.38000000000000034,0.46560254866763984
2019-06-10,15.94,2.15,110.75,111.21,110.22,110.34,90.83,11380600.0,0.010809820447050367,0.1776155283557094,0.21145781927476184,0.18695043910794173,-1.4603136100688196e-06,-0.8288021916152718,0.08000000000000007,-0.25,0.6610776854735694
2019-06-11,15.99,2.15,110.82,111.57,110.37,110.68,91.11,9847700.0,0.003081384810585508,0.17572537578984135,0.21133508556854483,0.1848582663178661,2.0123485781675664e-06,-0.9099159464097412,0.029999999999999805,-0.27,0.4472876028076275
2019-06-12,15.91,2.13,110.7,110.9,108.89,109.27,89.95,9670500.0,-0.012739428984459789,0.18121559186038474,0.20821555057581181,0.18391026905627994,-7.677702420327837e-07,-0.8990170987854875,0.009999999999999787,-0.2400000000000002,0.5746732982816115
2019-06-13,15.82,2.1,109.46,110.16,109.05,109.54,90.17,8406900.0,0.0024709435343646113,0.17493905214031644,0.20533624385857982,0.18332775263065548,-1.6309311236417656e-06,-0.8842625774862598,-0.020000000000000018,-0.2999999999999998,0.2732287904700247
2019-06-14,15.28,2.09,109.57,110.3,108.63,109.82,90.4,9077400.0,0.002556143874383743,0.1746079577682506,0.19466437841726128,0.1832787011312164,1.1009598433697755e-06,-0.8717359861598929,0.0,-0.30000000000000027,0.35940574250620727
2019-06-17,15.35,2.09,109.7,110.37,109.06,109.22,89.91,8128600.0,-0.005463485703879001,0.17417896610034297,0.19412517629643974,0.18323319249781334,1.86486734258251e-06,-0.8806855339690175,-0.06000000000000005,-0.3200000000000003,0.7487542648802721
2019-06-18,15.15,2.06,109.01,111.41,108.98,110.71,91.13,11057300.0,0.013642190075077831,0.18118868614792466,0.19492899827477111,0.18381582081469536,-2.145066926917405e-07,-0.878394013477188,-0.08999999999999986,-0.3700000000000001,0.6173164923704958
2019-06-19,14.33,2.03,110.82,111.59,109.7,109.91,90.47,13126500.0,-0.0072260861710775615,0.18069640891077793,0.19552009844723023,0.1838703690070134,-5.220610248213297e-07,-0.8372393777998269,-0.10000000000000009,-0.3600000000000003,0.18176369533729797
2019-06-20,14.75,2.01,110.88,111.09,109.03,110.19,90.7,13638000.0,0.0025475388954598888,0.16578390627888898,0.19449840836408663,0.18076697196906477,-3.2656738424619024e-06,-0.8370521786308422,-0.0900000000000003,-0.30000000000000027,0.8740557934725753
2019-06-21,15.4,2.07,110.19,111.67,109.09,109.44,90.09,24494500.0,-0.006806425265450611,0.16420711547324793,0.1951008120567347,0.1734064917693959,1.2527543953311238e-06,-0.8298818352108294,-0.020000000000000018,-0.25,0.022149541688003573
2019-06-24,15.26,2.02,109.28,109.77,108.54,108.66,89.44,13039600.0,-0.007127192982456121,0.16358858831433212,0.18383452805398476,0.17378216049635292,-2.99050973192605e-06,-0.7974906729586442,-0.06999999999999984,-0.2549999999999999,0.38239728227727604
2019-06-25,16.28,2.0,108.68,108.98,107.67,107.76,88.7,18660100.0,-0.008282716731087714,0.1659767275636979,0.18454239993150168,0.1742294809625644,-2.4757515930229344e-06,-0.7807112630999551,-0.06000000000000005,-0.2599999999999998,0.1427473499507906
2019-06-26,16.21,2.05,108.3,109.31,108.16,108.48,89.3,10324600.0,0.006681514476614581,0.16749619481170297,0.18495653977590565,0.1744151612687509,3.351699730935742e-06,-0.7799134770270898,0.020000000000000018,-0.20000000000000018,0.41091362257884945
2019-06-27,15.82,2.01,108.84,109.55,108.44,108.84,89.59,10906600.0,0.0033185840707965486,0.16273377214162693,0.18502051227024827,0.1744521164239949,-2.9378985006600635e-06,-0.7585606361816574,0.0,-0.2100000000000004,0.44587391205718807
2019-06-28,15.08,2.0,111.04,112.43,110.9,111.8,92.03,21634700.0,0.027195883866225623,0.18191102824168806,0.19276906625302248,0.1784209398083,1.5536501398294434e-06,-0.6403754533016741,-0.06999999999999984,-0.14000000000000012,0.8913301504761696
2019-07-01,14.06,2.03,113.23,114.52,113.08,113.68,93.58,12724500.0,0.01681574239713779,0.18859456160977378,0.19541221185699298,0.17938638844708787,3.7572695618881547e-06,-0.5595774491053624,0.009999999999999787,-0.040000000000000036,0.5220041525239447
2019-07-02,12.93,1.98,113.51,114.2,113.22,113.8,93.68,10174900.0,0.001055594651653724,0.15827786839013183,0.19457500130057367,0.17915172113697525,4.325960730056089e-06,-0.756673355828562,-0.020000000000000018,-0.14000000000000012,0.3886285308672002
2019-07-03,12.57,1.96,113.34,113.87,112.26,112.82,93.53,6849400.0,-0.008611599297012384,0.16239353494310424,0.19554746797661426,0.17938921925892415,0.00035845332944065,-0.7959211664954617,-0.08999999999999986,-0.16000000000000014,0.7613596140118194
2019-07-04,12.925,2.0,113.425,114.07,112.59,113.155,93.805,7389400.0,0.0029693316787804402,0.16247725951893846,0.19500372132863025,0.1793535817988425,0.0003556533870205547,-0.838175277866653,-0.009999999999999787,-0.1200000000000001,0.26641942625480836
2019-07-05,13.28,2.04,113.51,114.27,112.92,113.49,94.08,7929400.0,0.0029605408510449127,0.1559284736202258,0.17018382497091666,0.17797063193592816,0.00035087263785250065,-0.8543491736617658,0.040000000000000036,-0.04999999999999982,0.29917053885245076
2019-07-08,13.96,2.05,112.96,113.48,112.5,112.87,93.57,6917200.0,-0.005463036390871312,0.15441544772691523,0.16885018724859588,0.17725557660687055,0.00035374450774952604,-0.869449315209239,0.020000000000000018,-0.10000000000000009,0.7294121904119599
2019-07-09,14.09,2.07,112.28,113.49,112.15,113.35,93.97,8947300.0,0.004252680074421811,0.15466263717397502,0.16773752254299654,0.17718668492157263,0.0003547848691154265,-0.8860875350657322,0.08999999999999986,-0.08000000000000007,0.36382568177045255
2019-07-10,13.03,2.07,113.37,113.83,112.74,113.02,93.69,9242300.0,-0.002911336568151679,0.1466076304364526,0.15704277532341904,0.17720318865624377,0.0003509748007423874,-0.8876575218038828,0.10999999999999988,-0.06000000000000005,0.6206864349125683
2019-07-11,12.93,2.13,113.37,114.36,113.12,114.1,94.59,11595200.0,0.009555830826402323,0.1492171198573204,0.15754871502890125,0.1776498608241632,0.00035472075978458805,-0.8963456676741941,0.1299999999999999,0.029999999999999805,0.4896972527546628
2019-07-12,12.39,2.12,114.13,115.35,113.93,115.3,95.58,10783400.0,0.010517090271691565,0.1521979435827331,0.15897740730746546,0.17802252831137672,0.00035247347874737265,-0.907813388275289,0.08000000000000007,0.03000000000000025,0.44275555752523593
2019-07-15,12.68,2.09,115.54,115.57,113.53,113.9,94.42,12946600.0,-0.012142237640936582,0.15853617345758178,0.16100488584911352,0.17894428815717087,0.00035059898582849857,-0.9084001894264825,0.040000000000000036,0.0,0.4559253542024543
2019-07-16,12.86,2.13,113.48,115.5,112.92,115.12,95.43,16945000.0,0.010711150131694547,0.15603917683460194,0.16245637264607718,0.17949527962779305,0.00035349745195900617,-0.9110830473990259,0.06000000000000005,0.06999999999999984,0.7201134448098365
2019-07-17,13.97,2.06,114.43,114.94,113.73,113.99,94.5,13120900.0,-0.009815844336344748,0.15832425690830043,0.16372087691370074,0.18015205768460338,0.0003578781259048869,-0.9079198286942841,-0.009999999999999787,0.03000000000000025,0.4631688507877897
2019-07-18,13.53,2.04,113.93,115.07,113.55,114.67,95.06,9397200.0,0.005965435564523336,0.15898143493870498,0.16415787350260072,0.17976654789067847,0.00035617667478543005,-0.8996261671690589,-0.08999999999999986,0.03000000000000025,0.3588592853293681
2019-07-19,14.45,2.05,114.89,115.12,113.4,113.54,94.12,10402800.0,-0.009854364698700602,0.16157829766255175,0.1647029710449055,0.18039524206703345,0.00035037777905183034,-0.8733058909086129,-0.07000000000000028,-0.020000000000000018,0.570045863883135
2019-07-22,13.53,2.05,112.91,114.45,112.77,114.27,94.73,9061100.0,0.006429452175444661,0.15868432475255187,0.16249920838772308,0.18053585941846845,0.00035736530518112875,-0.868197665945354,-0.040000000000000036,0.029999999999999805,0.36032526104986945
2019-07-23,12.61,2.08,114.88,116.45,114.82,116.36,96.46,12752200.0,0.018290014877045735,0.16257219420326796,0.16686145363140562,0.18213069354298836,0.00035555638921160314,-0.8288232725186199,-0.04999999999999982,0.08000000000000007,0.6219757008419127
2019-07-24,12.07,2.05,115.58,116.88,115.52,116.83,96.85,10011000.0,0.004039188724647591,0.16224195394221755,0.1662576092841391,0.18216968966376348,0.0003516370018916526,-0.7765550224621249,-0.010000000000000231,0.0,0.4311201376368968
2019-07-25,12.74,2.08,116.89,117.24,115.32,115.71,95.92,10138400.0,-0.009586578789694489,0.16903650919373817,0.16743256359448902,0.1816603832199523,0.00035437776791940044,-0.642756013075065,0.040000000000000036,0.07000000000000028,0.557203574247669
2019-07-26,12.16,2.08,115.77,116.51,115.53,116.22,96.35,12800400.0,0.004407570650764914,0.14339513107668453,0.1672011621900247,0.18100209559266767,0.00035621491930448723,-0.5963589236857528,0.03000000000000025,0.08000000000000007,0.7126483087506389
2019-07-29,12.83,2.06,116.46,117.18,115.79,115.85,96.04,8500400.0,-0.0031836172775771,0.13315755070164073,0.1663064123421939,0.18090818240341222,0.0003532109680734197,-0.5922800221364262,0.010000000000000231,0.03000000000000025,0.6717142346942727
2019-07-30,13.94,2.06,115.19,116.08,114.76,115.59,95.82,7121100.0,-0.0022442813983598597,0.13364675620675184,0.1628060834274529,0.1794875161957681,0.0003502344042972394,-0.5115293716466969,-0.020000000000000018,0.08000000000000007,0.7612516540995851
2019-07-31,16.12,2.02,116.1,116.18,114.86,116.0,96.16,13648000.0,0.0035470196383768915,0.12916685298014188,0.16249278954310387,0.1794424270849553,-3.2657656022061497e-06,-0.24563068362579624,-0.029999999999999805,0.06000000000000005,0.7718807460314165
2019-08-01,17.87,1.9,115.33,116.8,112.6,112.94,93.63,15664500.0,-0.026379310344827656,0.16227302858129158,0.17159852256890104,0.1834799453860217,1.7280337563818637e-06,-0.41777416166381703,-0.18000000000000016,-0.10000000000000009,0.1487793373926088
2019-08-02,17.61,1.86,112.4,113.43,111.4,112.93,93.62,11025500.0,-8.854258898527423e-05,0.1618844252239793,0.17159852085609809,0.1782832879714021,2.257014089124265e-06,-0.517603007679725,-0.21999999999999997,-0.17999999999999994,0.502414291700519
2019-08-05,24.59,1.75,110.79,110.98,108.27,109.57,90.83,15855300.0,-0.029752944301779993,0.19243997086574177,0.17340639702895638,0.18358593257517067,-2.35364471147248e-06,-0.7851434363973486,-0.31000000000000005,-0.2999999999999998,0.16296686644459574
2019-08-06,20.17,1.73,110.05,110.5,108.34,110.43,91.55,10203500.0,0.007848863740074874,0.1942588050035046,0.17338713316117618,0.1838926433181645,4.1258511146446963e-07,-0.8346530460331307,-0.33000000000000007,-0.33999999999999986,0.3730324327436654
2019-08-07,19.49,1.71,108.0,108.28,105.94,108.03,89.56,17320900.0,-0.02173322466721006,0.20745714894479822,0.1789057326496938,0.18656808312650197,3.658969008518698e-06,-0.8501476965472798,-0.31000000000000005,-0.3599999999999999,0.13248512143186025
2019-08-08,16.91,1.72,109.05,110.08,108.72,109.86,91.07,10903300.0,0.016939738961399664,0.2145293445743648,0.18037872670782734,0.1880945453054904,-2.743506772101556e-06,-0.8370037209245145,-0.17999999999999994,-0.4099999999999999,0.41117540528664903
2019-08-09,17.97,1.74,109.35,110.45,108.29,109.74,90.97,9980800.0,-0.0010922992900055384,0.20958679569804783,0.18012503868839952,0.18797340674480637,-5.147682952511002e-07,-0.8330769631083195,-0.1200000000000001,-0.3800000000000001,0.6598222520249067
2019-08-12,21.09,1.65,108.44,108.51,107.21,107.68,89.27,9393700.0,-0.018771642063058036,0.2149331851854955,0.18377435222255714,0.1894382905258604,3.4799298397503177e-06,-0.8639415440106122,-0.10000000000000009,-0.43999999999999995,0.6885599663960863
2019-08-13,17.52,1.68,107.95,110.33,107.03,109.34,90.64,12124700.0,0.015416047548291179,0.21943329590666724,0.18649015776718408,0.19036396748186624,7.708801165018376e-07,-0.8504756556612134,-0.050000000000000044,-0.44999999999999996,0.5612269814984022
2019-08-14,22.1,1.59,106.3,106.91,104.45,104.8,86.88,19491800.0,-0.041521858423266944,0.2588172013497647,0.20419687860397415,0.19980823727561986,-7.500227636236812e-07,-0.8663180938314217,-0.11999999999999988,-0.47,0.08213899021400006
2019-08-15,21.18,1.52,104.82,106.38,104.34,105.2,87.21,13365600.0,0.003816793893129722,0.2578231007618836,0.20059110041427247,0.1995667999505978,2.94684716395377e-07,-0.8688080389424524,-0.19999999999999996,-0.52,0.6073527045034731
2019-08-16,18.47,1.55,106.37,107.98,105.87,107.72,89.3,11830600.0,0.023954372623574027,0.2752823939040257,0.2057043022324038,0.2025270566130109,2.5438589245085907e-06,-0.8614407435237034,-0.18999999999999995,-0.4999999999999998,0.4817489539202146
2019-08-19,16.88,1.6,109.63,109.75,108.42,108.69,90.1,8265400.0,0.009004827330115095,0.2765372318211737,0.20588722180201374,0.20287741934448794,-2.313829933348055e-06,-0.8436230107090711,-0.04999999999999982,-0.44999999999999973,0.23498487002682253
2019-08-20,17.5,1.55,107.85,108.44,107.24,107.31,88.96,8374000.0,-0.012696660226331757,0.2675855481650765,0.2074716825770375,0.20376151893605116,1.2715634411020193e-06,-0.8085075086695982,-0.1299999999999999,-0.53,0.7399662945396512
2019-08-21,15.8,1.59,108.21,108.43,107.45,107.61,89.21,8189300.0,0.0027956388034666713,0.2671319819587214,0.20747990113613005,0.2037046480968575,1.8040703668453784e-06,-0.7350269975150749,0.0,-0.45999999999999974,0.2592709036177138
2019-08-22,16.68,1.62,108.37,109.27,107.93,108.72,90.13,9343400.0,0.010315026484527534,0.2708926616517377,0.2073207794955838,0.20390163083462975,2.493829300331818e-06,-0.6856618999518362,0.10000000000000009,-0.45999999999999996,0.3342995353280078
2019-08-23,19.87,1.52,108.0,108.78,105.11,106.02,87.89,14762300.0,-0.024834437086092787,0.28006010144937504,0.21258537017661128,0.20718953162277562,-2.207506819701388e-06,-0.6287914191052426,-0.030000000000000027,-0.56,0.2951953011152984
2019-08-26,19.32,1.54,106.62,106.99,106.01,106.87,88.59,8209500.0,0.008017355215997002,0.2835237264016936,0.2129986878425277,0.20666807185545358,-3.1328364122840125e-06,-0.5406404857467116,-0.06000000000000005,-0.52,0.26392633065459764
2019-08-27,20.31,1.49,107.35,107.56,104.84,105.74,87.66,14331800.0,-0.01057359408627312,0.2844292632987331,0.20426396720006992,0.2072144933491169,3.0241872538916415e-06,-0.4371883918933572,-0.06000000000000005,-0.5700000000000001,0.33896559873631266
2019-08-28,19.35,1.47,105.08,107.21,105.04,106.8,88.54,10585500.0,0.010024588613580576,0.287706788301892,0.20524554185812038,0.2076528655185999,3.6622452920964667e-06,-0.3449776962901857,-0.1200000000000001,-0.55,0.397766560381315
2019-08-29,17.88,1.5,108.14,109.89,108.02,109.22,90.54,10002200.0,0.02265917602996259,0.2896882851734844,0.2105792304194102,0.20979174127718805,-3.3285873577149072e-06,-0.33785649802652323,-0.1200000000000001,-0.3999999999999999,0.3729045845524271
2019-08-30,18.98,1.5,109.84,110.56,109.47,109.86,91.07,10170300.0,0.0058597326496978575,0.2908435583926014,0.20968869820106326,0.2093192973687853,-2.7120472556318997e-06,-0.2995009188794079,-0.020000000000000018,-0.3600000000000001,0.3888131247226449
2019-09-02,19.49,1.4775,109.195,109.3825,107.8575,108.885,90.2675,9944175.0,-0.008874931731294278,0.27254007759272203,0.2093119968131907,0.20957708222202592,2.960801791423995e-06,-0.5458549676931559,-0.0625,-0.27249999999999996,0.6106711283677339
2019-09-03,19.66,1.47,108.98,108.99,107.32,108.56,90.0,9868800.0,-0.002984800477568106,0.2710199765450853,0.20928301802138713,0.20955375857097341,1.6206398833484848e-07,-0.6448557272244879,-0.020000000000000018,-0.26,0.6148960918654253
2019-09-04,17.33,1.47,109.45,110.22,108.56,109.87,91.08,6929200.0,0.012067059690493709,0.26268050267020054,0.20912776041934433,0.2078576814814295,-2.970459626583377e-06,-0.6669454373297642,0.0,-0.24,0.20928703538858756
2019-09-05,16.27,1.57,111.25,113.72,111.2,112.37,93.15,13224700.0,0.022754164012014133,0.2681215994703575,0.21414898139757826,0.20896290026960085,-3.7467619387610007e-07,-0.6863854033009312,0.07000000000000006,-0.1499999999999999,0.685168315017759
2019-09-06,15.0,1.55,112.66,112.98,111.96,112.61,93.35,7836600.0,0.0021358013704724232,0.2679897189947569,0.21413360238446066,0.20398145760104552,4.759567954093491e-07,-0.7509740033442556,0.050000000000000044,-0.18999999999999995,0.2730090323725804
2019-09-09,15.27,1.63,113.71,116.06,113.6,115.4,95.67,13985100.0,0.024775774797975325,0.26903350138992477,0.2194337545247305,0.20637188966601622,-5.917395874410758e-08,-0.7901712361536434,0.15249999999999986,-0.020000000000000018,0.7211199543472322
2019-09-10,15.2,1.72,116.3,117.27,115.73,116.87,96.88,14333100.0,0.012738301559791942,0.26763867310141426,0.21921925766331418,0.20665177971172238,-1.1204039321921488e-06,-0.7996544509433591,0.25,0.040000000000000036,0.73129174506561
2019-09-11,14.61,1.75,116.89,117.2,115.38,117.19,97.15,9919200.0,0.0027380850517668698,0.20853872804718043,0.21857297024146377,0.2065417286536486,-7.217757260480351e-07,-0.8124536236034798,0.28,0.15999999999999992,0.425267018340475
2019-09-12,14.22,1.79,116.55,118.47,115.92,117.91,97.75,12283500.0,0.006143868930796215,0.20842585122798946,0.2187944125614907,0.2061504992713141,1.7948457163186049e-06,-0.8275224940815971,0.21999999999999997,0.27,0.6632836139737244
2019-09-13,13.74,1.9,119.0,120.4,118.75,120.23,99.67,16257200.0,0.019676024086167532,0.20398960906426997,0.2213596230112435,0.20777811839691782,-4.021435271117646e-07,-0.8508687963240267,0.34999999999999987,0.34999999999999987,0.8774824280336573
2019-09-16,14.67,1.84,118.9,119.87,118.38,119.16,98.78,11993900.0,-0.008899609082591797,0.20982777036439496,0.22168984612447265,0.20292494451743326,3.8393534634861837e-07,-0.8665885506322734,0.2100000000000002,0.24,0.41121328443048205
2019-09-17,14.44,1.81,118.42,118.61,117.24,118.57,98.29,10735400.0,-0.00495132594830483,0.20300496224901668,0.22115778217245116,0.2030477981727684,-2.3088964327899753e-06,-0.8842373801853177,0.09000000000000008,0.26,0.5390065697392713
2019-09-18,13.95,1.8,118.32,120.08,117.75,119.76,99.28,10665600.0,0.010036265497174846,0.20355101053088523,0.22158760137407685,0.20345820395275763,-1.2568937231005606e-06,-0.9397467784583161,0.050000000000000044,0.20999999999999996,0.44068401529638673
2019-09-19,14.05,1.79,119.7,120.34,119.09,119.38,98.96,9382600.0,-0.003173012692050836,0.20489381073433396,0.22179014864416108,0.20355059549323107,-3.6617031243191268e-06,-0.9598738126165557,0.0,0.16999999999999993,0.6784013336457917
2019-09-20,15.32,1.74,119.74,120.34,118.87,118.9,98.57,21862800.0,-0.004020773998994698,0.17634287730383785,0.21556518417024145,0.20362441687803481,1.2950655283616718e-06,-0.9491320572476225,-0.15999999999999992,0.21999999999999997,0.046770441361160514
2019-09-23,14.91,1.72,117.78,119.12,117.68,118.88,98.55,9135100.0,-0.00016820857863764083,0.1773730578539056,0.2130782952153711,0.2036084883902686,2.1818158156217128e-06,-0.9430438569984743,-0.1200000000000001,0.17999999999999994,0.6806512743854982
2019-09-24,17.05,1.64,118.75,119.26,117.04,117.33,97.27,11696500.0,-0.013038358008075401,0.1805048375095204,0.2149652616639668,0.20426927416652774,8.859593596477477e-07,-0.9036526298463081,-0.17000000000000015,0.1499999999999999,0.48816805184112777
2019-09-25,15.96,1.73,117.27,118.36,117.12,118.0,97.82,9389400.0,0.005710389499701707,0.17964675629551952,0.21434690277252996,0.20432114596575518,-2.6022377353385197e-06,-0.8760987530931464,-0.07000000000000006,0.26,0.34765402910737403
2019-09-26,16.07,1.7,117.88,118.05,116.95,117.03,97.02,9899200.0,-0.008220338983050857,0.17283261663220886,0.2150971946410212,0.20446700131076562,2.9654622877295367e-06,-0.86458704177519,-0.09000000000000008,0.19999999999999996,0.6163407311645783
2019-09-27,17.22,1.69,117.96,118.64,117.28,117.72,97.59,10207800.0,0.005895924122020002,0.17283917577861083,0.21531576003258632,0.1932645511861378,2.225810958750296e-06,-0.8011732344491598,-0.050000000000000044,0.18999999999999995,0.40566931181144766
2019-09-30,16.24,1.68,118.36,118.77,117.22,117.69,97.56,9755000.0,-0.0002548419979612193,0.16726058329041762,0.2149431578826563,0.1924761081936285,-3.5828456528164134e-06,-0.7243163266943572,-0.040000000000000036,0.2024999999999999,0.6258593165910857
2019-10-01,18.56,1.65,118.4,119.0,115.41,115.55,95.79,11250300.0,-0.018183363072478587,0.18352576063026435,0.2182903549191971,0.19384242728626516,-2.583602207051339e-06,-0.530771924028867,0.010000000000000009,0.17999999999999994,0.5216560509031496
2019-10-02,20.56,1.6,114.81,114.9,112.93,113.25,93.88,12548700.0,-0.01990480311553433,0.19756317925308778,0.22214016570132677,0.19156728884191318,-1.0381674196424662e-06,-0.5709813700440736,-0.1299999999999999,0.13000000000000012,0.44192279060728046
2019-10-03,19.12,1.54,112.27,112.91,110.52,112.19,93.75,12735200.0,-0.009359823399558542,0.18438068924978512,0.2220947150825736,0.19175261062504623,0.00040279785776123345,-0.6914813381246091,-0.15999999999999992,-0.030000000000000027,0.4251465919773674
2019-10-04,17.04,1.52,112.34,114.94,112.27,114.62,95.78,9453100.0,0.02165968446385591,0.199784000638181,0.22553526014835124,0.19430958992418093,0.0004019245728744625,-0.8365445228272915,-0.16999999999999993,-0.030000000000000027,0.31038089423398707
2019-10-07,17.86,1.56,114.19,115.5,114.07,114.37,95.57,6771600.0,-0.002181120223346711,0.17899681393857314,0.2241642156598017,0.19433571296395383,0.00039759960309960205,-0.8805555500569715,-0.11999999999999988,-0.06999999999999984,0.8153232143470194
2019-10-08,20.28,1.54,113.06,113.06,111.66,111.82,93.44,10806300.0,-0.022296056658214658,0.18790055341165213,0.22771123779286326,0.19702570553695387,0.0004025218703797684,-0.9127195033065056,-0.10999999999999988,-0.17999999999999994,0.5423712554448552
2019-10-09,18.64,1.59,112.67,113.16,112.07,112.63,94.12,7273700.0,0.007243784653908181,0.19011941014353442,0.22737653385774992,0.1972952103427461,0.0004017536920939091,-0.9240566016866113,-0.010000000000000009,-0.15999999999999992,0.22930718246673804
2019-10-10,17.57,1.67,113.14,115.4,113.0,114.21,95.44,10994100.0,0.014028234040664112,0.1965043366147774,0.2288903470933733,0.19833762334432484,0.00039997937706651165,-0.929648337089307,0.1299999999999999,-0.1200000000000001,0.48866903670819284
2019-10-11,15.58,1.76,116.03,117.99,115.87,116.14,97.05,15076500.0,0.016898695385693108,0.19274226416254353,0.23051379830706487,0.1995366148657621,0.0004002020815347007,-0.9096069943280831,0.24,-0.1399999999999999,0.7808076028333332
2019-10-14,14.57,1.7675,115.85,116.87,115.66,116.45,97.31,8779000.0,0.002669192354055383,0.1913476594736723,0.23022802554908095,0.1984878819502515,0.0004021990391308461,-0.8782310065682466,0.20750000000000002,-0.07250000000000001,0.33758490962417487
2019-10-15,13.54,1.77,118.85,121.59,117.87,119.96,100.24,23379000.0,0.030141691713181595,0.22029018015276128,0.23538092068690586,0.2032011781082179,0.00040112067883670276,-0.8868492151639983,0.22999999999999998,-0.040000000000000036,0.9426566275440968
2019-10-16,13.68,1.75,119.96,120.62,119.38,119.68,100.01,11087700.0,-0.002334111370456693,0.21767821906667545,0.2353474756319183,0.20290176052730882,0.00040132560549593357,-0.8870525557884661,0.15999999999999992,-0.050000000000000044,0.5287848601234083
2019-10-17,13.79,1.76,120.75,121.57,119.88,120.35,100.57,10818500.0,0.005598262032085355,0.218178784897746,0.2346213149201449,0.20302578549396474,0.00040390188745457746,-0.8906289060318717,0.09000000000000008,-0.030000000000000027,0.45082686800108773
2019-10-18,14.25,1.76,120.0,121.02,119.86,120.56,100.74,10417400.0,0.0017449106771916245,0.21755531297496433,0.2345080993542834,0.2028631685685296,0.00039717385790192795,-0.8954258329019666,0.0,0.020000000000000018,0.4524304135001564
2019-10-21,14.0,1.8,122.05,123.77,121.99,123.55,103.24,12714600.0,0.02480092899800934,0.23357268629971792,0.2394792002360617,0.20545853852612891,0.00039966162186160783,-0.8770823740731585,0.03249999999999997,0.08000000000000007,0.6050984239491517
2019-10-22,14.46,1.78,123.45,125.1,123.12,124.79,104.28,12549100.0,0.010036422501011888,0.22812553624228013,0.24004983119282078,0.20438654268444978,0.0003989683571892277,-0.8510935846120291,0.010000000000000009,0.14000000000000012,0.5902058436631685
2019-10-23,14.01,1.77,124.2,125.15,124.17,125.12,104.55,8828300.0,0.0026444426636749174,0.22793483568833797,0.24002231638677995,0.20420084369766128,0.0003989980221640654,-0.845790488572724,0.020000000000000018,0.040000000000000036,0.3305183959717005
2019-10-24,13.71,1.77,125.29,125.66,124.07,125.03,104.48,8020500.0,-0.0007193094629156516,0.2245538367778408,0.233007450566705,0.20419941833361915,0.00039936843717737204,-0.8529445986987666,0.010000000000000009,0.07000000000000006,0.7100898822454447
2019-10-25,12.65,1.8,125.0,126.65,124.75,126.03,105.31,9055700.0,0.007998080460689394,0.2249865011615237,0.23331626982396034,0.20444749520352887,0.00039772726633637847,-0.8719497585963999,0.040000000000000036,0.1100000000000001,0.3586952758610833
2019-10-28,13.11,1.85,126.57,127.21,126.4,126.51,105.72,9522200.0,0.0038086169959534732,0.22454620802966607,0.22378959560921485,0.2002773805367113,0.00040457272981123116,-0.8775768293333363,0.050000000000000044,0.17000000000000015,0.39042344366064485
2019-10-29,13.2,1.84,126.06,127.42,125.94,126.43,105.65,9797300.0,-0.0006323610781756583,0.21001744846343096,0.22359816297580623,0.20005885285541486,0.0004010117696929383,-0.8822699220190862,0.06000000000000005,0.19000000000000017,0.5857559809545647
2019-10-30,12.33,1.78,126.05,126.26,124.92,125.73,105.06,8513700.0,-0.005536660602705079,0.19331801020757117,0.2185522362408907,0.20016647272167035,0.0004003752081094103,-0.8969306530832267,0.010000000000000009,0.17999999999999994,0.6560739350825451
2019-10-31,13.22,1.69,125.49,125.73,123.86,124.92,104.39,11589100.0,-0.006442376521116677,0.19064039705119504,0.21726064633042372,0.19974334329010954,1.128344843054352e-06,-0.8870945127092614,-0.08000000000000007,0.1499999999999999,0.4429429764785032
2019-11-01,12.3,1.73,126.2,127.99,126.02,127.8,106.79,11682600.0,0.023054755043227626,0.19227037735761077,0.22127957501098502,0.20208027853592386,-1.6910212647991417e-06,-0.8878901074595644,-0.07000000000000006,0.20999999999999996,0.5559454817848409
2019-11-04,12.83,1.79,129.08,129.42,128.56,128.82,107.65,9159900.0,0.00798122065727691,0.1902405176453416,0.21697422741857444,0.2022333855430185,2.450340781140481e-06,-0.8730179691884116,-0.06000000000000005,0.22999999999999998,0.3694219718892378
2019-11-05,13.1,1.86,129.39,130.3,128.84,129.1,107.88,13747600.0,0.002173575531749794,0.15920697892532318,0.21545142225212935,0.20221388961659187,1.5690944922264193e-07,-0.8492207707894892,0.020000000000000018,0.32000000000000006,0.6774057572882293
2019-11-06,12.62,1.81,128.69,129.84,128.58,129.3,108.05,11231100.0,0.0015491866769947737,0.1604917217087824,0.19462838586749018,0.20174397587892848,-1.817788051194924e-07,-0.8180689770680316,0.030000000000000027,0.21999999999999997,0.491340179361943
2019-11-07,12.73,1.92,130.43,131.29,129.92,130.0,108.63,13528900.0,0.005413766434648082,0.15836815794500203,0.19466415784993527,0.1994667293288796,-2.286732683798309e-06,-0.7890420381682226,0.22999999999999998,0.25,0.6460511345501553
2019-11-08,12.07,1.94,129.88,130.4,129.25,130.38,108.95,9293400.0,0.002923076923076806,0.1539551663619187,0.18999065298723297,0.19911055233832647,2.935071553689106e-07,-0.754382645884679,0.20999999999999996,0.17999999999999994,0.36188423422640104
2019-11-11,12.69,1.925,129.6,130.1,129.35,129.92,108.57,8679000.0,-0.003528148489032157,0.1571877280054217,0.1901073986270308,0.1987491954632046,1.8255008438439192e-06,-0.7089941424134015,0.135,0.15749999999999997,0.6789563397900278
2019-11-12,12.68,1.92,129.63,130.62,129.01,129.16,107.93,9099000.0,-0.0058497536945811834,0.13242417914677523,0.18819354588728152,0.19894280856380842,1.0994741480807591e-06,-0.7360784916358036,0.05999999999999983,0.1499999999999999,0.6872760597218388
2019-11-13,13.0,1.88,128.13,128.82,127.42,128.48,107.36,8023300.0,-0.005264787860018605,0.13459619528646005,0.18898398486176024,0.19909004446458953,-1.711057344183642e-06,-0.7500594244358103,0.06999999999999984,0.1299999999999999,0.7795966686838636
2019-11-14,13.05,1.82,127.72,128.84,127.59,128.6,107.46,8483400.0,0.0009339975093400898,0.1346903638812558,0.18841608043527586,0.19828895282089726,-1.897106856701969e-06,-0.7507562076024691,-0.09999999999999987,0.06000000000000005,0.2840491331300289
2019-11-15,12.05,1.84,129.23,129.53,128.4,129.53,108.24,10163600.0,0.007231726283048356,0.1352277867307994,0.1795268733758189,0.19768965519344261,2.15523926487271e-06,-0.7129004527394569,-0.09999999999999987,0.08000000000000007,0.49723174412921173
2019-11-18,12.46,1.81,129.56,130.65,128.99,130.62,109.15,8749300.0,0.00841503898710716,0.11165576488248627,0.17957234536671032,0.19787959229473787,1.0158743187937968e-06,-0.6720942669665199,-0.11499999999999999,0.010000000000000009,0.3328437205309884
2019-11-19,12.86,1.79,130.99,131.25,130.18,130.58,109.12,8824500.0,-0.0003062318174857914,0.10877555208686256,0.17737605951934024,0.19329837074631412,7.44249328837876e-07,-0.5842823597457654,-0.1299999999999999,0.010000000000000009,0.6404927842410428
2019-11-20,12.78,1.73,130.3,130.62,128.94,129.63,108.32,11782800.0,-0.00727523357328852,0.1139268391181078,0.1782342755163444,0.19369411575105816,6.721375176987898e-07,-0.49103923880551703,-0.1499999999999999,-0.040000000000000036,0.25687356642215997
2019-11-21,13.13,1.77,130.0,130.72,129.39,129.93,108.57,7705500.0,0.0023142791020598352,0.11354663581271517,0.17361060451757487,0.19369531573318538,-2.132730839021768e-06,-0.28690451431871317,-0.050000000000000044,0.0,0.21861368998213226
2019-11-22,12.34,1.77,130.15,131.22,130.1,130.79,109.29,8167900.0,0.006618948664665503,0.11267419923072293,0.17367179204736716,0.1929866667187789,1.1763672896014655e-06,-0.37365178388371534,-0.07000000000000006,-0.030000000000000027,0.2759154816765674
2019-11-25,11.87,1.76,131.25,132.07,130.87,131.49,109.88,10068500.0,0.005352091138466353,0.11315692913108816,0.17196672539965516,0.19259564267381293,-7.329485424922843e-07,-0.42371490464095946,-0.050000000000000044,-0.09000000000000008,0.521609238711303
2019-11-26,11.54,1.74,131.82,131.82,130.36,131.67,110.03,10490700.0,0.0013689253935658119,0.11277203358015746,0.17152815929031076,0.19258252332474124,5.665274684041321e-07,-0.45574903209679823,-0.050000000000000044,-0.10000000000000009,0.5752800162652645
2019-11-27,11.75,1.77,132.29,132.43,131.65,132.06,110.35,6607900.0,0.002961950330371499,0.10915967793212669,0.170547842202381,0.19146125356408383,2.959532253710151e-07,-0.6618919553549855,0.040000000000000036,-0.010000000000000009,0.15472966240130165
2019-11-28,12.185,1.775,132.07999999999998,132.42000000000002,131.55,131.91,110.225,6159950.0,-0.0011358473421172466,0.10495008952391731,0.16576554374855335,0.1914999276183163,-2.8239856428080578e-06,-0.6543811061379187,0.004999999999999893,0.08499999999999996,0.8432667462136908
2019-11-29,12.62,1.78,131.87,132.41,131.45,131.76,110.1,5712000.0,-0.0011371389583807456,0.07318793438855332,0.16595117135463544,0.19153656585894793,4.6112868152814456e-07,-0.7173882253181503,0.010000000000000009,0.050000000000000044,0.8409834090438817
2019-12-02,14.91,1.83,132.31,132.74,131.35,131.47,109.86,8615600.0,-0.0022009714632664767,0.07015878108554374,0.1596971150719297,0.19134034495707714,-2.0496927827573507e-06,-0.2673143344909745,0.07000000000000006,0.040000000000000036,0.5740098866835229
2019-12-03,15.96,1.72,129.77,129.96,128.59,129.78,108.45,10361300.0,-0.012854643644938046,0.08550569893487993,0.1611076080079532,0.1916668379219252,8.168408218323097e-07,-0.25046881280124966,-0.020000000000000018,-0.14000000000000012,0.33804759107062343
2019-12-04,14.8,1.77,130.38,132.47,129.99,132.34,110.59,10318200.0,0.019725689628602217,0.10994410553831296,0.16523943584158562,0.19307310067117445,-1.7439234917815404e-07,-0.07403313074691978,0.0,-0.040000000000000036,0.6658098485134393
2019-12-05,14.52,1.8,132.68,133.31,132.18,133.06,111.19,9587400.0,0.005440531963125217,0.10995779879417567,0.16517185256185488,0.19314796135254295,1.3570653695171853e-06,0.0706725111314564,0.025000000000000133,-0.11999999999999988,0.6189487201485868
2019-12-06,13.62,1.84,134.69,135.78,134.65,135.04,112.84,10170600.0,0.014880505035322233,0.12017915751208484,0.16326996857863219,0.19369413681182768,-1.7967075269798016e-06,0.12016450920829967,0.06000000000000005,-0.09999999999999987,0.694961944008917
2019-12-09,15.86,1.83,134.63,135.46,134.41,134.41,112.32,8498200.0,-0.004665284360189537,0.12091143429945074,0.16229142072182542,0.19348586797850229,-9.565178749282311e-07,0.2952568584979535,0.0,-0.09499999999999997,0.5608462199573034
2019-12-10,15.68,1.85,133.25,134.77,132.88,134.5,112.39,7532900.0,0.0006695930362323743,0.11766349980711768,0.16166178104341897,0.19292740803350478,-1.0073566921398048e-06,0.3907541413327317,0.13000000000000012,-0.06999999999999984,0.31012879190677506
2019-12-11,14.99,1.79,134.29,135.02,134.01,134.18,112.12,9011900.0,-0.0023791821561337523,0.11571270135119993,0.16107750458090545,0.19290088215994358,-1.3434702252790309e-06,0.44468108188497063,0.020000000000000018,-0.08999999999999986,0.47443915222662614
2019-12-12,13.94,1.9,134.49,138.47,134.21,138.02,115.33,13717400.0,0.02861827396035177,0.1487216245551623,0.16970669292903354,0.1967552272464613,-6.440965516496533e-07,0.3977203777841546,0.09999999999999987,0.07999999999999985,0.91757555960404
2019-12-13,12.63,1.82,137.95,138.83,136.22,136.81,114.32,10592100.0,-0.00876684538472694,0.15425410020522076,0.1707583162232833,0.19390641590231733,-1.5014209535424427e-06,0.25393934376026694,-0.020000000000000018,-0.020000000000000018,0.31922844955934443
2019-12-16,12.14,1.89,138.38,138.84,137.32,137.34,114.77,11372000.0,0.00387398581975007,0.15289094021277777,0.17069980133659154,0.1926812657540318,1.989754405229416e-06,0.10952208429768574,0.05999999999999983,0.07999999999999985,0.7428313985669369
2019-12-17,12.29,1.89,137.73,138.67,137.23,138.18,115.47,11546800.0,0.006116207951070374,0.1529963469079059,0.1677576005044731,0.19278773448236694,-4.272336535382504e-07,-0.0011759790903145095,0.039999999999999813,0.09999999999999987,0.740437462549767
2019-12-18,12.58,1.92,138.15,139.02,137.72,138.04,115.35,10381500.0,-0.0010131712259372483,0.14904934450951238,0.16782260688285258,0.19224142239904024,1.0962669656777724e-06,-0.0869111002889544,0.1299999999999999,0.18999999999999995,0.3706435863674532
2019-12-19,12.5,1.92,137.76,138.22,137.1,137.35,114.77,9350400.0,-0.0049985511445957975,0.15185282520165827,0.16705758375816054,0.19248149313505283,-7.796365034118402e-08,-0.14549017024004235,0.020000000000000018,0.1499999999999999,0.5080578075223531
2019-12-20,12.51,1.92,138.02,138.88,136.9,137.24,114.68,24494500.0,-0.000800873680378511,0.1516772412535759,0.16707860135194894,0.19250605600935083,1.258411008453475e-07,-0.23161370620635177,0.09999999999999987,0.1499999999999999,0.024463727486189083
2019-12-23,12.61,1.93,137.6,137.91,136.88,137.2,114.65,9738400.0,-0.00029146021568071667,0.15156930504824728,0.1670813041721385,0.1922466611874475,-6.877374956026916e-07,-0.33144618870587417,0.040000000000000036,0.16999999999999993,0.5306063990651844
2019-12-24,12.67,1.9,137.33,137.63,137.06,137.58,114.97,3324300.0,0.0027696793002918163,0.15155259717895722,0.16136176288218218,0.19221698512241586,5.702370721394345e-07,-0.46432139287782215,0.010000000000000009,0.15999999999999992,0.17252113163587632
2019-12-25,12.66,1.9,137.61,138.36499999999998,137.42000000000002,138.31,115.58,5047600.0,0.005306003779619095,0.15192851288416512,0.15421492556275507,0.19216941465285667,3.231423655009058e-06,-0.5971453758978368,-0.020000000000000018,0.1299999999999999,0.24702458405515992
2019-12-26,12.65,1.9,137.89,139.1,137.78,139.04,116.19,6770900.0,0.005277998698575592,0.15167796845905396,0.15194979982507492,0.19190157597713298,3.0634723089006945e-06,-0.725156017247305,-0.020000000000000018,0.125,0.32741806121393313
2019-12-27,13.43,1.88,139.3,139.77,138.67,139.14,116.27,7868200.0,0.0007192174913692728,0.1512009747986824,0.14732544431291647,0.19147536275904176,1.3751471453715692e-06,-0.8181862358635266,-0.040000000000000036,0.09999999999999987,0.37869740679922076
2019-12-30,14.82,1.9,139.9,140.08,138.47,138.63,115.84,6963000.0,-0.0036653730056057654,0.15192730255198442,0.14759152550465496,0.19057522472588756,-1.3357590156026778e-06,-0.7315605602111662,-0.030000000000000027,0.06999999999999984,0.6652539604207497
2019-12-31,13.78,1.92,138.51,139.48,138.29,139.4,116.49,7201600.0,0.005554353314578542,0.14056018731815292,0.13770444220540937,0.19020561891331494,4.7081666514903196e-07,-0.6192018817109607,0.020000000000000018,0.19999999999999996,0.35744593154991317
2020-01-01,13.125,1.9,139.14999999999998,140.29,138.77499999999998,140.245,117.195,9002650.0,0.006061692969870913,0.12755991149856927,0.13759642393739957,0.18956629604843986,-3.484589392199755e-07,-0.5712899904524796,0.0,0.1299999999999999,0.464130114600683
2020-01-02,12.47,1.88,139.79,141.1,139.26,141.09,117.9,10803700.0,0.006025170237798028,0.12772896540528716,0.1359983486235927,0.189569095603042,-7.310997260923102e-08,-0.562438110972018,-0.020000000000000018,0.07999999999999985,0.5667230831841855
2020-01-03,14.02,1.8,137.5,139.23,137.08,138.34,116.34,10386800.0,-0.01949110496845985,0.14260458939556336,0.14111088795231133,0.19132991067369637,0.00032114804000943906,-0.5582801158860482,-0.07999999999999985,-0.040000000000000036,0.4583006663634999
2020-01-06,13.85,1.81,136.56,138.27,136.5,138.23,116.25,10259000.0,-0.0007951424027758947,0.14113091071896053,0.14131963276719733,0.1912397393483229,0.0003193634583171179,-0.4246417065382587,-0.08999999999999986,-0.020000000000000018,0.4709521429368463
2020-01-07,13.79,1.83,137.28,137.86,135.82,135.88,114.27,10531300.0,-0.01700065108876503,0.15560531370933295,0.13540688194083655,0.1915786056495002,0.00032007290953145473,-0.2435973091298573,-0.08999999999999986,-0.020000000000000018,0.4634680137771162
2020-01-08,13.45,1.87,135.7,137.58,135.6,136.94,115.17,9695300.0,0.007801000883132181,0.15724567118947205,0.1355776048112981,0.19176724721043997,0.0003249590572071692,0.060644970383597833,-0.029999999999999805,0.08000000000000007,0.4846412470882922
2020-01-09,12.54,1.85,138.05,138.23,137.04,137.44,115.59,9469000.0,0.00365123411713153,0.1197179289381414,0.13543292694387332,0.19112006771461448,0.000324165414367511,0.08933224970607241,-0.029999999999999805,-0.04999999999999982,0.48343888973625576
2020-01-10,12.56,1.83,137.21,137.25,135.81,136.07,114.43,10190900.0,-0.009967986030267828,0.12092992819549063,0.13772774262999246,0.1917922626512362,0.00032028474891877546,0.11023628147052221,0.030000000000000027,0.010000000000000009,0.4712084189222207
2020-01-13,12.32,1.85,136.19,137.2,135.76,137.2,115.38,12355200.0,0.008304549129124705,0.12391644297531211,0.1300257207138689,0.19193493272893622,0.00031705463267474033,0.10950077866826174,0.040000000000000036,-0.039999999999999813,0.6522449636512702
2020-01-14,12.39,1.82,137.94,140.76,137.69,138.8,116.73,24494500.0,0.011661807580175099,0.12901828376677363,0.13050826911489552,0.19242032748955407,0.00031981284459288716,0.08695327637290484,-0.010000000000000009,-0.06999999999999984,0.9354870915469113
2020-01-15,12.42,1.79,137.85,138.6,136.15,136.72,114.98,16293400.0,-0.014985590778098024,0.1399134848474285,0.13495139593279368,0.19389157917406585,0.00032079884404845327,0.12903125412387498,-0.08000000000000007,-0.1299999999999999,0.26334291009389105
2020-01-16,12.32,1.81,137.45,137.9,136.84,137.25,115.43,10783800.0,0.0038765359859567194,0.13962741069614473,0.13495519431889672,0.1896072139058375,0.00032413971059599425,0.13794848703534524,-0.040000000000000036,-0.10999999999999988,0.5000045002551631
2020-01-17,12.1,1.84,137.54,138.29,137.32,138.2,116.23,14697700.0,0.006921675774134606,0.14171477277323352,0.13475479772439156,0.18973953401351296,0.0003237477161444402,0.10652638257746218,0.010000000000000009,-0.07999999999999985,0.7280616117378995
2020-01-20,12.6625,1.795,137.2775,138.125,136.8475,137.18,115.3675,10030075.0,-0.007380607814761131,0.14437391129800867,0.13590802324450557,0.18457162779095404,0.0003202380801097304,0.10452884963242351,-0.05500000000000016,-0.135,0.5155626790159731
2020-01-21,12.85,1.78,137.19,138.07,136.69,136.84,115.08,8474200.0,-0.002478495407493786,0.14425594641238548,0.13607770361626947,0.1844783976128092,0.0003184911081307973,0.10453140568722538,-0.040000000000000036,-0.11999999999999988,0.6223844006159868
2020-01-22,12.91,1.77,137.24,137.4,136.38,136.68,114.95,7549100.0,-0.0011692487576732136,0.14278361545585008,0.1354256861386828,0.18128946729217388,0.00032048693756948633,0.1157155689674387,-0.020000000000000018,-0.1299999999999999,0.6848664458854496
2020-01-23,12.98,1.74,135.71,136.74,134.72,136.54,114.83,9345700.0,-0.0010242903131403303,0.14111220284289702,0.13453298841414846,0.18002483438595582,0.00031951721779219786,0.14186143806359283,-0.07000000000000006,-0.15999999999999992,0.5920822816740405
2020-01-24,14.56,1.7,136.37,136.43,132.32,133.15,111.98,15166400.0,-0.024827889263219438,0.1644985463724563,0.13754904464752146,0.18409386193995783,0.0003214911139943322,-0.17712301562758156,-0.14000000000000012,-0.17999999999999994,0.2701362100613256
2020-01-27,18.23,1.61,130.27,132.94,129.71,132.03,111.04,12860500.0,-0.008411565903116869,0.1659362488005313,0.13795526995815172,0.18225969233138054,0.00032401072946279806,-0.6270722998752891,-0.18499999999999983,-0.2899999999999998,0.4122679379362649
2020-01-28,16.28,1.65,132.84,134.97,132.48,134.43,113.06,13062800.0,0.018177686889343292,0.17944553780502617,0.14263027351090626,0.18274099259693904,0.00032187003007101423,-0.7035038076916743,-0.13000000000000012,-0.27,0.5846379605768973
2020-01-29,16.39,1.6,134.81,135.54,133.69,134.23,112.89,9326000.0,-0.0014877631481069464,0.1770704729113902,0.14269011599910714,0.1715121601703303,0.00032155633931029717,-0.7635277879937191,-0.16999999999999993,-0.2999999999999998,0.6580390296757639
2020-01-30,15.49,1.57,132.69,136.13,132.69,135.89,114.28,9048900.0,0.012366833047753767,0.1822979945117606,0.14438026453492528,0.17213743469505896,0.0003193660936571641,-0.7957073498285538,-0.16999999999999993,-0.30999999999999983,0.3325489450724792
2020-01-31,18.84,1.51,134.49,134.83,131.47,132.36,111.31,12785200.0,-0.025976893075281282,0.19184369926559366,0.15435130938066927,0.1739685193663214,-4.442866325726769e-07,-0.8728666477949619,-0.18999999999999995,-0.29000000000000004,0.4369172031386134
2020-02-03,17.97,1.54,132.66,134.24,132.66,133.37,112.16,10021100.0,0.007630704140223488,0.19493206079960082,0.15486320392863126,0.17385899277622363,-1.243321517419016e-06,-0.908215952321738,-0.07000000000000006,-0.27,0.38468537862913593
2020-02-04,16.05,1.61,135.55,136.6,135.08,135.29,113.78,9157100.0,0.014396041088700517,0.19413731356375538,0.15687191281165647,0.17351900784016738,2.7111167174909133e-06,-0.9032674544790802,-0.039999999999999813,-0.21999999999999997,0.3380067147778064
2020-02-05,15.15,1.66,136.57,137.73,136.01,137.59,115.71,10150700.0,0.017000517407051552,0.20172996043372007,0.15979167031313984,0.1748740665781105,-2.880106226721413e-06,-0.8635527818301344,0.05999999999999983,-0.2100000000000002,0.39632070658472923
2020-02-06,14.96,1.65,138.24,138.29,137.11,137.61,115.73,8992300.0,0.0001453594011193715,0.20134417512867656,0.1598052879473512,0.17448418769168042,-1.2842352393849233e-06,-0.8280545194719329,0.07999999999999985,-0.20000000000000018,0.32874694048798464
2020-02-07,15.47,1.59,136.73,137.67,136.3,137.17,115.36,6379800.0,-0.003197442046363075,0.1982471974681987,0.15954726218081555,0.17019533236558995,2.1412689464372913e-06,-0.8147905441443944,0.08000000000000007,-0.24,0.7834717902903642
2020-02-10,15.04,1.56,136.95,137.85,136.75,137.74,115.84,5960700.0,0.00415542757162668,0.19661476639305844,0.15893997507710983,0.17000798521296318,2.538622749564956e-06,-0.78686779670613,0.020000000000000018,-0.29000000000000004,0.22204935659429553
2020-02-11,15.18,1.59,138.26,138.82,137.78,138.0,116.06,6578600.0,0.0018876143458690375,0.19211304029349027,0.15893042952440076,0.16898535417307156,1.2046410424348952e-06,-0.7357766103347597,-0.020000000000000018,-0.22999999999999998,0.21861194465046888
2020-02-12,13.74,1.62,138.6,139.29,137.8,138.0,116.06,7958000.0,0.0,0.18403015843192605,0.158014891126353,0.16863618347797843,1.5229502321412181e-06,-0.747711588627698,-0.039999999999999813,-0.16999999999999993,0.5
2020-02-13,14.15,1.61,137.75,138.34,136.4,137.88,115.96,7447500.0,-0.0008695652173913437,0.18365628010700868,0.15804442814530623,0.16601607589847214,6.816501319506507e-08,-0.7483891726538664,-0.039999999999999813,-0.19999999999999996,0.7024213687560347
2020-02-14,13.68,1.59,137.84,138.19,136.94,137.46,115.6,6627600.0,-0.003046127067014681,0.18228774331448366,0.15782803634794212,0.16607898865310902,-3.3038484308023365e-06,-0.7372746341629213,0.0,-0.25,0.7480927517258869
2020-02-17,14.5425,1.56,137.465,137.83,135.5225,136.095,114.4525,8404200.0,-0.009930161501527812,0.1838368288381715,0.15908019300848913,0.1662312538863873,-1.1013874505472199e-06,-0.7365419105248211,0.0,-0.23499999999999988,0.5852023684003501
2020-02-18,14.83,1.55,137.34,137.71,135.05,135.64,114.07,8996400.0,-0.0033432528748301715,0.18399624450305477,0.15927885199798714,0.16625443738709322,-3.596940139793947e-07,-0.7418489548174982,-0.040000000000000036,-0.22999999999999998,0.5294823020656395
2020-02-19,14.38,1.56,136.91,138.39,136.34,137.49,115.63,7071200.0,0.01363904452963749,0.1905415943169371,0.16145904087260332,0.16647323816781706,-5.283113543030904e-07,-0.7655050237120338,-0.06000000000000005,-0.20999999999999996,0.29456667339701065
2020-02-20,15.56,1.52,137.17,138.36,136.53,137.49,115.63,7422800.0,0.0,0.19047727464270386,0.16141997201171737,0.1636865682765692,4.547871875260068e-07,-0.7819946342395753,-0.09000000000000008,-0.21999999999999997,0.5
2020-02-21,17.08,1.46,136.55,136.92,134.92,135.81,114.22,9772800.0,-0.012219070477852978,0.17274764885135466,0.16355445985574663,0.16492930245033255,1.279916573454498e-06,-0.8756568425785025,-0.13000000000000012,-0.24,0.3991568099424055
2020-02-24,25.03,1.38,131.44,133.2,130.8,132.16,111.15,13618400.0,-0.02687578234297916,0.19689989558288076,0.17288299497109272,0.16654650836547863,3.005046785409249e-07,-0.8031367950074372,-0.18000000000000016,-0.2300000000000002,0.10747005736805515
2020-02-25,27.85,1.33,131.0,132.23,125.59,126.26,106.18,20797200.0,-0.044642857142857095,0.24167667375937674,0.1940690253444768,0.17845028009572794,-4.1265067639628675e-06,-0.9168439382457262,-0.21999999999999997,-0.31999999999999984,0.0316015478678451
2020-02-26,27.56,1.33,126.93,128.95,126.34,126.64,106.5,24494500.0,0.0030096626009821215,0.24258003678996073,0.18964388413848185,0.17845725940669652,-3.1283942711679557e-06,-0.948737326940378,-0.22999999999999998,-0.27,0.95355519979546
2020-02-27,35.49250000000001,1.3,122.91,125.62,121.3,121.37,102.07,23005500.0,-0.04161402400505365,0.27175789034671244,0.20690796237604375,0.18851385372950952,4.643465083997711e-07,-0.972025862099011,-0.21999999999999997,-0.27,0.10002910013558164
2020-02-28,35.49250000000001,1.13,117.52,118.49,112.66,116.11,97.65,24494500.0,-0.04333855153662358,0.2951003464120521,0.2211933734087856,0.19674370845138628,2.901494366985835e-06,-0.9731328142609561,-0.33000000000000007,-0.3800000000000001,0.11221801723317378
2020-03-02,33.42,1.1,116.63,121.58,114.46,121.52,102.2,24494500.0,0.046593747308586675,0.34738046961593033,0.24285307958179755,0.20768635611422215,2.6812735251902085e-06,-0.9784402454868018,-0.2799999999999998,-0.43999999999999995,0.8553590971136882
2020-03-03,35.49250000000001,1.02,120.97,122.95,116.24,116.96,98.36,24494500.0,-0.03752468729427261,0.3587972616114308,0.2537246043134558,0.21466055601125578,-2.1953270835650684e-06,-0.980842420189013,-0.31000000000000005,-0.5900000000000001,0.17382529362237945
2020-03-04,31.99,1.02,118.33,120.19,114.7,119.85,100.79,24494500.0,0.024709302325581328,0.3665975121293851,0.2596468870873208,0.21715523155756195,-5.310415739590013e-07,-0.9805453421956033,-0.31000000000000005,-0.6399999999999999,0.8001996302232169
2020-03-05,35.49250000000001,0.92,115.67,116.43,112.58,113.97,95.85,24494500.0,-0.04906132665832286,0.3950537311310684,0.2694618329706825,0.22850483640936864,6.464048142196254e-07,-0.9768691130641117,-0.38,-0.7299999999999999,0.22369361024563852
2020-03-06,35.49250000000001,0.74,106.26,110.32,105.02,108.08,90.89,24494500.0,-0.05168026673686055,0.42203678889416785,0.28712819783681437,0.24028931937516768,-2.916949879505637e-06,-0.958062899471858,-0.3899999999999999,-0.8500000000000001,0.24545377896939402
2020-03-09,35.49250000000001,0.54,96.57,99.23,93.0,93.44,78.58,24494500.0,-0.13545521835677277,0.6047294934000006,0.3935633318006405,0.309646716249953,-2.218586348634588e-06,-0.8858878622837597,-0.56,-1.02,0.26549501937814357
2020-03-10,35.49250000000001,0.76,99.0,101.28,94.58,100.7,84.69,24494500.0,0.07769691780821919,0.6921596045531547,0.4288003179622027,0.32993063446057874,-9.3462966588298e-08,-0.8763368831524094,-0.26,-0.8300000000000001,0.7155112514474318
2020-03-11,35.49250000000001,0.82,97.7,100.05,94.55,95.96,80.7,24494500.0,-0.04707050645481636,0.6990352974963484,0.4373270304726076,0.33644155891568184,-2.32310848100048e-06,-0.8591092499013284,-0.20000000000000007,-0.8000000000000002,0.3028414082268543
2020-03-12,35.49250000000001,0.88,89.59,96.96,86.32,88.05,74.05,24494500.0,-0.08243017924135054,0.7331155172743401,0.4647608799148886,0.35619210948914776,-1.2921062739257304e-06,-0.8270660423790445,-0.040000000000000036,-0.7300000000000001,0.32040899799499806
2020-03-13,35.49250000000001,0.94,95.99,103.99,92.0,103.91,87.39,24494500.0,0.18012492901760369,1.0237537837421742,0.6024802242569922,0.4433139178977346,2.6371111391143566e-06,-0.8214220481419922,0.19999999999999996,-0.6500000000000001,0.6628064996596695
2020-03-16,35.49250000000001,0.73,85.2,93.98,84.55,88.36,74.31,24494500.0,-0.14964873448176308,1.1342299454470641,0.672333459620257,0.4930935789527042,9.724285079393269e-07,-0.7974849903065729,0.18999999999999995,-0.8300000000000001,0.3542584021258903
2020-03-17,35.49250000000001,1.02,90.89,97.44,87.5,93.76,78.85,24494500.0,0.061113626075147254,1.1685556519126374,0.6862279462917094,0.5008775076466777,5.116836735430397e-08,-0.7831259449736725,0.26,-0.53,0.6284443275977031
2020-03-18,35.49250000000001,1.18,87.67,90.79,80.36,83.89,70.55,24494500.0,-0.10526877133105805,1.204586017360412,0.7156148314364076,0.5224255366920709,-1.4488289967862223e-06,-0.7446509507729914,0.36,-0.3800000000000001,0.3884164327106279
2020-03-19,35.49250000000001,1.12,81.56,88.11,76.91,85.3,71.74,24494500.0,0.0168077244010012,1.2100630253516862,0.7168686846619426,0.5230158099984576,1.489065606241624e-06,-0.7031294559472505,0.2400000000000001,-0.3999999999999999,0.5951035484715603
2020-03-20,35.49250000000001,0.92,86.3,89.46,82.48,83.5,70.22,24494500.0,-0.021101992966002348,1.2096345275996325,0.717247196243714,0.5226361307323057,-4.150303705879877e-06,-0.6792180908682425,-0.019999999999999907,-0.5399999999999999,0.4211915285736193
2020-03-23,35.49250000000001,0.76,82.68,83.75,78.09,79.03,66.46,24494500.0,-0.05353293413173654,1.214958497228083,0.7233747607097837,0.5279258896012737,-4.728833602812843e-06,-0.6069296597602081,0.030000000000000027,-0.6199999999999999,0.4264360579751995
2020-03-24,35.49250000000001,0.84,84.9,90.1,82.9,88.43,74.37,24494500.0,0.11894217385802874,1.3106175425949527,0.7685580252974512,0.5556680016634783,2.4439860848102236e-06,-0.5435493140363349,-0.18000000000000005,-0.4900000000000001,0.5556699344458897
2020-03-25,35.49250000000001,0.88,89.24,95.15,84.54,91.73,77.14,24494500.0,0.03731765238041396,1.3222806501585176,0.7733773304734909,0.5583546218809613,-1.203807198124629e-06,-0.4786044757482543,-0.29999999999999993,-0.45000000000000007,0.5556699344458897
2020-03-30,35.49250000000001,0.7,90.65,94.09,89.3,93.5,78.63,21656900.0,0.02600680346757378,1.3531328578190165,0.8021603513283669,0.5771785474871125,-3.0463257457202796e-06,-0.49081184070395606,-0.06000000000000005,-0.40000000000000013,0.014084036099009534
2020-03-31,35.49250000000001,0.7,92.05,94.17,89.34,90.03,75.71,23379300.0,-0.03711229946524064,1.3530206952048078,0.8044756670425784,0.5776809378705653,-1.7447535817005643e-06,-0.5716902757879921,-0.14,-0.32000000000000006,0.7974888899076311
2020-04-01,35.49250000000001,0.62,85.1,86.56,83.25,84.36,70.95,24494500.0,-0.06297900699766745,1.3593509085244118,0.8124879406691033,0.5844605799780227,4.194668216839226e-06,-5.7633492935036165e-08,-0.26,-0.4,0.4267216676051298
2020-04-02,35.49250000000001,0.63,83.51,87.91,82.96,87.51,73.6,24018000.0,0.03733997155049784,1.3643364459770533,0.8172497168275361,0.5871651643564783,2.138358266501328e-06,6.950254275090368e-08,-0.19999999999999996,-0.29000000000000004,0.4060383803344563
2020-04-03,35.49250000000001,0.62,86.0,87.48,82.77,84.05,71.42,21199400.0,-0.03953833847560284,1.3600464919527109,0.8200755484657296,0.5896545794032889,0.0005220388501176232,8.023264070945026e-08,-0.09999999999999998,-0.12,0.9543460999843991
2020-04-06,35.49250000000001,0.67,88.99,90.99,87.7,89.46,76.02,24494500.0,0.06436644854253415,1.2971681416752414,0.8324072108131015,0.5962579463960505,0.0005230078119611958,0.0,-0.029999999999999916,0.13,0.5995572955494167
2020-04-07,35.49250000000001,0.75,94.45,94.5,90.38,90.64,77.02,22563800.0,0.013190252626872345,1.266408546397878,0.8325496355803311,0.596410081729966,0.0005185382678101313,0.0,0.050000000000000044,-0.010000000000000009,0.19291026618129428
2020-04-08,35.49250000000001,0.77,92.1,94.86,90.55,94.3,80.13,22903300.0,0.04037952338923212,1.2634016920037903,0.8376350288411686,0.5995254244350867,0.00052074863750603,8.944191215616605e-08,0.15000000000000002,-0.04999999999999993,0.26992465968728635
2020-04-09,35.49250000000001,0.73,96.92,104.39,96.89,102.76,87.32,24494500.0,0.08971367974549316,1.2583645390277636,0.8596164523977173,0.6139695485786038,0.0005200318632820666,0.0,0.09999999999999998,-0.15000000000000002,0.6326956100999545
2020-04-10,35.49250000000001,0.7375,98.4675,104.07,96.9925,101.6175,86.35,24494500.0,-0.011118139353834211,1.0885595535721346,0.8594889991160926,0.6140085090303601,0.0005195151927490982,0.0,0.11750000000000005,-0.2024999999999999,0.36730438990004555
2020-04-13,35.49250000000001,0.76,103.11,103.11,97.3,98.19,83.44,24494500.0,-0.03372942652594291,0.9436804674871151,0.8616683448265362,0.6157867493376252,0.0005225131681207418,1.586925947967906e-07,0.08999999999999997,0.030000000000000027,0.36730438990004555
2020-04-14,35.49250000000001,0.76,101.02,102.0,93.64,95.5,81.15,24494500.0,-0.027395865159384858,0.9284928546734558,0.8629790510170202,0.6169399175760453,0.0005208521742099514,7.863692825673595e-08,0.010000000000000009,-0.26,0.36730438990004555
2020-04-15,35.49250000000001,0.63,91.15,92.03,90.13,90.79,77.15,24494500.0,-0.049319371727748584,0.8611303983231116,0.867807621431844,0.6207843796573264,0.0005220077493786723,0.0,-0.14,-0.5499999999999999,0.36730438990004555
2020-04-16,35.49250000000001,0.61,90.23,90.57,87.05,87.33,74.21,24494500.0,-0.038109924000440665,0.873401653584458,0.8703466653031428,0.6229621115136484,0.0005191915614686015,-8.223616629361603e-08,-0.12,-0.5100000000000001,0.36730438990004555
2020-04-17,35.49250000000001,0.65,92.0,95.7,90.96,95.18,80.88,24494500.0,0.08988892705828477,0.9210346677019603,0.891218907985627,0.6360931836854207,0.0005231589811058978,0.0,-0.08750000000000002,-0.27,0.6326956100999545
2020-04-20,35.49250000000001,0.63,92.47,94.71,90.46,91.71,77.93,23679400.0,-0.03645723891573871,0.9077693664023931,0.8936574197468096,0.6379245033809211,0.0005229903556817183,-9.832952679503984e-08,-0.13,-0.13,0.5514433898099145
2020-04-21,35.49250000000001,0.58,88.62,91.38,88.33,89.05,75.67,23035000.0,-0.029004470613891553,0.8175164156268092,0.8937745201354652,0.6390887088441006,0.0005197696018096831,-9.876803005897956e-08,-0.18000000000000005,-0.26,0.6809349464032266
2020-04-22,35.49250000000001,0.63,90.69,91.87,89.18,89.34,75.92,16662400.0,0.0032565974171814283,0.8066432621349457,0.893913539929673,0.6391151988920898,0.0005255670523749423,0.0,0.0,-0.25,0.027219917915721474
2020-04-23,35.49250000000001,0.61,89.74,91.28,89.26,89.39,75.96,16638800.0,0.000559659726885986,0.763510201008296,0.8932492916492708,0.6390302837370228,0.0005200785766312499,1.0103223369667835e-07,0.0,-0.21999999999999997,0.06537848926323842
2020-04-24,35.49250000000001,0.6,90.64,91.1,88.49,90.71,77.08,15809200.0,0.014766752433158059,0.7223274653763203,0.893144154907934,0.6394661160776866,0.0005198568676382687,0.0,-0.050000000000000044,-0.12,0.08557427592709779
2020-04-27,33.29,0.67,91.94,95.63,91.54,94.62,80.4,22870200.0,0.04310439863300641,0.7327358815525815,0.8981848974658057,0.6428250368691838,0.000520320476567393,-0.1305239344183904,0.040000000000000036,-0.029999999999999916,0.5183357040489752
2020-04-28,33.57,0.62,97.81,98.36,95.03,95.29,80.97,20238900.0,0.007080955400549538,0.7184288436235874,0.8976652508057512,0.642926716838019,0.0005219755668004478,-0.19104234062369396,0.040000000000000036,-0.07999999999999996,0.3142882560059187
2020-04-29,31.23,0.63,99.08,99.45,97.27,97.86,83.16,20462600.0,0.02697030118585353,0.677310357467675,0.8989053030466265,0.6442457683490932,0.0005199749167819401,-0.2987907058208732,0.0,0.010000000000000009,0.3464126901468043
2020-04-30,34.15,0.64,95.6,96.84,94.55,95.76,81.37,19127600.0,-0.02145922746781115,0.6760274861978398,0.8995606664074594,0.6448873179331401,0.0005161305834169572,-0.30259745933459653,0.030000000000000027,0.010000000000000009,0.7296670790221645
2020-05-01,35.49250000000001,0.64,93.5,93.74,91.84,93.25,79.24,18547700.0,-0.026211361737677574,0.6658676501028827,0.9006595007694564,0.6457339886614148,1.5546470897687126e-06,-0.28942887167311,0.040000000000000036,0.020000000000000018,0.7516735211018368
2020-05-04,35.49250000000001,0.64,92.02,92.67,90.8,92.14,78.29,15725900.0,-0.011903485254691648,0.6313781216788471,0.9005761915987748,0.6457170086844949,-4.706460669373636e-06,-0.2814574936776491,-0.030000000000000027,-0.030000000000000027,0.8526227531457149
2020-05-05,33.61,0.66,93.65,94.21,91.9,92.0,78.18,18064100.0,-0.001519426958975445,0.6301430619697909,0.9004903168653453,0.6457123299755207,2.7896258621040728e-06,-0.22996114947027513,0.040000000000000036,-0.08999999999999997,0.7215817548897243
2020-05-06,34.12,0.72,92.16,92.76,89.93,90.27,76.71,20978000.0,-0.018804347826086976,0.6165523034907092,0.9008547684842577,0.646124253107658,2.889669014494167e-06,-0.20028149328106684,0.08999999999999997,-0.050000000000000044,0.5140180391184757
2020-05-07,31.44,0.63,91.34,92.91,90.58,91.21,77.5,16771900.0,0.010413204829954559,0.5172356130726093,0.9013975594448659,0.6463503647503688,-3.4968031619730944e-06,-0.19531781856089364,-0.010000000000000009,-0.09999999999999998,0.23383006323821093
2020-05-08,27.98,0.69,92.8,94.08,92.11,92.7,78.77,20487800.0,0.016335928078061723,0.5223997152733739,0.9024776175737576,0.6467818946322624,-1.4635306323951269e-06,-0.23226584080820306,0.04999999999999993,-0.0475000000000001,0.4930397069666619
2020-05-11,27.57,0.73,91.11,91.11,89.33,89.97,76.45,24494500.0,-0.029449838187702304,0.5193900471783061,0.9038222896143583,0.6479047053427517,-3.137729616203844e-06,-0.14677951571998363,0.08999999999999997,-0.030000000000000027,0.23133753553313605
2020-05-12,33.04,0.69,90.15,90.79,86.9,87.03,73.95,24494500.0,-0.03267755918639548,0.5228905959822877,0.905550646319838,0.6493698238728225,-1.8358559280007292e-06,-0.15795499621296247,0.029999999999999916,-0.07000000000000006,0.23133753553313605
2020-05-13,35.28,0.64,86.38,86.86,83.4,84.03,71.4,24494500.0,-0.03447087211306443,0.5083231235771584,0.9065122541911341,0.6509527878355036,-3.9206688042636715e-06,-0.2013090437747583,-0.07999999999999996,0.010000000000000009,0.23133753553313605
2020-05-14,32.61,0.63,82.72,88.11,82.4,87.52,74.37,24494500.0,0.041532785909794034,0.5147348117550682,0.9117799960703772,0.6541303564942936,-9.770497325478634e-07,-0.1283435828336704,0.0,0.020000000000000018,0.7686624644668639
2020-05-15,31.89,0.64,86.85,87.28,85.3,85.9,72.99,24494500.0,-0.018510054844606882,0.39529177291861206,0.9120577786280206,0.6545340325159722,-2.9046484627315293e-06,-0.121116287217973,-0.04999999999999993,-0.010000000000000009,0.23133753553313605
2020-05-18,29.3,0.73,88.69,91.15,87.88,90.45,76.86,24494500.0,0.05296856810244477,0.426585523729358,0.9189010953371313,0.6594899062808715,4.42033891573379e-07,-0.11382262139650516,0.0,0.09999999999999998,0.7634887927501619
2020-05-19,30.53,0.7,90.05,91.2,88.59,88.67,75.35,19597300.0,-0.0196793808734107,0.41950346732835564,0.9156801111864425,0.6597962438692414,1.9285971972482496e-06,-0.05197394858444803,0.010000000000000009,0.12,0.5647593219648365
2020-05-20,27.99,0.68,90.71,92.39,90.37,91.33,77.61,20552400.0,0.029998872222848805,0.43269213052449107,0.9182600260513671,0.6606902715606477,-6.922037256940072e-07,-0.03328663345046308,0.040000000000000036,0.050000000000000044,0.49286846954291147
2020-05-21,29.53,0.68,90.27,91.76,89.67,90.17,76.62,14621400.0,-0.01270119347421439,0.43560554058502765,0.9150799197980924,0.6607674245345504,-1.8336967053111941e-06,0.010401070568837212,0.050000000000000044,0.07000000000000006,0.8571829695433039
2020-05-22,28.16,0.66,90.01,90.36,88.72,89.47,76.03,13557900.0,-0.007763114117777525,0.43335256717514403,0.9113300847334989,0.6603295400885292,2.420983701717505e-06,0.05037378950375498,0.020000000000000018,0.06000000000000005,0.8765486259377149
2020-05-25,28.0475,0.6825,92.17,95.715,91.6375,94.2325,80.0725,24494500.0,0.05323013300547674,0.44805656808287697,0.9129638610623335,0.6652516156205617,1.1034837300083477e-06,-0.04983841136191011,-0.04749999999999999,0.012499999999999956,0.7525439575817205
2020-05-26,28.01,0.69,92.89,97.5,92.61,95.82,81.42,24494500.0,0.016846629347624154,0.45138325416276787,0.9108795679138585,0.6658062936916271,-2.1482603801414868e-07,-0.18694899887385397,-0.010000000000000009,0.06999999999999995,0.735376897341078
2020-05-27,27.62,0.68,102.07,102.58,98.8,101.37,86.14,24494500.0,0.057921102066374575,0.48725791042285665,0.9175114067960541,0.67143457096527,-1.5927189827569244e-06,-0.32982212403941386,0.0,0.050000000000000044,0.7197912839481289
2020-05-28,28.59,0.7,102.94,102.95,99.4,99.86,84.85,24494500.0,-0.014895925816316491,0.4835732793623141,0.91254917596189,0.6702683335905089,-2.288665214950081e-06,-0.4554337910213596,0.019999999999999907,0.05999999999999994,0.29737114407117726
2020-05-29,27.51,0.65,98.66,99.18,96.78,97.31,82.69,24494500.0,-0.025535750050070027,0.4830462974099613,0.9078567866650096,0.6710768927235814,-1.051004669405664e-08,-0.571669940363184,-0.010000000000000009,0.010000000000000009,0.314438600572273
2020-06-01,28.23,0.66,97.75,99.51,97.38,98.6,83.78,15176800.0,0.013256602610214774,0.48130277577582853,0.8632457441025237,0.6713870061966335,6.183847685692357e-07,-0.6583687271415487,-0.022499999999999964,0.020000000000000018,0.16634360520522584
2020-06-02,26.84,0.68,100.28,100.42,97.93,98.93,84.06,21195000.0,0.003346855983773045,0.4808959132652239,0.8488502754549224,0.671329220747017,-5.347721398590854e-06,-0.7242837670485823,-0.009999999999999898,0.020000000000000018,0.47227316663190666
2020-06-03,25.66,0.77,101.58,104.92,101.06,104.27,88.6,24494500.0,0.05397755989083186,0.503832557160155,0.8496200840638705,0.6761942786770135,-3.935038044250439e-06,-0.790777775721259,0.08999999999999997,0.050000000000000044,0.6677484315195286
2020-06-04,25.81,0.82,103.82,106.61,102.79,106.44,90.45,24494500.0,0.020811355135705423,0.5059208950499954,0.8315475492989469,0.6769403882868132,5.1197249431644835e-06,-0.8109798408944083,0.12,0.18999999999999995,0.6505589745178618
2020-06-05,24.52,0.91,114.93,115.77,109.53,111.23,94.52,24494500.0,0.0450018789928599,0.5219921243347949,0.7519567028855858,0.6802466647820112,2.3802624084079403e-06,-0.8443075195433897,0.26,0.22000000000000008,0.6378110836932843
2020-06-08,25.81,0.88,113.41,114.19,111.94,113.45,96.4,24494500.0,0.019958644250651858,0.5019720861398942,0.6827746168807584,0.6809138884088677,-8.317308288485759e-07,-0.8618594284616218,0.21999999999999997,0.15000000000000002,0.6378110836932843
2020-06-09,27.57,0.84,110.65,111.63,109.01,110.54,93.93,17031100.0,-0.0256500661084178,0.4942118380580298,0.6754742444066122,0.6818545789687437,1.8050645617329054e-06,-0.8251909065412996,0.15999999999999992,0.15000000000000002,0.7827839953887182
2020-06-10,27.57,0.75,110.46,110.51,105.85,106.06,90.12,24494500.0,-0.040528315541885296,0.5022471208513088,0.6431514855473353,0.6842009915236668,6.589519941757605e-07,-0.8224256247973256,-0.020000000000000018,0.10999999999999999,0.34513979508971204
2020-06-11,35.49250000000001,0.66,100.03,101.58,96.54,97.21,82.6,24494500.0,-0.0834433339619084,0.5930773695830766,0.6674534199029347,0.6944012013310752,-2.458881798178547e-06,-0.607646250437103,-0.15999999999999992,0.030000000000000027,0.34513979508971204
2020-06-12,35.49250000000001,0.71,100.71,101.13,97.33,99.87,84.86,24494500.0,0.02736343997531132,0.5903518031840674,0.6673567887609051,0.6956967975340013,-2.546664342684135e-07,-0.4293225395270549,-0.20000000000000007,0.06999999999999995,0.654860204910288
2020-06-15,34.4,0.71,96.42,101.43,95.87,101.25,86.04,22153600.0,0.013817963352358076,0.5668864094988436,0.6568139804804731,0.696059167152074,1.5625605861269154e-06,-0.36314153934318855,-0.17000000000000004,-0.020000000000000018,0.5170984816922053
2020-06-16,33.67,0.75,105.37,105.68,99.31,102.06,86.72,22193600.0,0.008000000000000007,0.558536683165374,0.6124419441915168,0.6961218785443763,-4.9309752505555245e-06,-0.2972550841233042,-0.08999999999999997,0.050000000000000044,0.5113657704674794
2020-06-17,33.47,0.74,102.53,102.54,99.21,99.48,84.53,15639800.0,-0.025279247501469704,0.5636443434797693,0.6109465794087627,0.6968686449249126,-3.3525853656346526e-06,-0.3339036256279214,-0.010000000000000009,0.05999999999999994,0.8197394615396414
2020-06-18,32.94,0.71,98.67,100.52,98.13,98.94,84.07,16591900.0,-0.005428226779252143,0.5612203487059784,0.5946305414334944,0.6967903724160698,-1.257670771681596e-06,-0.3615336731896909,0.04999999999999993,0.029999999999999916,0.795489783075254
2020-06-19,35.12,0.7,100.53,100.6,96.73,97.81,83.11,24494500.0,-0.011421063270669052,0.5624940909420538,0.576012125376353,0.6964593966432381,-4.319420991893974e-06,-0.4761906253846407,-0.010000000000000009,0.039999999999999925,0.3518605720606836
2020-06-22,31.77,0.71,97.25,97.95,96.54,96.75,82.21,16216900.0,-0.01083733769553219,0.5350392096356685,0.5743514072641874,0.6965767483569751,-1.034946723571517e-06,-0.5519259582203881,0.0,0.02749999999999997,0.831578953266706
2020-06-23,31.37,0.72,98.97,99.97,97.85,97.93,83.21,15381400.0,0.01219638242894061,0.5335646908288382,0.5691663013332668,0.6965315391523773,-1.7445346683853114e-06,-0.6135333701237571,-0.030000000000000027,0.030000000000000027,0.16830421407364032
2020-06-24,33.84,0.69,96.75,96.84,94.31,94.66,80.44,22919800.0,-0.033391197794342964,0.5033945695752293,0.5578496165628164,0.6978893103193358,1.1690194082036865e-06,-0.6475614761148853,-0.050000000000000044,0.009999999999999898,0.4062418993500546
2020-06-25,32.22,0.68,94.35,98.21,94.26,97.96,83.24,24494500.0,0.03486160997253318,0.5184717526939158,0.5572116947890237,0.6998979985171508,2.650553444510928e-06,-0.6664450911049189,-0.029999999999999916,-0.019999999999999907,0.6883424710381366
2020-06-26,34.73,0.64,95.11,95.37,92.0,92.59,78.68,24494500.0,-0.05481829318089004,0.5469054975189473,0.5629832941191566,0.7040047473372826,5.478934193836604e-07,-0.7425900954473443,-0.05999999999999994,-0.010000000000000009,0.31165752896186344
2020-06-29,31.78,0.64,93.4,94.49,92.18,93.0,79.03,18499700.0,0.0044281239874717215,0.5445510218796343,0.5479257451063907,0.7039043382574046,5.250166845338633e-06,-0.7490818646902926,-0.06999999999999995,-0.020000000000000018,0.2944309547096392
2020-06-30,30.43,0.66,92.83,94.66,92.57,94.06,79.93,19137000.0,0.011397849462365661,0.5464151557991735,0.5477708949113724,0.7038933864847059,5.004904905653307e-06,-0.7594402800344165,-0.05999999999999994,-0.020000000000000018,0.34073430230631846
2020-07-01,28.62,0.69,94.89,95.71,93.03,93.26,79.25,18755700.0,-0.00850520944078248,0.5050407530956139,0.5419666432068663,0.703707958207016,3.398767153889315e-06,-0.6811981456839138,0.0,-0.08000000000000007,0.665894953952642
2020-07-02,27.68,0.68,94.74,94.96,91.93,92.66,79.5,24494500.0,-0.006433626420759286,0.4956934190297625,0.5091015763306462,0.7036777689004694,0.0004825331515026232,-0.5474130251156056,0.0,-0.1399999999999999,0.2894553955208181
2020-07-03,27.745,0.6825,94.6625,95.02,92.3175,93.245,80.0025,24494500.0,0.006313403842003185,0.4601992575282404,0.5089072800123214,0.7036614502646339,0.0004831205397162752,-0.3355389250690588,0.04249999999999998,-0.22750000000000004,0.7105446044791819
2020-07-06,27.94,0.69,94.43,95.2,93.48,95.0,81.51,18625300.0,0.01882138452463944,0.45928755286065454,0.5058268464501215,0.7042849725266602,0.0004875557591863866,-0.05368058809613175,0.04999999999999993,-0.19000000000000006,0.34261539482179165
2020-07-07,29.43,0.65,93.82,94.1,92.0,92.32,79.21,24494500.0,-0.028210526315789575,0.4606489542055921,0.506017657039636,0.7053021379780402,0.0004857828902856687,0.26360411697727554,-0.010000000000000009,-0.18999999999999995,0.28984891276946645
2020-07-08,28.08,0.67,92.29,93.34,91.8,93.3,80.05,18762200.0,0.010615251299826767,0.4491970202143385,0.4959075210690173,0.7055486961260166,0.00048702359292826514,0.6379034436132296,-0.019999999999999907,-0.07999999999999996,0.34250276038813066
2020-07-09,29.26,0.62,93.52,94.12,90.78,91.28,78.32,24494500.0,-0.02165058949624865,0.35063544799597535,0.49150042864031923,0.7061089922769133,0.0004890741948291255,0.6645933887262224,-0.06000000000000005,-0.040000000000000036,0.2713311316707421
2020-07-10,27.29,0.65,92.0,96.84,91.87,96.27,82.6,24494500.0,0.05466695880806305,0.39276295083243046,0.4691487022680424,0.7101403248462065,0.0004882861152564255,0.5776491787489525,-0.03249999999999997,-0.05999999999999994,0.7286688683292578
2020-07-13,32.19,0.64,98.73,99.27,96.23,97.65,83.79,24494500.0,0.014334683702087903,0.39303517042499897,0.463517724465947,0.7104504875563932,0.0004875348398036772,0.5327220639222874,-0.04999999999999993,-0.06999999999999995,0.7178215410336214
2020-07-14,29.52,0.63,98.37,99.95,96.64,98.21,84.27,24494500.0,0.005734767025089571,0.39238939856443805,0.45921123534636277,0.7099486698723537,0.0004920251941263276,0.43724857474805545,-0.020000000000000018,-0.12,0.7076122280617545
2020-07-15,27.76,0.64,100.89,101.29,98.65,99.73,85.57,22508400.0,0.015477038998065407,0.3864346169682602,0.4600311325305221,0.7103809391317281,0.0004882309111815919,0.23633967642253323,-0.030000000000000027,-0.09999999999999998,0.5651442871602007
2020-07-16,28.0,0.62,98.78,101.22,98.55,100.01,85.81,16886900.0,0.0028075804672615945,0.38589044008732115,0.4600189440003738,0.7101213859880946,0.0004887734803111443,0.071293804047339,0.0,-0.08999999999999997,0.19710164813267123
2020-07-17,25.68,0.64,100.0,100.08,98.14,98.16,84.22,16137700.0,-0.018498150184981577,0.3896670214553653,0.4612141645140996,0.709659369266632,0.0004870846346852864,-0.12242473987416658,-0.010000000000000009,-0.05999999999999994,0.8088147396273871
2020-07-20,24.46,0.62,97.43,98.39,97.26,97.3,83.48,14458100.0,-0.008761206193969029,0.38893730362219275,0.45352660597240585,0.7096104514780566,0.0004853878339267259,-0.2032420548024647,-0.020000000000000018,-0.08999999999999997,0.8602077271544183
2020-07-21,24.84,0.61,97.71,100.05,97.64,99.41,85.3,17798100.0,0.021685508735868497,0.39412363869813694,0.45536511557285947,0.7100376487913175,0.0004926716977604717,-0.3382667010017447,-0.020000000000000018,-0.10999999999999999,0.27220326781067394
2020-07-22,24.32,0.6,99.65,100.13,97.53,98.69,84.68,14271200.0,-0.007242732119505102,0.37425089090926567,0.4524554589569918,0.7095636994976747,0.0004861031647022118,-0.395434794654654,-0.040000000000000036,-0.08999999999999997,0.8478047340271909
2020-07-23,26.08,0.59,98.5,99.35,97.97,98.98,84.93,12870200.0,0.00293849427500259,0.35408232908399623,0.4501454064873157,0.709591250579828,0.0004893544622319279,-0.5094465393923208,-0.030000000000000027,-0.09000000000000008,0.14208012594469677
2020-07-24,25.84,0.59,99.6,99.8,97.94,98.28,84.33,12744200.0,-0.007072135785007094,0.28933231945266963,0.44691061359670153,0.7096301837498178,0.00048777782777309486,-0.480394486676058,-0.050000000000000044,-0.050000000000000044,0.833257897459927
2020-07-27,24.74,0.62,97.51,97.63,96.17,96.9,83.14,11959100.0,-0.014041514041513992,0.29560354129175814,0.44720110285464665,0.7097975968071202,0.00048323314215905635,-0.4245815037936982,0.0,-0.020000000000000018,0.8311179206342276
2020-07-28,25.44,0.59,96.5,97.89,96.5,97.32,83.5,11754300.0,0.004334365325077361,0.29375202546748774,0.44720826003542624,0.7098343598343755,0.00048350103810511634,-0.3995021353172567,-0.020000000000000018,-0.07000000000000006,0.1880407042461679
2020-07-29,24.1,0.58,97.07,99.71,97.0,99.68,85.53,12743500.0,0.024249897246198193,0.30132668294958864,0.44763396103302006,0.7108420601384455,0.0004866149458412794,-0.42512478965838585,-0.020000000000000018,-0.10999999999999999,0.23950784989846935
2020-07-30,24.76,0.55,97.54,97.74,96.05,97.02,83.24,14834800.0,-0.026685393258427115,0.31828242154097075,0.451115212948748,0.7117610334275457,-4.630828321527947e-07,-0.41796034506522395,-0.039999999999999925,-0.13,0.6611203796121627
2020-07-31,24.46,0.55,96.48,96.93,95.25,96.64,82.92,14535000.0,-0.003916718202432445,0.31872408500547755,0.45016486419279483,0.7117650472087935,2.8065450646541645e-06,-0.38955715922880924,-0.039999999999999925,-0.13249999999999995,0.6572029365530335
2020-08-03,24.28,0.56,97.02,97.57,95.85,96.1,82.46,12962800.0,-0.005587748344370924,0.313348431998319,0.44588640465223744,0.7116895721907194,3.760765455324e-06,-0.33827956944442983,-0.05999999999999994,-0.1299999999999999,0.7107096616683548
2020-08-04,23.76,0.52,95.91,95.95,95.03,95.55,81.98,13366200.0,-0.00572320499479706,0.29542914147091665,0.4404536982798798,0.7117081544492687,-8.038500594664822e-07,-0.17262100107729952,-0.06999999999999995,-0.13,0.6763431957049102
2020-08-05,22.99,0.55,95.87,98.47,95.72,97.21,83.41,15260900.0,0.017373103087388708,0.29903027710679786,0.4349302052703611,0.7119015572171145,3.1659740485134868e-06,-0.08482965944114146,-0.029999999999999916,-0.12,0.42626554475486905
2020-08-06,22.65,0.55,97.58,98.1,96.54,97.24,83.43,10482100.0,0.0003086102252853884,0.2856391063993202,0.42739021917971604,0.7119034308510055,-2.2725991743577366e-06,0.28203355805504393,0.0,-0.06999999999999995,0.2285377754453183
2020-08-07,22.21,0.57,96.93,99.49,96.56,99.38,85.27,14743700.0,0.02200740436034554,0.2248218633792942,0.4271055242572871,0.7125788257322785,9.451975559793269e-07,0.2380603195452218,0.019999999999999907,-0.08000000000000007,0.4553092929879262
2020-08-10,22.13,0.59,100.11,102.04,100.03,100.64,86.35,14989900.0,0.012678607365667283,0.2236599674270659,0.4146885278977405,0.7119128145115687,-3.248399877936459e-06,0.17385993699564922,0.029999999999999916,-0.050000000000000044,0.49998683924318493
2020-08-11,24.03,0.64,103.86,106.16,103.51,103.82,89.08,24494500.0,0.03159777424483301,0.2475605669605723,0.41648780893618437,0.7106485820249293,-2.082141546649874e-06,0.0889941954230043,0.12,0.010000000000000009,0.9415675481938173
2020-08-12,22.28,0.69,106.16,106.43,101.71,102.94,88.32,19240800.0,-0.008476208822962739,0.24601220771575616,0.4132755814774018,0.7107187495211833,-2.394979405645481e-06,-0.14833657277270187,0.1399999999999999,0.04999999999999993,0.194388052165072
2020-08-13,22.13,0.71,102.0,103.36,101.64,102.37,87.84,13598600.0,-0.005537206139498707,0.2472933100046708,0.41242250996682916,0.7082426129527171,2.8972711134500615e-06,-0.39514508761730216,0.15999999999999992,0.08999999999999997,0.5855771230181334
2020-08-14,22.05,0.71,101.5,103.31,101.42,102.41,87.87,12134400.0,0.0003907394744553372,0.2360907710253591,0.41189823643965656,0.7054618643448762,2.0250609287730815e-06,-0.4660853083245324,0.14,0.06999999999999995,0.3209382929321221
2020-08-17,21.35,0.69,101.5,102.0,99.53,99.71,85.55,14988000.0,-0.02636461283077829,0.2545071002069208,0.40228644969587934,0.703161963320619,1.3486523318229083e-06,-0.44605262913959254,0.09999999999999998,0.06999999999999995,0.4599178181340715
2020-08-18,21.51,0.67,99.91,99.91,98.12,98.32,84.36,13246500.0,-0.013940427238993136,0.24808142841334602,0.40213936427333846,0.7013728768471253,-2.790966833376984e-06,-0.4144760149062166,0.030000000000000027,0.06000000000000005,0.5832487054027453
2020-08-19,22.54,0.68,98.92,100.59,98.34,98.55,84.56,13533000.0,0.002339300244101006,0.24692310425880204,0.3841156402876915,0.7004202429073473,7.593111175374646e-08,-0.40371246686825235,-0.009999999999999898,0.08000000000000007,0.44308677049542244
2020-08-20,22.72,0.65,97.26,98.03,96.8,97.37,83.54,13672600.0,-0.011973617453069463,0.2502554756099289,0.38368388713422724,0.6970472725094339,-5.106875073329631e-06,-0.4242411737379901,-0.05999999999999994,0.06000000000000005,0.5489970216830963
2020-08-21,22.54,0.64,97.27,98.57,96.94,97.32,83.5,12228300.0,-0.0005135051864024742,0.249121533710173,0.3800167784332956,0.6930008685694833,-3.748736491310245e-06,-0.4220705776281085,-0.06999999999999995,0.050000000000000044,0.6602743860203633
2020-08-24,22.37,0.65,98.45,100.21,97.42,100.06,85.85,17898300.0,0.02815454171804377,0.2630547833595914,0.38340007805135656,0.6652457590323835,-7.399413291919732e-07,-0.3984406152063882,-0.039999999999999925,0.030000000000000027,0.7486991780744726
2020-08-25,22.03,0.69,101.27,101.98,99.8,100.5,86.23,13648900.0,0.004397361583050152,0.2630631320269661,0.3834390354487885,0.6558656440235499,9.169373946849025e-07,-0.3866186165272709,0.019999999999999907,0.09999999999999998,0.41945101469701307
2020-08-26,23.27,0.69,99.94,100.27,99.05,99.09,85.02,12052400.0,-0.014029850746268613,0.25457295094214455,0.3679852417777539,0.6524952360171206,-2.20541339454039e-06,-0.4181015154206485,0.009999999999999898,0.10999999999999999,0.6974236101809448
2020-08-27,24.47,0.74,99.0,102.65,99.0,102.35,87.82,22163900.0,0.03289938439802187,0.2600777512832979,0.3718008774115344,0.6425584970477667,4.006206058032591e-06,-0.20691633183793195,0.08999999999999997,0.18999999999999995,0.8876050511733614
2020-08-28,22.96,0.74,103.14,103.25,101.81,102.77,88.18,13756700.0,0.004103566194430863,0.2588842757342684,0.3597305323475202,0.5875368369332112,1.5860408582590858e-07,-0.0876243158692492,0.09999999999999998,0.18999999999999995,0.41731650122319014
2020-08-31,26.41,0.72,102.12,102.18,100.02,100.19,85.96,14219400.0,-0.025104602510460206,0.276356117350351,0.3603376539823012,0.5463726044281663,-5.5146891335622336e-06,0.0673752881125979,0.06999999999999995,0.15999999999999992,0.5550275572276562
2020-09-01,26.12,0.68,99.55,100.87,99.04,100.14,85.92,11595600.0,-0.0004990518015769441,0.27498096917350023,0.3569014186521253,0.5394193244467251,1.0902108360799634e-06,0.144092037575631,-0.009999999999999898,0.16000000000000003,0.7179480751509906
2020-09-02,26.57,0.66,99.95,101.94,99.56,101.65,87.22,14475700.0,0.015078889554623665,0.2734504440851215,0.34896426131652236,0.5168775244696098,1.76328697748529e-07,0.2105034794553359,-0.029999999999999916,0.10999999999999999,0.47297102351034065
2020-09-03,33.6,0.63,103.32,104.99,100.64,101.33,86.94,23281200.0,-0.0031480570585342704,0.2740716114741288,0.3032165618218227,0.5164856040516533,4.961934416014557e-07,0.1922350322672262,-0.10999999999999999,0.07999999999999996,0.11669099738502901
2020-09-04,30.75,0.72,104.05,105.21,101.37,103.52,88.82,24494500.0,0.02161255304450793,0.2736965153621086,0.30129343481444093,0.5161566700908902,-1.2382613975403523e-06,0.3075466225292542,-0.020000000000000018,0.15000000000000002,0.8769946262544688
2020-09-07,31.2825,0.6975,103.2475,103.98,99.9525,100.82,86.5025,23162825.0,-0.026081916537867067,0.28818175729752604,0.30498976602287414,0.5113781461940854,-1.1211413755762844e-06,0.2794682327466374,-0.022499999999999964,0.10750000000000004,0.18718926751523868
2020-09-08,31.46,0.69,102.98,103.57,99.48,99.92,85.73,22108600.0,-0.008926800238047927,0.2646469664541433,0.305092361611415,0.48249799037839486,-2.1616522456802122e-06,0.25405272662712014,0.009999999999999898,0.04999999999999993,0.21063256060884777
2020-09-09,28.81,0.71,100.8,101.69,99.56,100.87,86.55,13434000.0,0.009507606084868003,0.2663065068527935,0.30116909453094903,0.47979855346100253,3.4728185313581683e-06,0.3255456801117114,0.04999999999999993,0.020000000000000018,0.3590402914216332
2020-09-10,29.71,0.68,101.4,102.42,99.64,99.83,85.66,15922800.0,-0.010310300386636273,0.2679471014181527,0.30173885104322556,0.46953537034662135,-3.0133982046320897e-07,0.36350312081988734,0.050000000000000044,-0.029999999999999916,0.5101968447467666
2020-09-11,26.87,0.67,99.97,101.36,99.59,101.07,86.72,13784300.0,0.012421115897024881,0.27221590065144996,0.3017302479798344,0.45794704275871395,-1.438385698049327e-07,0.4563926902783291,-0.04999999999999993,-0.039999999999999925,0.36407897555295
2020-09-14,25.85,0.68,101.51,103.46,101.37,102.47,87.92,19017400.0,0.013851785890966806,0.2586662257560718,0.30193193424592313,0.4568943643256889,1.1113082546698738e-06,0.4302330479698514,-0.01749999999999996,-0.009999999999999898,0.6472563067984404
2020-09-15,25.59,0.68,102.73,102.85,99.14,99.28,85.18,23683000.0,-0.031131062750073157,0.27869149321239817,0.308145486591186,0.45591420880110034,-2.167512448686404e-06,0.38065197996343514,-0.009999999999999898,0.010000000000000009,0.1845933999885237
2020-09-16,26.04,0.69,99.43,101.13,98.76,99.7,85.54,19270600.0,0.004230459307010603,0.27892587043815875,0.3000569296088522,0.4461713668512422,-3.943305616027626e-06,0.33736558116696097,-0.020000000000000018,0.009999999999999898,0.6129391537400297
2020-09-17,26.46,0.69,98.7,99.34,97.71,98.56,84.57,18290100.0,-0.011434302908726157,0.2786065536267795,0.2926783832341781,0.44353042455766667,5.3353242816023275e-06,0.24779057929212753,0.009999999999999898,0.039999999999999925,0.45148095596630833
2020-09-18,25.83,0.7,97.89,99.49,97.44,98.35,84.39,20121600.0,-0.0021306818181818787,0.2787632192718086,0.26930695868875376,0.4395176968194988,3.7134174291020284e-06,0.1404041565506686,0.029999999999999916,0.05999999999999994,0.3695075682202728
2020-09-21,27.78,0.68,95.2,96.05,93.82,95.31,81.78,24494500.0,-0.030910015251652156,0.28037207054352564,0.27709328593319005,0.4323726324523196,3.3206386197748294e-06,0.053924566948374185,0.0,0.030000000000000027,0.19918615446752216
2020-09-22,26.86,0.68,94.96,95.66,93.67,94.27,80.89,19257000.0,-0.010911761619976978,0.2808021193135534,0.2771377099881697,0.432331702413331,3.3400118403359434e-06,0.07582440156974772,0.0,-0.009999999999999898,0.4535321687240941
2020-09-23,28.58,0.68,94.78,95.35,92.66,92.74,79.57,19952700.0,-0.016229977723560052,0.2820494157996474,0.2786206533226904,0.4290979657238064,-1.0358155883405385e-06,-0.015673864561599353,-0.009999999999999898,-0.009999999999999898,0.43303469111898096
2020-09-24,28.51,0.67,92.32,94.3,91.38,92.66,79.5,18366500.0,-0.0008626266982962871,0.24824189540177893,0.27830002930713577,0.4086837649905534,-3.5395814591943074e-06,0.009209688151288097,-0.019999999999999907,-0.06999999999999995,0.5162799811604186
2020-09-25,26.38,0.66,92.05,93.72,91.87,93.47,80.2,13293100.0,0.008741636088927196,0.25098980755281725,0.27857406307177257,0.4086079617994308,-1.8454619267749274e-07,0.1955040379237297,-0.039999999999999925,-0.07999999999999996,0.21695083089744333
2020-09-28,26.19,0.67,95.06,96.93,94.35,96.16,82.51,20894100.0,0.02877928747191616,0.26511983286000324,0.28214316555966545,0.40784057194492956,4.617905875353711e-06,0.23958534273963614,-0.010000000000000009,-0.04999999999999993,0.6183674795314459
2020-09-29,26.27,0.66,96.03,96.03,94.33,95.35,81.81,12848200.0,-0.008423460898502544,0.2660480395484742,0.2764425448836376,0.4060495800952013,-1.124902277327422e-07,0.2927538318335321,-0.020000000000000018,-0.020000000000000018,0.8275833760749242
2020-09-30,26.37,0.69,95.35,97.2,95.26,96.27,82.6,16400600.0,0.00964866282118515,0.26200720863382687,0.276301329303045,0.39972946018520233,-2.2583141542686923e-06,0.3513718122899996,0.009999999999999898,0.029999999999999916,0.3306152597293523
2020-10-01,26.7,0.68,97.12,97.77,96.03,96.97,83.2,15778700.0,0.007271216370624334,0.26431068334215807,0.27265532376199486,0.3957645975433425,5.002404449949705e-07,0.28113167182325466,0.010000000000000009,0.050000000000000044,0.3137120083046263
2020-10-02,27.63,0.7,95.25,98.59,95.09,97.89,83.99,15149600.0,0.009487470351655203,0.25317433193885575,0.24952066319454086,0.37416202350046873,3.171558364656324e-07,0.14598761962059773,0.039999999999999925,-0.020000000000000018,0.2959719791631042
2020-10-05,27.96,0.78,98.32,99.25,97.53,99.04,85.77,13871900.0,0.011747880273776712,0.24214911983559836,0.24895930527148483,0.37058035417020463,0.0004676121375357167,0.030287143982359734,0.10999999999999999,0.08250000000000002,0.2471638648734269
2020-10-06,29.48,0.76,100.07,100.86,97.51,98.02,84.88,19220400.0,-0.01029886914378042,0.24280950642027394,0.24964739146849527,0.36836740646514765,0.0004638662156221052,-0.0965177273252184,0.09999999999999998,0.07000000000000006,0.38655229826075166
2020-10-07,28.06,0.81,98.96,100.35,98.67,99.73,86.36,16358500.0,0.01744541930218335,0.248859019674784,0.2501975887395596,0.36911907557216134,0.0004605836733535651,-0.1577469271215417,0.1200000000000001,0.10000000000000009,0.3914423381734967
2020-10-08,26.36,0.78,100.51,101.92,99.9,101.78,88.14,15659000.0,0.020555499849593817,0.25663663807741777,0.2536315013596986,0.37018312330116726,0.0004619465662654032,-0.33081926322050614,0.09999999999999998,0.09999999999999998,0.3430293704273775
2020-10-09,25.0,0.79,102.0,102.11,100.11,101.2,87.64,13689100.0,-0.005698565533503563,0.25407497926457107,0.2508959338996954,0.36980041686643145,0.00046554457281076657,-0.4134836344731257,0.09000000000000008,0.12,0.7769451037035581
2020-10-12,25.07,0.7525,101.1,103.0,100.85,102.44,88.71,16058000.0,0.0122529644268774,0.2529955395594675,0.25123183922346204,0.36506616677000675,0.00046407249743860566,-0.45468469742779066,-0.02750000000000008,0.0724999999999999,0.3824529724299301
2020-10-13,26.07,0.74,103.0,103.22,100.26,100.78,87.27,21697300.0,-0.016204607575165952,0.23333603740936582,0.24989174428408156,0.3657933854027575,0.0004643820079832217,-0.4573052366759758,-0.020000000000000018,0.05999999999999994,0.20842369334942706
2020-10-14,26.4,0.73,101.03,101.93,100.1,100.22,86.79,15204100.0,-0.005556658067076836,0.23404215678227192,0.24969674920200785,0.3638842763030716,0.00046742698669917647,-0.45026006044813005,-0.08000000000000007,0.040000000000000036,0.6634093017851478
2020-10-15,26.97,0.74,99.1,101.78,99.04,101.72,88.09,17171200.0,0.014967072440630558,0.2351510677206038,0.25143438087130754,0.3630656866189869,0.0004632153744169532,-0.42295018192411227,-0.040000000000000036,0.050000000000000044,0.49175348101773003
2020-10-16,27.41,0.76,101.41,102.33,100.72,101.51,87.91,13275000.0,-0.0020644907589461026,0.23513694500180574,0.25099262455787913,0.3609466849010951,0.000464160244145434,-0.3849316714470291,-0.030000000000000027,0.06000000000000005,0.7600546176105343
2020-10-19,29.18,0.78,101.6,101.87,99.56,99.8,86.42,11725700.0,-0.01684563097231806,0.2135899091803254,0.25175886528034597,0.36139056296595584,0.0004598148862626994,-0.28410557861513974,0.02750000000000008,0.09999999999999998,0.8334389634042962
2020-10-20,29.35,0.81,100.31,101.77,100.12,100.37,86.92,11257100.0,0.005711422845691372,0.20793499989702321,0.2518615500805047,0.3614389865756003,0.00046204633832781506,-0.22631472343495923,0.07000000000000006,0.13,0.17261149695679204
2020-10-21,28.65,0.83,100.36,100.99,99.33,99.37,86.05,10730500.0,-0.009963136395337302,0.2012419454579693,0.24789048800596755,0.36064018720038704,0.00046421674259110036,-0.12185528304554445,0.09999999999999998,0.1499999999999999,0.8266079073478544
2020-10-22,28.11,0.87,99.32,103.24,99.31,102.88,89.09,14837200.0,0.03532253195129309,0.22972958839623867,0.25184821011312464,0.36380134511038764,0.0004653510152074436,0.04809172336885093,0.13,0.19999999999999996,0.4643542641559006
2020-10-23,27.55,0.85,103.5,104.45,102.93,103.81,89.9,15087600.0,0.009039657853810334,0.22979047921625026,0.25214513395483035,0.36331457004456846,0.00046479888470779,-0.0069422675885176645,0.08999999999999997,0.18999999999999995,0.4777350006583298
2020-10-26,32.46,0.81,102.65,102.7,100.25,101.24,87.67,12410700.0,-0.024756767170792893,0.2359167330409708,0.2573930167756936,0.36253888621471697,0.00046115653343916095,0.02579228757563704,0.030000000000000027,0.14,0.7204973424932264
2020-10-27,33.35,0.79,100.51,100.92,99.16,99.33,86.02,10391700.0,-0.018866060845515564,0.2451671452622813,0.26025224768519506,0.3603482207310642,0.0004665180472725017,-0.11887144256988479,-0.020000000000000018,0.13,0.8279368241713857
2020-10-28,35.49250000000001,0.79,97.5,98.3,96.07,96.54,83.6,16389500.0,-0.028088190878888475,0.26561939701132914,0.2645130366130377,0.35912094082751345,0.00046382407248641286,-0.43965931592243457,-0.039999999999999925,0.10000000000000009,0.3618415041922055
2020-10-29,35.49250000000001,0.85,96.12,97.98,95.24,97.17,84.15,14208800.0,0.006525792417650722,0.2653719754128723,0.2648485584454687,0.35439064782165314,0.000466826648571711,-0.628222547801712,-0.020000000000000018,0.16999999999999993,0.4544797312130961
2020-10-30,35.49250000000001,0.88,97.91,98.42,96.23,98.04,84.9,15194500.0,0.008953380673047295,0.2651316744336806,0.2615727123122284,0.3534026475753873,0.0004644260137615985,-0.7125993113345195,0.030000000000000027,0.18000000000000005,0.5421243220308805
2020-11-02,35.49250000000001,0.87,99.39,100.88,97.86,100.25,86.81,15011600.0,0.022541819665442553,0.2739830125188727,0.26439540886827617,0.34667774529133355,-4.535219195522799e-06,-0.6841908437906883,0.05999999999999994,0.08999999999999997,0.5208296320777565
2020-11-03,35.49250000000001,0.9,103.02,104.74,102.69,103.41,89.55,17482600.0,0.03152119700748135,0.2912863034214416,0.26435645244071654,0.3481174731324445,1.4263847745665804e-06,-0.5152970009682889,0.10999999999999999,0.14,0.7398112639316221
2020-11-04,29.57,0.78,101.0,102.07,98.93,100.25,86.81,18886500.0,-0.030557973116719817,0.3086808863738882,0.27119071363676184,0.3486874450438741,-1.645508455438982e-07,-0.5309856897257433,-0.010000000000000009,-0.030000000000000027,0.19032819932740835
2020-11-05,27.58,0.79,101.06,105.1,101.0,104.35,90.36,17837400.0,0.04089775561097242,0.3336953380052771,0.2837642623097705,0.3528482142067718,-3.0878835291403563e-06,-0.527733192071367,-0.05999999999999994,0.010000000000000009,0.7327504779106434
2020-11-06,24.86,0.83,105.03,105.1,102.39,102.96,89.16,12552800.0,-0.013320555821753732,0.3369439456265644,0.28516970658193486,0.35324762866805703,-2.339481907509544e-06,-0.5705838844632303,-0.050000000000000044,0.039999999999999925,0.6885244576790515
2020-11-09,25.75,0.96,113.16,118.9,110.35,116.9,101.23,24494500.0,0.13539238539238552,0.5840372910830424,0.39299314157632537,0.396219918913643,-9.525940807275646e-07,-0.49636633223013243,0.08999999999999997,0.20750000000000002,0.9267351232322356
2020-11-10,24.8,0.98,117.35,117.45,114.69,116.52,100.9,20539300.0,-0.0032506415739949057,0.578930426996514,0.39163984149565584,0.39570614944070104,8.958443248330283e-09,-0.5838398467126863,0.07999999999999996,0.24,0.18179123905870762
2020-11-11,23.45,0.93,116.89,116.96,113.96,114.78,99.4,14443400.0,-0.014933058702368607,0.5827608533689729,0.39338304497651877,0.3878844389940045,5.622685403883221e-07,-0.6821537864463602,0.15000000000000002,0.20000000000000007,0.5531106560911764
2020-11-12,25.35,0.88,112.53,113.96,112.06,113.37,98.18,22063000.0,-0.012284370099320374,0.5860934986637942,0.3934335180855874,0.3876715394185051,5.333269614993252e-07,-0.7233705713052884,0.08999999999999997,0.14,0.15081177315395336
2020-11-13,23.1,0.89,114.7,114.86,113.57,114.08,98.79,11847900.0,0.006262679721266595,0.585309463300177,0.39343273877496937,0.3857355494180574,-2.989808943509864e-06,-0.7726459603949454,0.06000000000000005,0.13,0.28781366900239785
2020-11-16,22.45,0.91,117.79,118.61,115.73,117.3,101.58,19858600.0,0.02822580645161299,0.5833638686923625,0.3934522717193505,0.3872991289293813,3.0490300336971644e-06,-0.8125713033990145,-0.04999999999999993,0.13,0.7395815700590908
2020-11-17,22.71,0.87,115.39,116.44,114.58,116.11,100.55,14553200.0,-0.010144927536231862,0.5871509426532538,0.39435036346699537,0.38767379985256256,-3.8418114720606413e-07,-0.83771195350495,-0.10999999999999999,0.05999999999999994,0.590824759747827
2020-11-18,23.84,0.88,117.34,118.61,115.2,115.25,99.8,12571200.0,-0.007406769442769745,0.5861872563484751,0.39338263151165165,0.38025451352173784,-6.874156592340253e-07,-0.865447870596946,-0.050000000000000044,0.050000000000000044,0.7200302671171516
2020-11-19,23.11,0.86,114.18,115.82,113.56,115.56,100.07,10202500.0,0.00268980477223435,0.5774327242557081,0.3883531913358147,0.37917197757302934,-1.876486433627367e-07,-0.8819125794472226,-0.020000000000000018,-0.010000000000000009,0.19133541219529016
2020-11-20,23.7,0.83,114.43,115.65,114.09,114.57,99.21,12718900.0,-0.008566978193146446,0.5797516231438941,0.38897051961721135,0.3739066692733039,-4.139786042400839e-06,-0.8957564262828908,-0.06000000000000005,-0.020000000000000018,0.6795524823893747
2020-11-23,22.66,0.86,116.05,118.17,115.57,117.87,102.07,13209200.0,0.028803351662739063,0.5737688926490572,0.3885582807427441,0.37509832496644785,-4.642955354849931e-07,-0.8972927133982106,-0.050000000000000044,0.04999999999999993,0.3446727050129036
2020-11-24,21.64,0.88,120.07,123.5,119.71,123.32,106.79,20121600.0,0.046237380164588116,0.5795165225702041,0.3984429044562571,0.3788953701529985,-2.5244094054244216e-06,-0.8916036801511094,0.010000000000000009,0.08999999999999997,0.7358809571636996
2020-11-25,21.25,0.88,121.37,122.38,120.47,122.03,105.68,11715600.0,-0.01046059033409008,0.5667937140115439,0.39878541709992693,0.3743629293602653,3.133408634720114e-06,-0.881056540963503,0.0,0.08999999999999997,0.7463482621504395
2020-11-26,21.045,0.86,121.685,122.365,120.775,121.625,105.325,8849600.0,-0.003318856019011718,0.569208973006132,0.39879745390933435,0.35330448599019787,-1.5309020559794996e-06,-0.8652209682197016,0.0,0.010000000000000009,0.8342204567161549
2020-11-27,20.84,0.84,122.0,122.35,121.08,121.22,104.97,5983600.0,-0.0033299075025693403,0.5717064931995754,0.39719029478986595,0.3514532277577821,-1.5501365891845698e-06,-0.8407342790284362,0.010000000000000009,-0.040000000000000036,0.8745730537563376
2020-11-30,20.57,0.84,120.0,120.72,117.77,117.88,102.08,14411800.0,-0.02755320904141234,0.5860571806403609,0.3976604650836122,0.3535775597547033,1.7459098943517493e-06,-0.8049780099510775,-0.020000000000000018,-0.030000000000000027,0.5420787447515266
2020-12-01,20.77,0.92,120.34,121.58,119.63,119.74,103.69,12668900.0,0.015778758059043163,0.5805812360866475,0.3977441088783358,0.35405938908465556,-6.24717739805547e-07,-0.8507566229032956,0.040000000000000036,0.020000000000000018,0.3814735777992214
2020-12-02,21.17,0.95,119.7,122.31,119.27,122.04,105.68,10811300.0,0.019208284616669458,0.5634138863965442,0.3988842404527657,0.35278165524001015,6.027666358821016e-07,-0.7854450933887952,0.06999999999999995,0.16999999999999993,0.3124083391859062
2020-12-03,21.28,0.92,121.85,121.89,120.36,121.24,104.99,12904400.0,-0.006555227794165952,0.5545059712900321,0.39840376485087853,0.35283529999186497,2.100439131796916e-06,-0.7073620717755997,0.06000000000000005,0.13,0.5747737398805685
2020-12-04,20.79,0.97,122.48,123.29,121.69,122.34,105.94,13583700.0,0.00907291322995718,0.5487138106206276,0.398144012571983,0.35244230026808654,-1.1545974305915419e-06,-0.766130079110774,0.13,0.14,0.457895732561417
2020-12-07,21.3,0.94,121.15,122.17,120.21,121.88,105.55,9724300.0,-0.0037600130783064234,0.2814952754623466,0.3978212605837545,0.352040950782725,3.577350982708616e-06,-0.827252280422009,0.09999999999999998,-0.020000000000000018,0.7193723121673903
2020-12-08,20.68,0.92,121.04,122.33,120.76,122.0,105.65,9592100.0,0.0009845749917951618,0.28080105642439457,0.3913789757339703,0.3517391103432509,2.185934087545194e-06,-0.8622878925764886,0.0,-0.05999999999999994,0.29035453512540577
2020-12-09,22.27,0.95,123.17,123.3,120.44,121.05,104.83,13073900.0,-0.0077868852459016535,0.2760398583745006,0.3920871696234368,0.3482120412762854,7.293721625001304e-08,-0.8368870758742611,0.0,0.019999999999999907,0.4967568205424784
2020-12-10,22.52,0.92,119.99,120.78,119.56,120.27,104.15,13668400.0,-0.006443618339529111,0.2725619675991041,0.3914066221177134,0.34515979355738463,-2.637834445329279e-06,-0.7901209501226054,0.0,0.040000000000000036,0.41958473619655906
2020-12-11,23.31,0.9,118.94,120.02,118.37,119.56,103.54,9981600.0,-0.005903384052548422,0.2741045515160196,0.39171918948613316,0.33526327341797546,2.1629535596423556e-06,-0.7382329258697186,-0.06999999999999995,0.010000000000000009,0.6811837031234019
2020-12-14,24.72,0.9,121.34,121.42,118.11,118.3,102.45,12112400.0,-0.010538641686182681,0.2600038926028503,0.38625214635849714,0.3357677013689271,1.9603667976098028e-06,-0.6880051675587676,-0.039999999999999925,-0.010000000000000009,0.5009231491027474
2020-12-15,22.89,0.92,119.29,120.9,118.62,120.32,104.19,12590200.0,0.017075232459847767,0.26308807382350474,0.3859308253272029,0.336196771107412,-2.7892994465761324e-06,-0.670676451155409,0.0,0.050000000000000044,0.5504700249974583
2020-12-16,22.5,0.92,120.3,121.08,119.86,120.67,104.5,11169400.0,0.0029089095744680993,0.26078031011570124,0.3835569607373392,0.3358288046809423,3.1520528468831353e-06,-0.6066440842600722,-0.029999999999999916,0.040000000000000036,0.43020693423992135
2020-12-17,21.93,0.94,121.26,121.45,119.58,119.67,103.63,11618000.0,-0.008287063893262614,0.2635300174628576,0.3843155731316566,0.33594235426572916,4.4309545344511927e-07,-0.5786636085879121,0.019999999999999907,0.07999999999999996,0.5367657167028457
2020-12-18,21.57,0.95,119.14,119.88,118.27,119.08,103.12,24494500.0,-0.004930224784824966,0.26192951254219143,0.3846995590034612,0.33605650015213395,2.25075992539292e-06,-0.4543360521022144,0.04999999999999993,0.12,0.04638224170490626
2020-12-21,25.16,0.95,123.17,125.0,121.09,123.55,106.99,24494500.0,0.037537789721195924,0.27525359402264243,0.3874866846538366,0.33909110277842625,6.463882289309275e-07,-0.0693282970109112,0.04999999999999993,0.08999999999999997,0.9156600761363436
2020-12-22,24.23,0.93,123.39,123.52,121.61,121.67,105.36,11788200.0,-0.015216511533791999,0.2281358681965418,0.3887000252494138,0.3371232901232619,-5.536069984324321e-07,0.0013373146600754108,0.010000000000000009,0.050000000000000044,0.5543513692315152
2020-12-23,23.31,0.96,122.78,126.52,122.35,125.07,108.31,14973200.0,0.027944439878359484,0.24609005052817245,0.39156259611736005,0.3389349566159261,-1.2410610535140697e-06,0.13337132376823013,0.039999999999999925,0.07999999999999996,0.6123654285804299
2020-12-24,21.53,0.94,125.09,125.55,123.57,124.52,107.83,4164900.0,-0.004397537379067673,0.24639075598318816,0.39195999868010317,0.337231794830977,-9.341352773251099e-07,0.09208782713677614,0.0,0.07999999999999996,0.8545734566569188
2020-12-25,21.5725,0.94,125.2725,125.825,123.875,124.725,108.0075,5141825.0,0.0016463218760038867,0.24578553012910176,0.39186011205949944,0.3286083193713921,1.092669421648429e-06,0.04639325458523572,-0.010000000000000009,0.09999999999999998,0.17675331362730695
2020-12-28,21.7,0.94,125.82,126.65,124.79,125.34,108.54,8072600.0,0.0049308478653038446,0.22053971998376853,0.39155806182300845,0.3281652805646045,-4.6081531412944796e-08,-0.10654425520404748,-0.010000000000000009,0.09999999999999998,0.29775969977764194
2020-12-29,23.08,0.94,126.2,126.28,124.89,125.01,108.26,8389200.0,-0.002632838678793714,0.21621236947402805,0.3906581863151058,0.32820318016483463,2.953592404569827e-06,-0.11909435425036691,0.009999999999999898,0.019999999999999907,0.6769343327801319
2020-12-30,22.77,0.93,125.49,125.85,124.9,125.36,108.56,7398000.0,0.002799776017918587,0.2067749528475965,0.3897126533041751,0.32763229871709715,2.3317523094701363e-06,-0.09198242137548389,-0.029999999999999916,-0.019999999999999907,0.29226745464122544
2020-12-31,22.75,0.93,125.09,127.33,124.82,127.07,110.04,8580200.0,0.013640714741544269,0.20885710579038483,0.3887221750538388,0.32805680722300223,6.391309909425935e-07,-0.08427350426395772,-0.009999999999999898,0.010000000000000009,0.35278647199213725
2021-01-01,23.805,0.93,125.6925,127.4625,124.81,126.77,109.78,10640125.0,-0.0023609034390492667,0.2079769685507271,0.38842702365061493,0.3267312557833944,1.75585974560577e-06,-0.0011725690104598396,-0.009999999999999898,-0.039999999999999925,0.5454154281671206
2021-01-04,26.97,0.93,127.5,127.86,124.78,125.87,109.0,16819900.0,-0.007099471483789421,0.2095061423158328,0.3887046528690155,0.32662057940807343,-2.4776013990868153e-06,0.1506441784536899,-0.009999999999999898,-0.009999999999999898,0.28423787913584503
2021-01-05,25.34,0.96,124.99,126.3,123.77,125.65,109.59,13731200.0,-0.0017478350679271948,0.20985300819424046,0.3866632072462152,0.3254462528750689,0.0003580392417695255,0.20011822460926243,0.020000000000000018,0.039999999999999925,0.4253248545789409
2021-01-06,25.07,1.04,129.88,132.77,127.88,131.55,114.74,24494500.0,0.04695582968563472,0.26120704382319304,0.3960056992392704,0.33155180035699033,0.0003585501799696966,0.2954914887390227,0.10999999999999999,0.09000000000000008,0.878601044791104
2021-01-07,22.37,1.08,135.69,138.19,134.92,135.87,118.51,21940400.0,0.03283922462941846,0.2765568651143838,0.39963565445527766,0.33443391304350095,0.00036157323892915263,0.11624011606024405,0.15000000000000002,0.16000000000000003,0.8020213642376941
2021-01-08,21.56,1.13,135.97,136.35,134.12,136.02,118.64,12035100.0,0.0011039964672112657,0.27357229552618056,0.3994445741436962,0.33412963338990287,0.00035888535781749555,-0.03515035812978197,0.19999999999999984,0.22999999999999987,0.4523330954511342
2021-01-11,24.08,1.15,134.58,138.2,134.11,138.05,120.41,15937900.0,0.014924275841788015,0.2672625094563613,0.3972600969502384,0.3336512526936064,0.0003580580453675819,0.10451982006316615,0.21999999999999986,0.2499999999999999,0.5987274963327516
2021-01-12,23.33,1.15,139.44,141.66,138.83,140.22,122.3,18033500.0,0.015718942412169312,0.26668646291628706,0.3977885710679541,0.3341431860616623,0.0003614371492978663,0.08981458985537052,0.18999999999999995,0.22999999999999987,0.6641341314116617
2021-01-13,22.21,1.1,138.59,140.79,138.1,140.35,122.42,14816800.0,0.000927114534303275,0.26726206599709207,0.3965597659138389,0.3327472049553292,0.00036082704281092395,-0.01077865144517368,0.06000000000000005,0.18000000000000005,0.5369523644490661
2021-01-14,23.25,1.15,140.49,142.75,140.0,141.17,123.13,18565600.0,0.005842536515853203,0.2606663220867721,0.3918442248191218,0.32991491546222784,0.0003606287009783493,-0.07039594888895208,0.06999999999999984,0.20999999999999996,0.6633668313413426
2021-01-15,24.34,1.11,137.43,141.65,137.01,138.64,120.92,24494500.0,-0.017921654742509063,0.27326665721674787,0.39471092151260584,0.3311888194694652,0.0003588157538150005,-0.126071819729903,-0.019999999999999796,0.16000000000000014,0.16728221759834033
2021-01-18,23.515,1.1025,139.2525,140.9375,137.6175,138.19,120.53,21853100.0,-0.003245816503173571,0.25185357614579906,0.39019138512373364,0.331074282644423,0.00036026541509852627,-0.05695885056610403,-0.047499999999999876,0.15250000000000008,0.22240017777675375
2021-01-19,23.24,1.1,139.86,140.7,137.82,138.04,120.4,19843800.0,-0.0010854620450105879,0.24102618470366755,0.3871418317901454,0.33087653726945293,0.0003615526044256634,-0.01200725434954435,-0.04999999999999982,0.17000000000000004,0.29974616109959495
2021-01-20,21.58,1.1,137.82,138.17,135.44,135.97,118.59,16028800.0,-0.014995653433787282,0.23839187280487653,0.3831591636982136,0.33128139824830827,0.0003569799953973718,-0.0468998381024241,0.0,0.14000000000000012,0.4416496269001132
2021-01-21,21.32,1.12,135.69,136.16,134.32,134.83,117.6,13411700.0,-0.008384202397587637,0.24072782918390853,0.38428812416404456,0.331670745789723,0.00036051774786022837,-0.15015388313931347,-0.029999999999999805,0.18000000000000016,0.5681666288762394
2021-01-22,21.91,1.1,132.69,134.4,132.2,133.79,116.69,12933200.0,-0.007713416895349878,0.2442562465575119,0.3852114216354816,0.3308473150746984,0.000359284834527962,-0.2479745009096813,-0.010000000000000009,0.16000000000000014,0.6127229377937999
2021-01-25,23.19,1.05,132.14,133.17,130.06,132.12,115.24,14212800.0,-0.012482248299573895,0.2507555866330219,0.38526953471499337,0.3312474710558657,0.0003621600120220003,-0.3502918123474507,-0.05249999999999999,0.1100000000000001,0.5726728988701706
2021-01-26,23.02,1.05,132.75,133.17,131.34,131.58,114.77,11307800.0,-0.004087193460490357,0.25122268566715206,0.3816498606305905,0.32863086233570354,0.00035993498863954866,-0.38091325194752385,-0.050000000000000044,0.1100000000000001,0.7156468945995741
2021-01-27,35.49250000000001,1.04,129.59,129.85,127.35,127.86,111.52,17603900.0,-0.028271773825809476,0.27418944671120715,0.3807859272569993,0.3312321840752582,0.00035901139489710743,-0.444864942053123,-0.06000000000000005,0.10999999999999999,0.4317863426007276
2021-01-28,30.21,1.07,129.9,132.17,128.99,130.11,113.48,13761800.0,0.017597372125762734,0.2769303196144983,0.37416588208950263,0.33181094197382305,0.0003583078497194581,-0.5262422427542149,-0.050000000000000044,0.14,0.3352816772331734
2021-01-29,33.09,1.11,131.19,131.72,128.19,128.67,112.23,14808100.0,-0.011067558219967966,0.28017314789298964,0.373750125663295,0.33235899853393097,0.00036105114856264107,-0.6136941613729398,0.010000000000000009,0.18000000000000005,0.6248780066841019
2021-02-01,30.24,1.09,129.4,130.07,128.48,129.62,113.06,11080700.0,0.007383228413771814,0.27941072624692603,0.2545852477299618,0.3298236604515103,0.00036194598456423257,-0.6454186811423923,0.040000000000000036,0.16000000000000003,0.21237191974149716
2021-02-02,25.56,1.12,131.94,134.39,131.22,133.61,116.54,12253600.0,0.030782286684153837,0.2974935704458704,0.2611436217057959,0.33149600365919474,3.1798927860426927e-06,-0.711528077075411,0.07000000000000006,0.16000000000000014,0.26971498775190555
2021-02-03,22.91,1.15,133.65,135.76,133.51,135.14,117.87,10600800.0,0.011451238679739406,0.25142550612764714,0.25924838681226203,0.3317339238645674,-5.318624914041336e-07,-0.7194028968720206,0.10999999999999988,0.10999999999999988,0.21412639589374594
2021-02-04,21.77,1.15,135.47,138.66,135.47,138.25,120.58,12419500.0,0.02301317152582527,0.23717898397838988,0.2605335216539735,0.3322984087959329,-2.44979513421284e-06,-0.7291048362934239,0.07999999999999985,0.06999999999999984,0.31767004914171565
2021-02-05,20.87,1.19,139.39,139.49,137.38,137.98,120.35,10051300.0,-0.0019529837251357485,0.23740495954873314,0.26069777013869594,0.33233843168877286,1.83222381322512e-07,-0.7409387561133102,0.07999999999999985,0.06000000000000005,0.7902208121983512
2021-02-08,21.24,1.19,138.2,140.3,138.18,140.14,122.23,10136400.0,0.0156544426728511,0.2379936592119548,0.2568092645738675,0.33083500990483045,-1.2021368433812184e-06,-0.7555636921616726,0.09999999999999987,0.040000000000000036,0.2346485957779697
2021-02-09,21.63,1.18,139.43,139.98,138.54,139.58,121.74,8614800.0,-0.003996003996003861,0.2318763666919895,0.25576211807971866,0.33098455406780586,-7.351828574919673e-07,-0.7734707844036374,0.05999999999999983,0.030000000000000027,0.8000462869949316
2021-02-10,21.99,1.15,140.0,140.87,139.04,139.66,121.81,10323200.0,0.0005731480154749224,0.23185841515199454,0.2548700279306527,0.3300733788006628,-3.344299924423755e-06,-0.7780871171344543,0.0,0.04999999999999982,0.2879489380070923
2021-02-11,21.25,1.16,139.66,140.55,138.22,139.27,121.47,9201000.0,-0.00279249606186438,0.2309248247613553,0.2551765065658262,0.3272838230058192,-1.1518422377509997e-06,-0.8094160521982008,0.010000000000000009,0.010000000000000009,0.7416845928287433
2021-02-12,19.97,1.2,139.05,141.61,139.0,141.25,123.2,8324600.0,0.014216988583327206,0.22705533333839167,0.25494541354283023,0.3276986988547069,1.4582960383313636e-06,-0.8336340172253338,0.010000000000000009,0.08999999999999986,0.22055051320396546
2021-02-15,21.0875,1.275,142.425,144.39249999999998,141.55,143.8,125.4275,11179100.0,0.018053097345132718,0.23421007685547665,0.25133632159305896,0.3258629191514472,1.7665914087972023e-06,-0.8172834405773034,0.08499999999999996,0.17249999999999988,0.39945582289368736
2021-02-16,21.46,1.3,143.55,145.32,142.4,144.65,126.17,12130600.0,0.005910987482614649,0.23426674795863692,0.2350692849907457,0.32584047564163715,1.8573692327661373e-06,-0.7936080391962184,0.1200000000000001,0.19999999999999996,0.511395544111769
2021-02-17,21.5,1.29,143.95,145.38,143.12,145.1,126.56,10810100.0,0.003110957483581034,0.22502270498357357,0.23344672064892513,0.325383325913872,2.7730150675364663e-06,-0.7820141866825385,0.14000000000000012,0.18999999999999995,0.39686187359834096
2021-02-18,22.49,1.29,144.0,145.79,143.4,145.59,126.99,10587800.0,0.0033769813921433744,0.22071992787592912,0.2330761799004185,0.3252523161128486,1.9794913203030617e-06,-0.7747960446658929,0.13000000000000012,0.16999999999999993,0.3873357389778781
2021-02-19,22.05,1.34,145.86,148.84,145.86,148.02,129.11,11969800.0,0.016690706779311837,0.22063270140003502,0.23432262926852362,0.32474092155618645,3.39616553949873e-06,-0.7728074554024016,0.14000000000000012,0.24,0.5449205314009139
2021-02-22,23.45,1.37,146.87,150.19,146.79,149.41,130.32,11488400.0,0.009390622888798772,0.2108833708966429,0.22551746773429454,0.32202814389092144,-3.771740617775077e-07,-0.749080298311711,0.0950000000000002,0.32000000000000006,0.5065214561950289
2021-02-23,23.11,1.37,151.51,152.31,149.59,150.61,131.36,16234400.0,0.008031590924302279,0.20736111630167917,0.2243533726484438,0.3215818821411975,-3.357725976055326e-06,-0.7467146876517566,0.07000000000000006,0.32000000000000006,0.870548445229606
2021-02-24,21.34,1.38,150.11,153.76,150.11,153.26,133.68,15061400.0,0.017595113206294144,0.16359925912595272,0.2239079939206744,0.32210846481086275,2.2518059750453734e-06,-0.6796347214981172,0.08999999999999986,0.33999999999999986,0.8407087856604881
2021-02-25,28.89,1.54,154.27,154.9,150.59,151.18,131.86,18127700.0,-0.01357170820827347,0.17894807938221868,0.2257614841865622,0.3224431396378801,1.1610077405854735e-06,-0.42458161855377674,0.25,0.47,0.07521531040455495
2021-02-26,27.95,1.44,150.3,150.87,146.51,147.17,128.36,19829200.0,-0.02652467257573765,0.20660086618539236,0.23384183339651635,0.32513081982564274,-2.4453113667999295e-06,-0.10643616094278134,0.09999999999999987,0.32999999999999985,0.07160474190693325
2021-03-01,23.35,1.45,149.52,151.38,148.48,150.5,131.27,14845500.0,0.022626894068084713,0.21410180866166245,0.23672705148737772,0.3259793161615774,-9.181121778112367e-07,0.26929367373537993,0.07999999999999985,0.3599999999999999,0.7005285725058303
2021-03-02,24.1,1.42,150.08,151.78,149.84,150.01,130.84,14221700.0,-0.0032558139534883956,0.19872141179982714,0.23708868135987013,0.3222053231374213,-1.809970523686255e-06,0.4690288282851956,0.04999999999999982,0.2999999999999998,0.351925216756272
2021-03-03,26.67,1.47,151.23,154.98,150.82,152.91,133.37,14324100.0,0.019332044530364634,0.2035617493092047,0.23805756811506454,0.32300582113657805,3.3361732029724145e-07,0.589159011793639,0.09000000000000008,0.32000000000000006,0.6417914814857795
2021-03-04,28.57,1.54,152.61,154.38,148.62,150.56,131.32,20093900.0,-0.01536851742855272,0.20726002335833282,0.24042261865540163,0.3234479695520585,1.2816380466407206e-06,0.6096712432447305,0.0,0.3900000000000001,0.11688628363854955
2021-03-05,24.66,1.56,153.22,153.49,147.97,150.91,131.63,18465100.0,0.002324654622741784,0.20608614661228175,0.2395849694554158,0.3233412580032976,7.957461508889541e-07,0.5967943731384976,0.1200000000000001,0.3700000000000001,0.8009675432097011
2021-03-08,25.47,1.59,152.47,155.46,150.75,152.91,133.37,17133300.0,0.013252932211251789,0.20454335880435223,0.23837700266953868,0.31962176058997555,7.561510523057535e-07,0.5938686815213465,0.14000000000000012,0.40000000000000013,0.7181167993423175
2021-03-09,24.03,1.55,151.5,154.25,149.82,151.83,132.43,16238800.0,-0.007062978222483696,0.2065031307511249,0.2380259706022826,0.31928639442467127,2.151442571890483e-06,0.5752415179967489,0.13000000000000012,0.3700000000000001,0.3500991740137981
2021-03-10,22.56,1.53,151.91,156.16,151.51,155.13,135.31,14342200.0,0.021734835012843234,0.21493373680289124,0.24077046019825435,0.31888852446599797,2.670963096867984e-06,0.4965462553480349,0.06000000000000005,0.3800000000000001,0.508066935659699
2021-03-11,21.91,1.54,154.11,156.15,153.36,154.32,134.6,11771500.0,-0.00522142719009866,0.21632315187050263,0.24016672769131098,0.3191059356882856,1.3116828829151662e-06,0.3811844954036807,0.0,0.3800000000000001,0.6859841580743355
2021-03-12,20.69,1.64,156.86,157.63,155.07,156.15,136.2,12849500.0,0.011858475894245712,0.21518289927540962,0.23985762844688674,0.3192265758043404,1.481884777326803e-06,0.11245550284734253,0.07999999999999985,0.43999999999999995,0.3600982244694712
2021-03-15,20.03,1.62,156.35,156.92,153.96,155.37,135.52,12101100.0,-0.0049951969260326745,0.21233572385792293,0.23060001952959472,0.3175297370801325,2.7065557788863435e-07,-0.09919596263644824,0.030000000000000027,0.3450000000000002,0.7009187985694139
2021-03-16,19.79,1.62,154.09,154.6,152.19,153.51,133.89,12805600.0,-0.011971423054643826,0.21952471593921954,0.22954269577598235,0.3178698259822549,-3.0153339815708334e-06,-0.2526639217660397,0.07000000000000006,0.32000000000000006,0.6528217230297167
2021-03-17,19.23,1.63,155.34,156.88,153.05,155.09,135.27,13952400.0,0.010292489088658874,0.2210185018316145,0.22446719458359665,0.31789470013974336,-1.307333982303316e-06,-0.44725929633185346,0.09999999999999987,0.33999999999999986,0.4231994348311671
2021-03-18,21.58,1.71,157.6,161.69,157.11,157.65,137.5,21898500.0,0.01650654458701406,0.22584040981708162,0.22533688811413974,0.318366625195521,-3.367503904272429e-06,-0.5717028724322027,0.16999999999999993,0.41999999999999993,0.8948564284370711
2021-03-19,20.95,1.74,155.51,155.94,151.19,155.14,135.32,24494500.0,-0.015921344751030908,0.23129666692895762,0.22898002159582106,0.3196084092503582,-1.4666738552548962e-07,-0.6787332621241196,0.10000000000000009,0.3999999999999999,0.08387486835279287
2021-03-22,18.88,1.69,152.8,153.97,150.61,150.97,131.68,19944800.0,-0.026878948046925255,0.25179001875992296,0.23740156819906927,0.3225238796891991,-2.575909076596439e-07,-0.6060470495768554,0.06999999999999984,0.31999999999999984,0.2675135157138941
2021-03-23,20.3,1.63,150.33,152.12,148.96,149.46,130.36,17076300.0,-0.010001987149764746,0.2529023355063174,0.2386539507948496,0.32249684443555277,1.156760634335452e-06,-0.5205976947701293,0.009999999999999787,0.2599999999999998,0.45724897840005974
2021-03-24,21.2,1.62,150.0,153.18,149.86,150.62,131.37,13079800.0,0.007761273919443257,0.2460077420401001,0.23884451383623428,0.3219288562446967,-2.7694370978270653e-06,-0.4829125137315554,-0.009999999999999787,0.2400000000000002,0.2832825530512154
2021-03-25,19.81,1.63,150.0,152.97,149.33,152.55,133.06,15608300.0,0.012813703359447759,0.2456027779900775,0.2386957004206363,0.3212621609183562,1.9089416669060277e-06,-0.466925448435872,-0.08000000000000007,0.08999999999999986,0.45446879039995747
2021-03-26,18.86,1.67,154.3,155.45,152.55,155.09,135.27,16754400.0,0.016650278597181156,0.2297453921359094,0.23999341183652032,0.32152845834303617,8.381303363946824e-07,-0.36312852578779015,-0.07000000000000006,0.22999999999999998,0.5474615067504129
2021-03-29,20.74,1.73,152.12,153.73,151.04,152.68,133.17,17570300.0,-0.015539364240118592,0.22580263807300283,0.2421954012318884,0.32249494336886847,-5.448823357123711e-07,-0.3422109515265945,0.040000000000000036,0.28,0.40419369598538096
2021-03-30,19.61,1.73,154.46,155.87,153.88,154.48,134.74,13184300.0,0.011789363374377748,0.22850403955343176,0.24257006838066905,0.3214171969519479,4.56121333525239e-07,-0.3198789453670757,0.10000000000000009,0.31000000000000005,0.2967716007188738
2021-03-31,19.4,1.74,153.28,154.49,152.12,152.23,132.78,16736700.0,-0.014564992232004137,0.22520795689376355,0.2278859931482075,0.3222343451500536,1.1694957434360554e-06,-0.29998223296360244,0.11999999999999988,0.27,0.4687750449575487
2021-04-01,17.33,1.69,151.9,153.79,151.55,153.71,134.07,16561500.0,0.009722130986008048,0.2202423851089408,0.21952835782218963,0.32193504431020553,9.466954851877762e-07,-0.14124496202323478,0.06000000000000005,0.1499999999999999,0.5324105393669818
2021-04-02,17.474999999999998,1.72,152.525,154.0775,151.8125,153.6875,134.2475,15798125.0,-0.0001463795458981343,0.22023889370033836,0.21956881321208754,0.32187502057922035,7.26778156813157e-05,-0.01902295148832995,0.050000000000000044,0.15999999999999992,0.5149612410158803
2021-04-05,17.91,1.73,154.4,154.94,152.6,153.62,134.78,13508000.0,-0.0004392029280194665,0.21544947847268178,0.21799744056710504,0.32053700359712345,0.0002947432526480331,0.03790986457596325,0.0,0.1399999999999999,0.6667849463175254
2021-04-06,18.12,1.67,152.79,154.28,151.86,152.54,133.83,13071600.0,-0.007030334591850096,0.21543467404282443,0.2168092700340868,0.3209073914717666,0.00029307624010083686,0.21966532467127262,-0.06000000000000005,0.11999999999999988,0.6824310556097258
2021-04-07,17.16,1.68,153.1,155.23,152.65,154.93,135.93,16903500.0,0.01566802150255686,0.2083979657429118,0.21874008751932608,0.32074762710164434,0.00029362260538325357,0.09019236014518618,-0.06000000000000005,0.1499999999999999,0.5822336563647297
2021-04-08,16.95,1.64,154.0,155.51,152.31,155.12,136.09,12335500.0,0.0012263602917446104,0.20750297418502717,0.21857498813697288,0.31746380393729606,0.0002924573434165079,-0.0034805165584753696,-0.050000000000000044,0.09999999999999987,0.2610454073793599
2021-04-09,16.69,1.67,155.81,157.04,154.97,156.28,137.11,12122400.0,0.007478081485301713,0.20484347809757644,0.2150228864804807,0.31741540584201877,0.0002918858890667675,-0.17866220529649385,-0.050000000000000044,0.030000000000000027,0.25326890446416916
2021-04-12,16.91,1.69,155.58,157.25,155.57,155.95,136.82,12273400.0,-0.002111594573841913,0.20414279393885712,0.21491524468592227,0.3148160456890503,0.0002915831534025082,-0.27385863963157914,-0.040000000000000036,0.06999999999999984,0.7392525100467415
2021-04-13,16.65,1.64,154.75,155.2,152.43,154.09,135.19,16113600.0,-0.011926899647322742,0.2041074555410473,0.2167438562546841,0.31391760508917954,0.0002951133157436614,-0.26952177974923297,-0.030000000000000027,0.019999999999999796,0.4875451172862936
2021-04-14,16.99,1.64,151.47,153.83,150.93,151.21,132.66,19939600.0,-0.018690375754429223,0.21103679537294265,0.2181039364993522,0.31218327008064645,0.0002931725348312153,-0.20048340810225845,-0.040000000000000036,0.010000000000000009,0.25096275979328453
2021-04-15,16.57,1.56,151.25,152.2,149.32,152.17,133.51,17694100.0,0.006348786455922184,0.20265861649879313,0.2172350688935631,0.3121802602398766,0.0002971154044119462,-0.41445961064756587,-0.07999999999999985,-0.1499999999999999,0.6293654021629531
2021-04-16,16.25,1.59,153.87,154.51,152.69,153.3,134.5,13773400.0,0.007425905237563368,0.19779987268950971,0.21652533744560148,0.3121360529336751,0.00029318884005685166,-0.5313482333961123,-0.07999999999999985,-0.1499999999999999,0.33025062649554876
2021-04-19,17.29,1.61,153.42,153.88,152.22,152.65,133.93,11900200.0,-0.004240052185257692,0.17249543836269213,0.2147634302622428,0.31116328886049677,0.0002943366570759942,-0.5088304954805304,-0.07999999999999985,-0.07999999999999985,0.797412219365622
2021-04-20,18.68,1.58,151.74,151.75,148.65,149.27,130.96,13716700.0,-0.022142155257124152,0.18716039490499434,0.2202463302815084,0.31071769841354335,0.00029374517798094193,-0.4056729906339042,-0.05999999999999983,-0.04999999999999982,0.6287879031938722
2021-04-21,17.5,1.57,147.79,150.61,146.79,150.54,132.08,12236700.0,0.00850807262008435,0.18758927985394566,0.21122595213952208,0.30685048848679397,0.00029660413375937056,-0.23485001185999105,-0.06999999999999984,-0.050000000000000044,0.2442751856304981
2021-04-22,18.71,1.57,150.23,150.3,147.26,147.37,129.3,15256100.0,-0.02105752623887336,0.19536704927008405,0.21449930451264965,0.3040128512642705,0.0002945941837100063,-0.2774455148984493,0.010000000000000009,-0.05999999999999983,0.45919765944229646
2021-04-23,17.33,1.58,147.18,151.13,146.69,150.19,131.77,14041900.0,0.01913550926240082,0.19862721604261532,0.21546793556754734,0.30394870229108073,0.0002950201886653403,-0.3038736069792152,-0.010000000000000009,-0.08999999999999986,0.42530577799210906
2021-04-26,17.64,1.58,150.78,152.46,150.38,150.56,132.09,10799100.0,0.0024635461748452325,0.19195308813934767,0.21524420692451895,0.2348186531006709,0.0002925162711598595,-0.36892584128107,-0.030000000000000027,-0.1499999999999999,0.17938018832374805
2021-04-27,17.56,1.63,150.5,151.57,150.11,151.25,132.7,12821200.0,0.004582890541976692,0.18742038943858075,0.20713108183880746,0.23470664045143225,0.0002942630044696526,-0.5513953147496187,0.04999999999999982,-0.10000000000000009,0.341746882562773
2021-04-28,17.28,1.63,152.43,152.89,151.4,152.23,133.56,8943700.0,0.006479338842975135,0.18201171754167392,0.20642719335654677,0.2334280691558037,0.0002933982342242736,-0.6522279140341611,0.05999999999999983,-0.1100000000000001,0.12551869845188618
2021-04-29,17.61,1.65,153.54,155.28,153.2,155.19,136.16,12976900.0,0.019444261972016097,0.191860122601951,0.2050053322092519,0.2337115176591977,0.00029484619444390957,-0.6082772941900502,0.07999999999999985,-0.040000000000000036,0.4184825452915546
2021-04-30,18.61,1.65,154.1,154.49,153.01,153.81,134.95,11705100.0,-0.00889232553643915,0.19477007844785377,0.20606887400252322,0.23425720098616468,0.00022160833525917135,-0.514916489719674,0.06999999999999984,-0.07000000000000006,0.6793672227545419
2021-05-03,18.31,1.63,154.85,155.48,153.13,153.36,134.55,11801100.0,-0.0029256875365710755,0.1950630876669359,0.20428019908182887,0.2313728969870438,-7.006115362695465e-07,-0.49644802990544545,0.04999999999999982,-0.10000000000000009,0.6616746556341857
2021-05-04,19.48,1.61,152.87,155.64,152.14,155.48,136.41,12977700.0,0.013823682837767137,0.19911621243023367,0.20546167731670514,0.2312409253219945,2.238781171670645e-07,-0.26502302643056114,-0.019999999999999796,-0.05999999999999983,0.44767795372402147
2021-05-05,19.15,1.59,156.0,158.28,154.63,157.52,138.2,10506700.0,0.013120658605608515,0.19682453673407252,0.2067255346989408,0.23128429950864238,-8.580244928890756e-07,-0.044950813272057195,-0.039999999999999813,-0.08999999999999986,0.2558280342472796
2021-05-06,18.39,1.58,158.07,160.82,157.16,160.69,140.98,13542400.0,0.020124428643981673,0.20833185604235574,0.20972639658896694,0.23265669484489038,1.1789662553829406e-06,0.09406851210871918,-0.06999999999999984,-0.05999999999999983,0.5283625848119776
2021-05-07,16.69,1.6,157.22,161.5,157.02,161.24,141.46,14257800.0,0.0034227394361814323,0.20737326575543083,0.20830662407392583,0.23205798785960363,-5.596566346854904e-07,0.003548763951759873,-0.04999999999999982,-0.06999999999999984,0.5882222784076186
2021-05-10,19.66,1.63,161.5,163.73,161.12,161.22,141.45,14014300.0,-0.00012403870007449136,0.20701547489183045,0.20574801489140884,0.22900125750442157,2.283186016976968e-06,0.22689802183975388,0.0,-0.06000000000000005,0.44383218672170655
2021-05-11,21.84,1.64,161.08,162.39,158.04,158.54,139.1,15451700.0,-0.01662324773601298,0.21174605147290906,0.20906999099332216,0.2217042264945132,2.091525015651685e-06,0.35448274729184337,0.029999999999999805,0.0,0.30461287536027115
2021-05-12,27.59,1.69,159.61,160.78,157.03,157.45,138.14,14381700.0,-0.0068752365333669685,0.20066021232180464,0.20976526889985583,0.22133149061112753,1.992962682328958e-06,0.3302021965917996,0.09999999999999987,0.050000000000000044,0.3459298389534666
2021-05-13,23.13,1.66,158.18,162.45,157.68,161.5,141.69,15395000.0,0.02572245157192765,0.21720337165762496,0.2155615007405628,0.22377948680435056,-2.0813933186480948e-06,0.41052154717280315,0.07999999999999985,0.09999999999999987,0.7985005098652175
2021-05-14,18.81,1.63,162.39,164.45,161.99,164.01,143.89,10584000.0,0.015541795665634517,0.22123581386447688,0.21523560224490432,0.2244149532342821,-2.284461106344393e-06,0.3563543760749799,0.029999999999999805,0.039999999999999813,0.21901048764927022
2021-05-17,19.72,1.64,163.37,164.85,163.03,164.67,144.47,9886800.0,0.004024144869215318,0.21935054736705878,0.2147077577140538,0.22004667442850387,-2.0573572511339845e-06,0.33430140249002227,0.010000000000000009,0.029999999999999805,0.180767756148413
2021-05-18,21.34,1.64,164.68,165.5,162.24,162.35,142.44,11098100.0,-0.0140887836278617,0.20825754382483752,0.2167034943256994,0.22059639151701346,1.5590167245949082e-06,0.3675870905903101,0.0,0.05999999999999983,0.6894600171721622
2021-05-19,22.18,1.68,161.0,161.18,158.64,161.11,141.35,13278900.0,-0.007637819525715961,0.21177695039867359,0.2147825048448143,0.21975421011739824,-1.3620664336688737e-06,0.3693463208812913,-0.010000000000000009,0.10999999999999988,0.42373379417690776
2021-05-20,20.67,1.63,160.83,161.86,159.52,160.83,141.1,10426000.0,-0.0017379430202967283,0.19229117439808527,0.21273091668199573,0.21944862036168516,-3.394786838539776e-06,0.38400609202841013,-0.030000000000000027,0.05999999999999983,0.7440414173052597
2021-05-21,20.15,1.63,161.34,163.22,160.94,162.66,142.71,10249000.0,0.011378474165267605,0.18631179178049678,0.20576064441803177,0.2196212936479498,-2.173258946636114e-07,0.33443321326010167,0.0,0.04999999999999982,0.2595100290049932
2021-05-24,18.4,1.61,163.36,164.23,162.12,163.54,143.48,9440300.0,0.0054100577892535195,0.18627024968679196,0.20127658103551507,0.21947232112795892,8.108635814740861e-07,0.23498871546440234,-0.029999999999999805,0.030000000000000027,0.20098010779723696
2021-05-25,18.84,1.56,163.85,165.7,161.56,161.85,142.0,12609100.0,-0.010333863275039712,0.1932668667288396,0.20250459113637587,0.22025450168648558,1.1915504566362144e-08,0.1440521892567947,-0.07999999999999985,-0.06999999999999984,0.4457635382395248
2021-05-26,17.36,1.58,163.57,163.74,161.31,161.83,141.98,13058300.0,-0.0001235712079084017,0.19332109808105324,0.1990196727512169,0.2197794711638961,-9.236632674769485e-07,0.003080449882760389,-0.09999999999999987,-0.04999999999999982,0.4092580678697482
2021-05-27,16.74,1.61,163.95,164.75,162.57,164.35,144.19,15707500.0,0.015571896434529942,0.18943719294050326,0.198235346180159,0.2201938696756124,-2.345625200594892e-06,-0.1503344268075638,-0.019999999999999796,-0.039999999999999813,0.832973827361144
2021-05-28,16.76,1.58,164.68,164.94,163.26,164.24,144.1,10291300.0,-0.0006693033160936057,0.18481811725447866,0.19827957817230554,0.2198912038257097,-3.764136708217514e-07,-0.28628345423883866,-0.04999999999999982,-0.06999999999999984,0.7421950433594077
2021-05-31,17.615,1.61,165.5725,166.4175,164.92499999999998,165.59750000000005,145.285,9656875.0,0.008265343399902925,0.1840455296914993,0.1972765478258884,0.2191730754162507,-5.293269798090084e-07,-0.481635844227005,0.0,-0.019999999999999796,0.22093882805287957
2021-06-01,17.9,1.62,165.87,166.91,165.48,166.05,145.68,9445400.0,0.0027325291746551628,0.180294011401688,0.19650045945409095,0.21819211910372854,-1.222813807472134e-06,-0.5930658025740781,0.06000000000000005,0.010000000000000009,0.2269938852508658
2021-06-02,17.48,1.59,167.26,167.44,165.53,166.06,145.69,10498600.0,6.022282445039551e-05,0.17683868835975952,0.1919680066555642,0.21822763923833982,-8.781244067057603e-07,-0.692035219200536,0.010000000000000009,0.0,0.32074042234323147
2021-06-03,18.04,1.63,165.41,167.25,164.66,166.17,145.79,13354400.0,0.0006624111766830865,0.16446885933154695,0.1915045526395896,0.2176530888404394,7.441522589968219e-07,-0.7231910333831012,0.019999999999999796,0.04999999999999982,0.6323388019811057
2021-06-04,16.42,1.56,166.21,166.67,165.03,166.44,146.03,8510800.0,0.0016248420292472865,0.1643470507418134,0.19024012905760904,0.21736512738772343,2.7074789446246417e-06,-0.8099297367190988,-0.020000000000000018,-0.040000000000000036,0.1883227825648779
2021-06-07,16.42,1.57,167.0,167.1,165.14,165.66,145.34,7267200.0,-0.004686373467916338,0.16578778408429012,0.19019867404425198,0.21164815085237262,-1.9034770809722712e-06,-0.8292712143051453,-0.040000000000000036,-0.05999999999999983,0.8501804380185396
2021-06-08,17.07,1.53,164.49,165.76,163.16,165.0,144.76,10370700.0,-0.003984063745019917,0.1531407830996595,0.18854410527521231,0.21027460717388255,-2.7220209582845543e-06,-0.8419834194173778,-0.09000000000000008,-0.10999999999999988,0.5977188406840913
2021-06-09,17.89,1.5,164.14,164.22,162.28,162.94,142.96,12377400.0,-0.012484848484848543,0.15866829157446638,0.18966537231533837,0.20811791904921684,1.1563558700689037e-06,-0.7110155188612207,-0.09000000000000008,-0.18999999999999995,0.3657267925477275
2021-06-10,16.1,1.45,164.36,165.24,160.31,160.4,140.73,12119400.0,-0.0155885602062108,0.14290781272189165,0.1897860892726588,0.2095068390685156,1.8021353903274751e-06,-0.47298217573846213,-0.17999999999999994,-0.20999999999999996,0.36244772896468036
2021-06-11,15.65,1.47,160.43,161.2,159.06,160.29,140.63,13683800.0,-0.000685785536159722,0.13007714892140662,0.18674815372804254,0.20954710458592865,1.2971644409331961e-06,-0.2984202112249038,-0.09000000000000008,-0.15999999999999992,0.22620147587216752
2021-06-14,16.39,1.51,160.15,160.33,156.66,157.57,138.24,19917900.0,-0.01696924324661553,0.14004122308539851,0.18154917447364624,0.2113336795136065,-3.4468326055026035e-07,-0.16295633704020548,-0.06000000000000005,-0.1299999999999999,0.05016841506589633
2021-06-15,17.02,1.51,156.7,156.92,154.13,155.18,136.15,24485500.0,-0.015167861902646407,0.14130656077809423,0.18316080299843798,0.21269145074139276,2.5669432379138433e-07,-0.04980409105339325,-0.020000000000000018,-0.1299999999999999,0.04589383198039978
2021-06-16,18.15,1.57,154.73,157.62,153.11,156.27,137.1,24494500.0,0.007024101043948905,0.14341668248652767,0.1830454668134144,0.21281769253872015,-1.320372063956521e-06,-0.0058389438789398515,0.07000000000000006,-0.10999999999999988,0.9165063835513831
2021-06-17,17.75,1.52,157.1,157.46,151.25,151.76,133.15,24494500.0,-0.028860305880847426,0.1732602529465911,0.19099763669657513,0.21673989037868677,2.7522072606922522e-06,0.020623812941205806,0.07000000000000006,-0.10999999999999988,0.1192013121515814
2021-06-18,20.7,1.45,149.3,149.7,147.56,147.92,129.78,24494500.0,-0.02530311017395892,0.1820350947637823,0.19467881873295179,0.22014482653677303,8.33256535720528e-07,-0.4097112450346279,-0.020000000000000018,-0.17999999999999994,0.15107362546167205
2021-06-21,17.89,1.5,149.08,151.2,149.02,150.43,131.98,18664800.0,0.016968631692807046,0.1947109931630647,0.19550312818431856,0.2209427086199753,7.250869533181881e-07,-0.4388434526636618,-0.010000000000000009,-0.1100000000000001,0.6601814338477902
2021-06-22,16.66,1.48,150.6,150.97,148.66,150.21,131.79,14251200.0,-0.0014624742405104918,0.19348488345630324,0.19391985785920457,0.2209339872083034,9.181960784199195e-07,-0.3814147436214071,-0.030000000000000027,-0.08000000000000007,0.5259350453265761
2021-06-23,16.32,1.5,150.2,152.04,150.09,151.12,132.59,12733300.0,0.006058185207376221,0.19620595865058485,0.19207977450408678,0.21086827579759015,2.382263925043704e-06,-0.2952819971609294,-0.07000000000000006,-0.08000000000000007,0.41077475655225193
2021-06-24,15.97,1.49,151.92,153.12,151.22,152.51,133.8,13733200.0,0.009197988353626174,0.18923617134279316,0.19196885282344994,0.20609602692203272,-8.791110560568693e-07,-0.20475655116556557,-0.030000000000000027,-0.1200000000000001,0.4569369004916051
2021-06-25,15.62,1.54,152.59,154.5,151.67,154.05,135.16,15484900.0,0.01009769851157305,0.19525921611306638,0.19309352204872604,0.2065129774048824,1.6598160147984765e-07,-0.13049646307150614,0.09000000000000008,-0.040000000000000036,0.5209858197227343
2021-06-28,15.76,1.49,153.7,154.48,152.12,154.33,135.4,14125800.0,0.0018175916910094791,0.19157722553832754,0.1931213859344642,0.20552901454032727,1.5106799091113566e-07,-0.11880122944954619,-0.010000000000000009,-0.1200000000000001,0.4512122002403741
2021-06-29,16.02,1.49,155.0,156.31,153.61,154.14,135.23,14528700.0,-0.0012311281021190057,0.1903943777632929,0.1925653735254167,0.20442546299322228,-3.8610602239863565e-07,-0.1496000756619117,0.010000000000000009,-0.13000000000000012,0.5434754478759445
2021-06-30,15.83,1.45,153.75,156.08,153.71,155.54,136.46,12531000.0,0.009082652134423386,0.19535259060855129,0.19077743257743424,0.20477151337408983,-1.648161875977827e-07,-0.17866823693158207,-0.050000000000000044,-0.14000000000000012,0.36181073226584054
2021-07-01,15.48,1.48,156.26,157.14,155.42,157.08,137.81,10479400.0,0.009900990099010132,0.20045760902720194,0.19181455227007163,0.205061556643097,-1.7580547214401943e-06,-0.28580932341125076,-0.010000000000000009,-0.1499999999999999,0.28790047014988734
2021-07-02,15.07,1.44,155.95,156.32,155.12,156.03,137.68,11424000.0,-0.006684491978609652,0.20023181714766197,0.19174088409910042,0.20350961379800117,0.00028616556871054465,-0.27594621859449703,-0.10000000000000009,-0.1200000000000001,0.6861485640374295
2021-07-05,16.0975,1.3875000000000002,155.8225,155.915,153.0425,154.065,135.9475,14168550.0,-0.012593731974620326,0.20298592689463574,0.1934403490104861,0.20437810355369254,0.0002886255825649109,-0.2773042911326946,-0.10249999999999981,-0.18249999999999988,0.5877487526874007
2021-07-06,16.44,1.37,155.78,155.78,152.35,153.41,135.37,15083400.0,-0.004251452309090298,0.20299584481531546,0.19207572824371427,0.20449761186347834,0.00028913103450849966,-0.36536079641705904,-0.11999999999999988,-0.15999999999999992,0.5561209187999372
2021-07-07,16.2,1.33,152.01,154.28,151.55,153.59,135.53,12271800.0,0.00117332638028822,0.20080620661883042,0.1880932960953431,0.20316364850934324,0.0002870058753345284,-0.5723755901774693,-0.11999999999999988,-0.16999999999999993,0.3078376115533857
2021-07-08,19.0,1.3,151.61,152.53,150.04,150.94,133.19,17834600.0,-0.017253727456214674,0.20228615382166995,0.19106334441510744,0.20444276170684514,0.0002869228836862636,-0.6278931853504852,-0.17999999999999994,-0.1499999999999999,0.42678272943789825
2021-07-09,16.18,1.37,153.05,156.15,152.58,155.77,137.45,13694500.0,0.03199946998807479,0.2373812858197751,0.20152826660188933,0.2089002085602926,0.0002874325360489371,-0.6389889456961929,-0.06999999999999984,-0.09999999999999987,0.35810965802385336
2021-07-12,16.17,1.38,154.35,159.16,153.94,158.0,139.42,19940400.0,0.01431597868652501,0.23600350787060206,0.20330498143957174,0.20875099796303748,0.00028955377162684923,-0.64471674375312,-0.007500000000000284,-0.13000000000000012,0.677289614888258
2021-07-13,17.12,1.42,156.05,157.39,153.5,155.65,137.35,22671700.0,-0.014873417721518956,0.23575070232644948,0.20034793828580072,0.20995257085885,0.00028838392934870115,-0.6348409589582182,0.04999999999999982,-0.09000000000000008,0.20046927131026224
2021-07-14,16.33,1.37,155.95,157.28,152.95,155.12,136.88,14622800.0,-0.0034050754898811153,0.23468388571706258,0.19987125146950666,0.20553447508171005,0.00028984800851265536,-0.7351848494312198,0.040000000000000036,-0.19999999999999996,0.5739940353150499
2021-07-15,17.01,1.31,153.9,156.53,153.7,155.46,137.18,11539300.0,0.0021918514698298086,0.20897903042453844,0.19473553221802672,0.2042185793463445,0.0002873064007711479,-0.7039022005961896,0.010000000000000009,-0.20999999999999996,0.27165870005539056
2021-07-16,18.45,1.31,155.96,156.28,151.02,151.91,134.05,14002700.0,-0.02283545606586912,0.2049595383031029,0.1969918741004955,0.2064600048002566,0.0002886074443834097,-0.5678443614025444,-0.06000000000000005,-0.1399999999999999,0.5565437124572312
2021-07-19,22.5,1.19,148.55,149.82,145.71,146.97,129.69,22172900.0,-0.032519254821934074,0.22900443456043748,0.2080598323227567,0.21206080709467992,0.00028913066020646585,-0.7336784412604359,-0.18999999999999995,-0.31000000000000005,0.10139993496646767
2021-07-20,19.73,1.23,146.52,151.12,146.33,149.71,132.11,15385200.0,0.01864326052935983,0.239423884111602,0.21144217264625031,0.20917706913907355,0.0002888017037154855,-0.8081917279380059,-0.18999999999999995,-0.25,0.5345733330345143
2021-07-21,17.91,1.3,152.05,153.65,151.36,152.86,134.88,12356700.0,0.021040678645381172,0.2501661728526898,0.21544055172594076,0.21064475041940686,0.00028461181510976987,-0.8524771472344461,-0.07000000000000006,-0.19999999999999996,0.3192589642711929
2021-07-22,17.69,1.27,152.88,153.44,149.97,150.93,133.18,9913300.0,-0.012625932225565961,0.2523080259806731,0.21319276078587399,0.20912464720814208,0.0002893054990095234,-0.8721253628284488,-0.040000000000000036,-0.21999999999999997,0.7952537749908563
2021-07-23,17.2,1.3,151.48,152.84,150.25,150.64,132.93,9666100.0,-0.0019214205260718042,0.24926382986331377,0.21248071855269493,0.20912376664473128,0.0002882199011894071,-0.8571021550452498,-0.010000000000000009,-0.24,0.7830293987992981
2021-07-26,17.58,1.29,150.19,151.96,150.17,151.65,133.82,8208000.0,0.0067047265002657674,0.2505969917449112,0.21288069437467091,0.2081792092584677,0.00028984150600481763,-0.8581902863896508,0.10000000000000009,-0.19999999999999996,0.18314075569824356
2021-07-27,19.36,1.25,150.4,152.49,149.8,151.45,133.64,11218700.0,-0.0013188262446424126,0.25059938526554515,0.2109037227446124,0.20808627066644125,0.00028974861962349774,-0.862386370841789,0.020000000000000018,-0.24,0.6645707096369461
2021-07-28,18.31,1.26,152.29,152.77,150.88,151.7,133.86,9217300.0,0.0016507098052163105,0.24810341087556972,0.20907654306751638,0.2080900180282696,0.0002888818818837624,-0.8590152283943631,-0.040000000000000036,-0.18999999999999995,0.24857414569011188
2021-07-29,17.7,1.28,153.14,153.87,151.91,153.0,135.01,9063500.0,0.00856954515491104,0.24736194901572475,0.20550882396384068,0.20832882265025993,0.00029034389180146447,-0.8467459679483669,0.010000000000000009,-0.19999999999999996,0.24838615211023177
2021-07-30,18.24,1.24,152.58,153.67,151.2,151.78,133.93,9805200.0,-0.007973856209150365,0.2477831177213861,0.20585107581745674,0.20779927069519777,6.6099209927728e-08,-0.833916262341045,-0.06000000000000005,-0.19999999999999996,0.710657090069728
2021-08-02,19.46,1.2,152.03,154.45,151.07,151.17,133.39,10203200.0,-0.00401897483199376,0.24442977071609742,0.20594113906800776,0.20634911342144635,-1.1023837434231965e-06,-0.8363495415647825,-0.09000000000000008,-0.18750000000000022,0.6786129752266058
2021-08-03,18.04,1.19,151.95,153.32,149.52,152.89,134.91,10394800.0,0.011377918899252437,0.24780545399591833,0.204854195443542,0.20680424158418903,-4.2536405127080456e-07,-0.8424337788790577,-0.06000000000000005,-0.18000000000000016,0.34429963286221
2021-08-04,17.97,1.19,151.25,153.37,150.91,151.24,133.46,10155000.0,-0.010792072732029423,0.25064310905366877,0.20552914451624252,0.20741958280675316,1.3765996891290655e-06,-0.8454224935218532,-0.07000000000000006,-0.14000000000000012,0.6609048475975249
2021-08-05,17.28,1.23,152.28,153.69,152.01,153.15,135.14,9151500.0,0.012628934144406134,0.24680717407781472,0.2000486798796049,0.20813002808544653,-4.1031324349294354e-08,-0.8416394523862465,-0.050000000000000044,-0.07000000000000006,0.3083688462083014
2021-08-06,16.15,1.31,155.19,157.82,155.11,157.5,138.98,13328800.0,0.028403525954945996,0.24104912667626988,0.2061804920696448,0.2107344798940467,1.24665936863666e-06,-0.8401820579229027,0.07000000000000006,-0.06000000000000005,0.5388742210372152
2021-08-09,16.72,1.33,157.52,158.55,155.9,157.33,138.83,9516900.0,-0.0010793650793650134,0.23561645334499484,0.20595764795688173,0.21035597441931947,4.3667351565801484e-07,-0.8266697807584342,0.13000000000000012,-0.04999999999999982,0.6560743927448593
2021-08-10,16.79,1.36,156.74,159.98,156.31,159.26,140.53,8667000.0,0.012267209051039174,0.23273578922484084,0.20570956579710836,0.2107655183902698,-1.9802890015407913e-06,-0.7945268924980892,0.17000000000000015,-0.05999999999999983,0.30001887867634436
2021-08-11,16.06,1.35,160.0,161.5,159.08,161.16,142.21,9156500.0,0.011930177068943948,0.23502277131860794,0.20660983454122747,0.20995382685813985,7.835770510777884e-08,-0.7956141539210434,0.16000000000000014,-0.020000000000000018,0.3490054916392437
2021-08-12,15.59,1.36,161.88,162.37,160.55,161.79,142.76,8844200.0,0.003909158600148954,0.2351188322166785,0.20672070377319154,0.2089978002920957,-1.9879531017785722e-06,-0.8176781508724635,0.13000000000000012,0.050000000000000044,0.33837952309573266
2021-08-13,15.45,1.29,161.79,162.16,159.57,159.98,141.17,8980900.0,-0.011187341615674695,0.22200268133943296,0.2066736514551843,0.20593387925032924,-4.292150762363889e-07,-0.8379767679304078,-0.020000000000000018,-0.020000000000000018,0.6363405028645003
2021-08-16,16.12,1.26,158.94,159.03,156.78,158.93,140.24,8755800.0,-0.00656332041505181,0.18312744267656472,0.2067437818348707,0.20370837266564426,-1.355307722594734e-06,-0.8603651674184085,-0.07000000000000006,0.07000000000000006,0.6813817577029373
2021-08-17,17.91,1.26,157.57,158.86,155.27,157.01,138.55,9347200.0,-0.012080790285031284,0.182978070565895,0.2071331843366741,0.20445628792710924,-6.517704017605652e-07,-0.8257801105696834,-0.10000000000000009,0.030000000000000027,0.5884044778034635
2021-08-18,21.57,1.27,156.31,158.01,155.34,155.58,137.28,8065500.0,-0.009107700146487319,0.17338632095588605,0.20789480399014731,0.2030468883983721,-2.240016854782034e-08,-0.6019437411955567,-0.08000000000000007,-0.030000000000000027,0.78663681569198
2021-08-19,21.67,1.24,153.16,155.56,153.01,154.28,136.14,9517700.0,-0.008355829798174619,0.16957624953261988,0.20573074056227414,0.20215874648419527,1.4600873644410318e-06,-0.5470273283210488,-0.1200000000000001,-0.030000000000000027,0.509798704794736
2021-08-20,18.56,1.26,154.35,154.9,153.16,154.72,136.53,6974100.0,0.0028519574799066305,0.1692749981087491,0.20587927840708797,0.20217146255098778,-1.2204314419617113e-07,-0.5940788054892581,-0.030000000000000027,-0.040000000000000036,0.13081635565655947
2021-08-23,17.15,1.25,155.33,157.09,155.24,156.7,138.27,7934600.0,0.012797311271975031,0.17314888837356177,0.20694884793807194,0.2021106590187711,-2.2611093863256217e-06,-0.6229676175179483,-0.010000000000000009,-0.040000000000000036,0.2443175127006975
2021-08-24,17.22,1.29,157.0,158.55,156.87,157.67,139.13,7670900.0,0.0061901723037651735,0.17346640520648648,0.2073245055914978,0.20200285683535982,5.218834046416543e-07,-0.6033852095523068,0.030000000000000027,0.040000000000000036,0.22957969224332528
2021-08-25,16.79,1.35,158.51,161.78,157.8,160.92,142.0,11335000.0,0.020612672036532054,0.1854984190649689,0.21190761745407477,0.20175821339035704,1.506519308841492e-06,-0.6079987340259073,0.08000000000000007,0.09000000000000008,0.8095473599761787
2021-08-26,18.84,1.34,162.26,163.83,161.15,161.75,142.73,11027500.0,0.005157842406164681,0.1845372511403822,0.21220722014057902,0.20170802641908456,-4.0585080990362954e-07,-0.5259162861775395,0.10000000000000009,0.06000000000000005,0.7527444556114722
2021-08-27,16.39,1.31,161.75,163.16,161.26,163.05,143.88,8780200.0,0.008037094281298396,0.18079735818004078,0.21286941304219373,0.20132687106575134,1.8778067654434683e-06,-0.5472035395095413,0.050000000000000044,0.07000000000000006,0.39485646636586563
2021-08-30,16.19,1.29,163.21,163.49,159.88,160.44,141.57,7937600.0,-0.016007359705611846,0.19219007861748713,0.21512853331009074,0.20258499061692123,1.0643840307467123e-07,-0.5187980300480498,0.040000000000000036,0.09000000000000008,0.7156889466004934
2021-08-31,16.48,1.3,160.44,161.37,159.35,159.95,141.14,12340800.0,-0.003054101221640515,0.19071718266853793,0.21507158885306948,0.2018474085353971,9.351752133235359e-08,-0.5308274390380178,0.010000000000000009,0.1100000000000001,0.13384905638851455
2021-09-01,16.11,1.31,160.22,160.76,158.97,159.72,140.94,8729900.0,-0.0014379493591746284,0.1849866816615604,0.2136130311212216,0.20134795119675855,-1.0915737368610845e-06,-0.5744765880248177,-0.040000000000000036,0.1200000000000001,0.5895156071279211
2021-09-02,16.41,1.29,160.02,161.61,159.43,160.46,141.59,8813300.0,0.004633107938893044,0.18149376300933368,0.2114172368502699,0.20005830189745616,-1.2835960737089812e-07,-0.6511646547074966,-0.050000000000000044,0.06000000000000005,0.4260554270729455
2021-09-03,16.41,1.33,160.39,160.89,159.15,159.49,140.73,7959700.0,-0.006045120279197347,0.15532802857015016,0.21178659445414447,0.19887868604367936,-2.1315954233769306e-06,-0.6838262404834589,0.020000000000000018,0.020000000000000018,0.6936735330086498
2021-09-06,17.7075,1.3675,160.09,161.2575,159.0075,159.28,140.55,8954125.0,-0.0013166969715969756,0.15536582867917823,0.20883737625070456,0.19488851293778212,-2.5017244402181226e-07,-0.7034231482242546,0.0774999999999999,0.03749999999999987,0.5068839670998811
2021-09-07,18.14,1.38,159.99,161.38,158.96,159.21,140.49,9285600.0,-0.00043947764942231515,0.14920155804097784,0.2063551109361738,0.1942868040252444,1.466783194425947e-06,-0.6987382442191717,0.07999999999999985,0.019999999999999796,0.4487542816022346
2021-09-08,17.96,1.35,158.89,159.58,158.04,158.5,139.86,7852700.0,-0.004459518874442625,0.14307476136174008,0.2061488327054892,0.19414013223032203,-9.918748098858287e-07,-0.6890577546891735,0.040000000000000036,0.0,0.6982959499690203
2021-09-09,18.8,1.3,158.27,160.83,158.08,159.19,140.47,7904300.0,0.004353312302839196,0.14327692121440072,0.19710822401073605,0.19338937561196437,1.4897825510784556e-06,-0.6497505646287806,0.010000000000000009,-0.06000000000000005,0.3203344127520829
2021-09-10,20.95,1.35,160.56,160.72,157.22,157.36,138.86,8311600.0,-0.011495696965889701,0.14357811212687366,0.19121968486501464,0.19268977650456814,7.018439947326094e-07,-0.6428868828912746,0.020000000000000018,0.06000000000000005,0.6034803750172286
2021-09-13,19.37,1.33,158.53,160.05,158.07,159.86,141.06,10052800.0,0.015887137773258786,0.15337897426689698,0.19084890380597988,0.19263753100092781,-2.2382917295726833e-07,-0.6204369963530427,-0.03749999999999987,0.07000000000000006,0.6930971644633303
2021-09-14,19.46,1.28,160.45,161.34,156.26,157.07,138.6,11685600.0,-0.01745277117477806,0.16018147174111655,0.19453830338913292,0.19365256882695897,-1.0621225488616214e-06,-0.6451638086329081,-0.09999999999999987,0.020000000000000018,0.14724994759977605
2021-09-15,18.18,1.31,156.72,158.69,156.47,158.16,139.56,11691500.0,0.006939581078500012,0.15810494804387357,0.1946480572921565,0.19268253031359997,1.2439598904179227e-06,-0.5901538471860954,-0.040000000000000036,0.040000000000000036,0.8242932746193457
2021-09-16,18.69,1.34,159.41,160.85,157.22,158.09,139.5,10880900.0,-0.0004425897824986702,0.1544332815247777,0.19387969044120867,0.1922026223585518,-7.258549540978266e-07,-0.4443673514993573,0.040000000000000036,0.10000000000000009,0.2755002073357371
2021-09-17,20.81,1.37,157.38,159.01,157.0,157.68,139.14,24494500.0,-0.0025934594218482987,0.1549002714220857,0.19298700244586178,0.1922475514984556,-7.186955722215949e-07,-0.4883192361193957,0.020000000000000018,0.1100000000000001,0.020496468159670107
2021-09-20,25.71,1.31,153.89,154.56,150.49,152.96,134.97,15819900.0,-0.029934043632673712,0.18336097366293777,0.20275670713422814,0.197171655344266,4.714633055624695e-08,-0.7941066482353044,-0.020000000000000018,0.06000000000000005,0.2048218940697093
2021-09-21,24.36,1.33,153.53,154.55,152.58,152.98,134.99,8999900.0,0.0001307531380752014,0.18139768883672416,0.20274255801722552,0.19690071639311787,-5.496204758259626e-07,-0.8746208816805052,0.050000000000000044,0.040000000000000036,0.3942182538830449
2021-09-22,20.87,1.32,155.2,157.25,155.1,155.91,137.58,11236200.0,0.019152830435350987,0.17910263786593922,0.2057078207536826,0.19754786748336858,3.4723955877891124e-07,-0.8739738523655584,0.010000000000000009,-0.030000000000000027,0.5390391773724348
2021-09-23,18.63,1.41,158.0,161.71,157.67,161.18,142.23,12336100.0,0.03380155217753833,0.21791969568466205,0.21612824672031025,0.20348193819216495,1.0459593938361155e-06,-0.8905387790067142,0.06999999999999984,0.06999999999999984,0.6046832461779702
2021-09-24,17.75,1.47,161.44,163.59,160.82,163.04,143.87,10102400.0,0.01153989328700833,0.2199965177374306,0.21675951078323488,0.20386587341191134,-4.082705549801613e-07,-0.8574243761855533,0.09999999999999987,0.15999999999999992,0.45643195660007346
2021-09-27,18.76,1.48,165.0,167.4,164.61,166.98,147.34,13220900.0,0.024165848871442686,0.22711560419981142,0.2201058139139774,0.20670743727101282,-2.725268580472395e-07,-0.6877794461952101,0.16999999999999993,0.18999999999999995,0.6402454720138164
2021-09-28,23.25,1.54,167.7,169.3,165.66,166.08,146.55,13387900.0,-0.005389867049945929,0.2279679281293883,0.22024379787009749,0.20608103586272303,3.017369769819922e-07,-0.408888490772294,0.20999999999999996,0.24,0.35377285755378446
2021-09-29,22.56,1.55,166.21,166.9,165.04,165.95,146.44,7777100.0,-0.0007827552986513497,0.22784947743477285,0.22028955535526876,0.20413613511600573,8.635709005222481e-07,-0.2645588283094961,0.22999999999999998,0.24,0.6996166394750878
2021-09-30,23.14,1.52,166.92,166.99,162.79,163.69,144.44,13161200.0,-0.01361855980717075,0.23418800517128008,0.2190985866465046,0.20504738364550498,-5.290637326016423e-08,-0.1710471202694229,0.1100000000000001,0.22999999999999998,0.3786684729939866
2021-10-01,21.15,1.48,164.0,168.3,163.6,167.13,147.48,11285000.0,0.02101533386278942,0.24277915833214195,0.2136447261916718,0.20692962420058703,2.934581932645397e-06,-0.13705751583340117,0.010000000000000009,0.1499999999999999,0.49091280433247775
2021-10-04,22.96,1.49,166.97,170.44,165.73,166.95,147.32,14120000.0,-0.001077005923532659,0.24273128181068224,0.2119500996647381,0.20681707771157545,6.547279218949153e-07,-0.05904781956685039,0.010000000000000009,0.12250000000000005,0.343554999507991
2021-10-05,21.3,1.54,167.21,170.14,166.67,168.66,149.72,12292900.0,0.010242587601078323,0.24399428181275956,0.21015532995785888,0.20451112821162012,0.0002993830609642922,-0.048894845862590866,0.0,0.16000000000000014,0.5309649299887934
2021-10-06,21.0,1.53,167.99,169.1,166.0,169.02,150.04,8692600.0,0.002134471718249875,0.2424385338209595,0.20991804898413402,0.20423062689138516,0.00030077017591372825,-0.07565150524540898,-0.020000000000000018,0.17999999999999994,0.29668939168181957
2021-10-07,19.54,1.58,171.2,171.51,169.54,170.09,150.99,10195400.0,0.006330611761921734,0.24265085981275542,0.21014609558860836,0.2017951439261244,0.0003004136800588253,-0.14545668437465412,0.06000000000000005,0.28,0.37771342342423425
2021-10-08,18.77,1.61,170.02,171.34,169.3,170.22,151.11,8190100.0,0.0007643012522782211,0.23647418649693713,0.20390489805960446,0.20010097557599107,0.0003002065672239207,-0.20489826122224736,0.13000000000000012,0.26,0.2583872325700066
2021-10-11,20.0,1.5950000000000002,170.8,171.29,166.46,166.64,147.93,12154700.0,-0.02103160615673838,0.24797645207078936,0.19684012955815883,0.20264798091537484,0.0003017174866819294,-0.2362387851018366,0.1050000000000002,0.2650000000000001,0.4952017759467527
2021-10-12,19.85,1.59,165.75,166.69,164.77,165.36,146.79,13032600.0,-0.0076812289966392555,0.24000564359711368,0.19481368410303387,0.20295850289030407,0.00029977076433737593,-0.28958808588364593,0.050000000000000044,0.31000000000000005,0.4387807128003216
2021-10-13,18.64,1.56,164.07,165.41,160.6,161.0,142.92,22753500.0,-0.026366715045960443,0.2604220414057097,0.19892799340801165,0.20656987220897047,0.00030055441121398243,-0.3375347076285375,0.030000000000000027,0.25,0.08736643133739565
2021-10-14,16.86,1.52,161.75,164.01,160.06,163.47,145.12,15176800.0,0.01534161490683239,0.2652305903880521,0.19903763681642692,0.20585958281068023,0.0003024623835873097,-0.3759246991599719,-0.06000000000000005,0.17999999999999994,0.6283845308692252
2021-10-15,16.3,1.59,165.35,167.17,164.14,166.61,147.9,14267400.0,0.01920841744662649,0.27164554191564927,0.20221313117134102,0.20716329374438597,0.0002992760029005059,-0.399657284428381,-0.020000000000000018,0.21999999999999997,0.6352606457570932
2021-10-18,16.31,1.59,166.48,168.61,165.91,166.55,147.85,12672900.0,-0.00036012244163019513,0.24301375953088727,0.2019935394411217,0.2071002275556485,0.00030222294687403675,-0.2209923587521772,-0.0050000000000001155,0.28,0.4677397563078927
2021-10-19,15.7,1.65,167.4,168.65,166.58,168.57,149.64,8053900.0,0.012128489942959897,0.24396377413179202,0.20302877396900565,0.20688845766228411,0.0003002833766960644,-0.020031832030068634,0.05999999999999983,0.31999999999999984,0.2217943129604306
2021-10-20,15.49,1.65,168.3,170.87,167.46,170.84,151.66,8185600.0,0.013466215815388427,0.24038980680458755,0.20441432976309235,0.20693278568340528,0.0003002469219713699,-0.06707129965079779,0.08999999999999986,0.32999999999999985,0.24418237648329352
2021-10-21,15.01,1.68,170.76,171.33,168.68,169.5,150.47,8415200.0,-0.00784359634745968,0.2179038787364231,0.20494999164412556,0.20535374288762528,0.0003002474406895939,-0.18751268650979616,0.15999999999999992,0.27,0.726844579474397
2021-10-22,15.43,1.66,170.03,172.09,169.7,171.78,152.49,8817900.0,0.013451327433628313,0.2190455323667244,0.20529351914850918,0.20616575574243592,0.0002993873534629543,-0.33837757428545656,0.06999999999999984,0.18999999999999995,0.30255264460395925
2021-10-25,15.24,1.64,172.71,172.96,170.48,170.94,151.75,10159200.0,-0.004889975550122272,0.205127947557721,0.20541298559399546,0.20631738742619776,0.0003035437610047598,-0.3963517770801785,0.04999999999999982,0.15999999999999992,0.60240219640495
2021-10-26,15.98,1.63,171.0,172.49,170.54,171.4,152.16,8015100.0,0.002691002691002753,0.20365784480533472,0.20451254668108668,0.20480154717917548,0.00030266923098424826,-0.4205127074366859,-0.020000000000000018,0.08999999999999986,0.2838539509664097
2021-10-27,16.98,1.54,170.32,170.7,167.34,167.83,148.99,9847000.0,-0.020828471411901917,0.2187154337904262,0.20819254756375005,0.20688674744838953,0.00030081179266110424,-0.39716484363330185,-0.10999999999999988,-0.010000000000000009,0.6127355207827084
2021-10-28,16.53,1.57,168.3,170.51,167.96,170.36,151.23,7212900.0,0.01507477804921642,0.21759360106694914,0.20879435313310268,0.20471449947420123,0.00030080345606739445,-0.31561818250551305,-0.10999999999999988,0.050000000000000044,0.2521415813480829
2021-10-29,16.26,1.55,171.18,172.24,169.39,169.89,150.82,8140100.0,-0.0027588635830008146,0.20623436175601764,0.20151466312864205,0.20358688818071644,0.00030165713271017026,-0.3185186624367854,-0.10999999999999988,0.07000000000000006,0.6849280395850711
2021-11-01,16.41,1.58,172.04,172.33,169.01,169.8,150.74,7435500.0,-0.0005297545470597242,0.20617392869021417,0.20148960151954573,0.20352098808283317,0.0003020179329286554,-0.315586328873388,-0.05999999999999983,0.09000000000000008,0.7057247867583154
2021-11-02,16.03,1.56,169.8,171.69,168.92,170.47,151.33,7173800.0,0.003945818610129548,0.2035959620959153,0.20028213985004156,0.20248932457876306,1.0766829476760442e-06,-0.3793840111215978,-0.06999999999999984,0.020000000000000018,0.29681890729025556
2021-11-03,15.1,1.6,170.13,171.13,169.15,170.53,151.38,8402700.0,0.000351968088226684,0.2035175138973824,0.19903752258816906,0.2021411140751742,-1.434150132262335e-07,-0.4833195931618947,0.06000000000000005,0.07000000000000006,0.37004139482080495
2021-11-04,15.44,1.53,170.0,170.2,166.49,168.29,149.4,9574200.0,-0.013135518677065638,0.20783445893064625,0.2010358064811654,0.20308734808199147,2.6350042577505396e-06,-0.5703987083736188,-0.040000000000000036,-0.050000000000000044,0.5532613648904866
2021-11-05,16.48,1.45,168.9,170.09,167.41,168.05,149.18,7975600.0,-0.0014261096916036164,0.20781014194328318,0.19955300780402788,0.20247619915520507,-1.2121780175899932e-06,-0.6623413243687241,-0.10000000000000009,-0.16000000000000014,0.6529479263116506
2021-11-08,17.22,1.51,169.05,170.92,168.74,169.06,150.08,6413700.0,0.00601011603689372,0.19420080641632856,0.1992083533111731,0.20250980474184802,5.711220436521724e-07,-0.6954805469853788,-0.07000000000000006,-0.08500000000000019,0.27900576860697845
2021-11-09,17.78,1.46,167.35,168.47,166.6,167.78,148.94,7990300.0,-0.007571276469892307,0.19413755651957212,0.19814471945340698,0.20224034277427463,5.937446269588253e-07,-0.7044448997606314,-0.10000000000000009,-0.13000000000000012,0.6180752974839394
2021-11-10,18.73,1.56,167.45,168.95,167.09,167.62,148.8,6999200.0,-0.0009536297532483085,0.1658754067035595,0.19703753386524223,0.20224830024869092,1.1476135670818177e-06,-0.48955573207778663,-0.040000000000000036,0.0,0.7028256529605497
2021-11-11,17.66,1.57,167.52,168.68,166.9,167.61,148.79,5815300.0,-5.9658751938806986e-05,0.1583692671046512,0.19602864361472733,0.20102562711742014,-1.7712976428718718e-06,-0.5526466811424446,0.040000000000000036,0.050000000000000044,0.7993097756246377
2021-11-12,16.29,1.58,167.65,167.74,165.72,166.86,148.13,8113400.0,-0.004474673348845548,0.14455656111528975,0.19638070673300154,0.20113781322715518,2.7260131649997633e-06,-0.559048102164532,0.13000000000000012,-0.010000000000000009,0.526449712551245
2021-11-15,16.49,1.63,167.21,167.79,166.0,166.56,147.86,6492500.0,-0.001797914419273683,0.14470917299672506,0.19501530179549317,0.20081290992088632,3.8012939937437373e-07,-0.5750121706116808,0.11999999999999988,0.039999999999999813,0.7880485713333788
2021-11-16,16.37,1.63,167.06,167.07,165.12,165.36,146.79,9706100.0,-0.00720461095100855,0.1394708160412863,0.19545114638984823,0.2010561192130511,-1.6139087768984872e-07,-0.5259473706977382,0.16999999999999993,-0.020000000000000018,0.19743073614334627
2021-11-17,17.11,1.6,165.21,165.56,163.39,164.47,146.0,9909600.0,-0.005382196419932317,0.12935819414914052,0.19145462637311156,0.20120986766235163,-1.7639797507851273e-06,-0.5117885569138483,0.040000000000000036,-0.04999999999999982,0.195270858729011
2021-11-18,17.59,1.59,164.39,164.85,162.56,163.05,144.74,8122500.0,-0.008633793396972012,0.12987183949308753,0.19208686783723142,0.20159561430543124,-1.4332997878230281e-06,-0.5580162093765293,0.020000000000000018,-0.08999999999999986,0.49867085037552805
2021-11-19,17.91,1.54,161.3,162.11,159.45,160.92,142.85,12193600.0,-0.013063477460901751,0.12216161278054896,0.19327619064181406,0.20245475944500013,1.6791132604332403e-07,-0.5744274380119938,-0.040000000000000036,-0.11999999999999988,0.0739975878430932
2021-11-22,19.17,1.63,164.16,165.98,162.99,164.35,145.9,14549900.0,0.021314939100174124,0.14974386945627718,0.19531835455413668,0.2047282566545999,6.757819744906968e-08,-0.5783699569783765,0.0,-0.010000000000000009,0.9498753824561029
2021-11-23,19.38,1.67,165.5,168.56,165.37,168.28,149.39,12354400.0,0.02391238211134783,0.17519739839302245,0.200973483452729,0.20754580284625782,-7.534905261952219e-08,-0.4442686486744034,0.040000000000000036,0.040000000000000036,0.8367762638837701
2021-11-24,18.58,1.64,168.46,169.44,166.44,166.96,148.21,9629800.0,-0.007844069408129317,0.1610617435857241,0.2017226309501794,0.20705121886329322,-2.584662513016589e-06,-0.4345885593448076,0.039999999999999813,0.09999999999999987,0.39780008764917335
2021-11-25,23.6,1.56,165.3,166.04500000000002,162.63,164.445,145.98000000000002,11624550.0,-0.015063488260661284,0.15863514415526617,0.2041557914338103,0.20696734180056572,2.727859647055908e-07,-0.442209999147383,-0.030000000000000027,-0.010000000000000009,0.23474120073960464
2021-11-26,28.62,1.48,162.14,162.65,158.82,161.93,143.75,13619300.0,-0.015293867250448345,0.16580389652920927,0.20628906131474833,0.20819245215579305,-1.2179586989513602e-06,-0.5556063566178588,-0.06000000000000005,-0.07000000000000006,0.14590618340065972
2021-11-29,22.96,1.52,163.31,164.78,159.82,161.23,143.13,12104400.0,-0.0043228555548694425,0.1657998114468313,0.206483830412508,0.20678962543811122,-6.912527327762596e-07,-0.604620400890352,-0.10999999999999988,-0.06000000000000005,0.25944118244874836
2021-11-30,27.19,1.43,159.16,160.63,158.29,158.83,141.0,18922600.0,-0.01488556720213341,0.16947170679997817,0.20880991015110312,0.20674538073264306,1.094788233246824e-06,-0.6981414601692019,-0.24,-0.13000000000000012,0.0607965327177146
2021-12-01,31.12,1.43,161.0,163.27,157.8,157.89,140.16,12253400.0,-0.005918277403513361,0.16905419455652837,0.2089656653551865,0.20670176202922305,2.0249558501106436e-07,-0.7665962350563029,-0.20999999999999996,-0.17000000000000015,0.3489301629943347
2021-12-02,27.95,1.44,159.83,163.25,158.8,161.21,143.11,12969900.0,0.0210272974855914,0.18658892418487205,0.21319344679339075,0.20449515847578145,-1.6440816678620074e-06,-0.7680821900043258,-0.1200000000000001,-0.09000000000000008,0.6854079356614474
2021-12-03,30.67,1.35,161.5,161.83,157.19,158.29,140.52,12681800.0,-0.018113020284101555,0.195022600267201,0.21517915357723322,0.20282619177142264,1.44816426569383e-06,-0.7977301288510582,-0.1299999999999999,-0.09999999999999987,0.3490176583831274
2021-12-06,27.18,1.43,161.01,162.61,159.46,160.16,142.18,11186500.0,0.011813759555246772,0.1995804657487976,0.21406890935509895,0.20208388488106402,2.87343019028663e-07,-0.8076982212261753,-0.09000000000000008,-0.08000000000000007,0.5257267030324578
2021-12-07,21.89,1.48,161.88,163.39,161.16,162.57,144.32,9851600.0,0.015047452547452433,0.20811368320105805,0.21303275917557007,0.2031401124255323,1.7220292616970668e-06,-0.8017564407003257,0.050000000000000044,0.020000000000000018,0.411624392167285
2021-12-08,19.9,1.52,162.66,163.27,160.17,160.71,142.67,11705700.0,-0.011441225318324366,0.2110607328276361,0.21404740767576783,0.2037519276771877,1.4584080379353992e-06,-0.7724499317826806,0.09000000000000008,-0.040000000000000036,0.45639833662322904
2021-12-09,21.58,1.49,159.65,160.93,158.65,160.46,142.44,11189600.0,-0.0015555970381432305,0.21094329541386134,0.21407729165729109,0.20338595233611062,-9.94435979684294e-07,-0.7493065186770466,0.050000000000000044,-0.08000000000000007,0.5252764892971551
2021-12-10,18.69,1.48,161.32,161.7,159.13,159.82,141.88,10405400.0,-0.00398853296771795,0.21087757323285372,0.21417793376719313,0.20300302147062374,-8.366933449410751e-08,-0.667471477842091,0.1299999999999999,-0.10000000000000009,0.6122098470298328
2021-12-13,20.31,1.42,159.5,159.79,157.28,157.92,140.19,12069000.0,-0.011888374421223924,0.21372767941561008,0.20634213056650405,0.20376874155022726,-9.891418462082413e-09,-0.5659631679872658,-0.010000000000000009,-0.20999999999999996,0.47609238709646096
2021-12-14,21.89,1.44,157.45,160.89,157.3,159.13,141.26,12563600.0,0.007662107396150031,0.21595902747056536,0.20684333046861078,0.20403707130504534,1.3074075520536076e-07,-0.5083645703823227,-0.040000000000000036,-0.18999999999999995,0.563948964778854
2021-12-15,19.29,1.47,159.85,159.85,157.35,157.94,140.21,14014200.0,-0.007478162508640751,0.21654353975247845,0.2038973925976676,0.2039469994612426,2.382719548849055e-06,-0.398908976216562,-0.050000000000000044,-0.13000000000000012,0.30451540782652076
2021-12-16,20.57,1.44,160.39,161.82,158.7,160.41,142.4,19542800.0,0.015638850196276977,0.22361087557471662,0.19432256140066162,0.2046925483717376,1.2421502525228333e-06,-0.36674509397175103,-0.050000000000000044,-0.15000000000000013,0.9351132869970525
2021-12-17,21.57,1.41,159.32,159.38,155.18,156.76,139.16,24494500.0,-0.022754192382021143,0.23314712102631388,0.19828851961070768,0.20715641405550522,1.030210035501966e-06,-0.3373143585303513,-0.07000000000000006,-0.13000000000000012,0.0451906064424911
2021-12-20,22.87,1.43,154.51,154.7,151.84,153.94,136.66,15148000.0,-0.017989282980352073,0.22436921725009568,0.19460641046798918,0.20800365280288768,5.01317665646539e-07,-0.25245115523765893,0.010000000000000009,-0.19999999999999996,0.38369521956633623
2021-12-21,21.01,1.48,155.41,157.18,155.09,156.09,138.56,11291300.0,0.013966480446927498,0.21081365775865973,0.1968902351379863,0.20887417738713918,-3.019302075396579e-06,-0.1048007129572623,0.040000000000000036,-0.18999999999999995,0.36275204657424975
2021-12-22,18.63,1.46,155.75,157.06,155.24,156.7,139.11,7273000.0,0.003908001793836879,0.21185154082593208,0.1971425677496884,0.20893791332372663,2.7962152716720643e-06,0.13937974087671906,-0.010000000000000009,-0.17999999999999994,0.17418546491768608
2021-12-23,17.96,1.5,157.61,159.12,157.21,157.26,139.6,8055200.0,0.0035737077217612434,0.2081681456961624,0.19553957809924127,0.20741680778828092,-6.371257283921405e-07,0.19631608903292963,0.06000000000000005,-0.06000000000000005,0.22201454205668053
2021-12-24,17.89,1.495,157.60750000000002,158.89,156.9925,157.485,139.8,7588425.0,0.0014307516215186222,0.20255119769811794,0.1903460001137783,0.20222854942650426,-1.4455319785555699e-06,0.13993984247393787,0.08500000000000019,0.015000000000000124,0.22450564661921382
2021-12-27,17.68,1.48,157.6,158.2,156.34,158.16,140.4,6188100.0,0.00428612248785587,0.20315895900147102,0.19064414089641132,0.20126301463155918,-1.6533367817095356e-06,0.14691577375146236,0.050000000000000044,-0.040000000000000036,0.1948638116124446
2021-12-28,17.54,1.49,158.2,160.15,158.08,158.64,140.83,6342300.0,0.003034901365705611,0.1966306073680864,0.1894244646984804,0.20011372065788274,-4.7127009824010636e-07,0.1387499178113839,0.010000000000000009,0.06000000000000005,0.22057244642972643
2021-12-29,16.95,1.55,158.85,159.63,158.15,158.56,140.76,6398900.0,-0.0005042864346948006,0.19539981655534802,0.18931809093462884,0.200046050236311,1.8607049013463773e-06,0.2067227145201404,0.09000000000000008,0.1200000000000001,0.7575205487020279
2021-12-30,17.33,1.52,159.11,160.24,158.37,158.48,140.69,6948200.0,-0.0005045408678103769,0.17937351979589436,0.1887057919042609,0.20002911245366106,1.2397388734375347e-06,0.08436682854774245,0.020000000000000018,0.08000000000000007,0.7171704635866063
2021-12-31,17.22,1.52,158.45,159.29,157.96,158.35,140.57,5805900.0,-0.0008202927814234817,0.1673252034031328,0.1886665743149892,0.19717496092853778,-1.1604855590430229e-06,0.13901980363447783,0.02499999999999991,0.16999999999999993,0.7447052981550424
2022-01-03,16.6,1.63,159.86,162.64,159.51,161.7,143.54,13120900.0,0.02115566782443956,0.178905153260111,0.1894718979202131,0.1934927393756942,-2.477876290052361e-06,-0.12230596692674835,0.1499999999999999,0.19999999999999996,0.6089981975147999
2022-01-04,16.91,1.66,164.31,168.58,164.23,167.83,148.99,20195800.0,0.03790970933828097,0.2176959862304146,0.20446507675339168,0.19917140971439617,1.6313990701677384e-07,-0.3981492924601278,0.16999999999999993,0.17999999999999994,0.8415493155212239
2022-01-05,19.73,1.71,167.82,168.36,163.73,163.78,146.26,17539400.0,-0.02413156169933872,0.2320309866165435,0.20326644164665678,0.2003148397331953,0.0002973339522937435,-0.35894842124216253,0.15999999999999992,0.18999999999999995,0.2559227797619759
2022-01-06,19.61,1.73,166.91,167.37,163.87,165.52,147.82,14047500.0,0.010624007815362102,0.2342359177312702,0.20200791400749402,0.19988381568355246,0.0003022385352437318,-0.3365220165915776,0.20999999999999996,0.24,0.5960027498080658
2022-01-07,18.76,1.76,165.67,167.53,165.06,167.16,149.28,13913300.0,0.009908168197196643,0.23498684439663445,0.19916637438062995,0.20027150595904503,0.0002978252634595724,-0.3101630802853968,0.24,0.28,0.582038484061747
2022-01-10,19.4,1.78,169.07,169.31,165.53,167.32,149.42,12922500.0,0.0009571667863124134,0.22901045913431348,0.19917076692324334,0.20009465730230172,0.00029802849502984506,-0.24801417467048026,0.15000000000000013,0.3600000000000001,0.5348144229717914
2022-01-11,18.41,1.75,168.26,168.52,166.31,167.49,149.58,11854100.0,0.0010160172125270872,0.22842790990551884,0.19761310614642996,0.2000684757130806,0.00030223438514175304,-0.24789759988025403,0.09000000000000008,0.31000000000000005,0.487026702945982
2022-01-12,17.62,1.74,168.46,169.59,167.18,168.44,150.42,12568000.0,0.005671980416741329,0.22543571800399997,0.19597809863752386,0.20018450395901696,0.0002971674331702312,-0.27715256757710366,0.030000000000000027,0.27,0.5235005895962774
2022-01-13,20.31,1.7,168.34,169.81,167.89,168.23,150.24,13623400.0,-0.0012467347423414932,0.22112336051017067,0.19533884108438446,0.1998986330580514,0.0003006309838375854,-0.1855433130332687,-0.030000000000000027,0.26,0.40998128982648274
2022-01-14,19.19,1.78,160.76,161.03,156.9,157.89,141.0,24494500.0,-0.061463472626760995,0.3060731408365686,0.2304076840136943,0.21902344466127607,0.0002985291256564937,-0.12369104406857373,0.020000000000000018,0.3700000000000001,0.07623336353695354
2022-01-17,21.89,1.8475,157.025,157.0925,152.13,152.925,136.5675,24494500.0,-0.0314459433783012,0.3202752202209181,0.23846188743976,0.223756663542178,0.0002977938190714402,-0.10381172610825382,0.0674999999999999,0.4175,0.10801140442399626
2022-01-18,22.79,1.87,155.78,155.78,150.54,151.27,135.09,24494500.0,-0.01082229851234262,0.3178790034015488,0.23899637137944799,0.22371986995586388,0.0003010938740889535,-0.2603004331400609,0.1200000000000001,0.3900000000000001,0.1407849712411966
2022-01-19,23.85,1.83,151.57,152.23,148.55,148.93,133.0,22380000.0,-0.01546902888874202,0.321034978632939,0.2374371657152036,0.22429999999833858,0.0002979273332406718,-0.46152853517916426,0.09000000000000008,0.3700000000000001,0.21045867377510274
2022-01-20,25.59,1.83,148.99,150.61,147.36,147.66,131.87,14860800.0,-0.008527496139125845,0.32095115980796063,0.2351553403296089,0.2238666147791221,0.0003020601831795311,-0.6148708762953813,0.13000000000000012,0.33000000000000007,0.4663895143543309
2022-01-21,28.85,1.75,147.5,147.51,144.27,145.08,129.56,20705400.0,-0.017472572125152297,0.3245256334552578,0.23720992640991445,0.2213082457576487,0.0002996909497898381,-0.7293421472395519,-0.030000000000000027,0.2549999999999999,0.2811628719763045
2022-01-24,29.9,1.75,142.28,145.48,139.57,144.95,129.45,24494500.0,-0.0008960573476703981,0.3233125890114585,0.23719800795199375,0.2213075422172188,0.00030175962321077885,-0.792430436617829,-0.09749999999999992,0.27,0.20161325057036883
2022-01-25,31.16,1.78,143.65,146.85,140.79,146.53,130.86,18915900.0,0.010900310451880113,0.32681778298379505,0.23843305727572972,0.22114823707310946,0.00029997564026926216,-0.8202863689856759,-0.09000000000000008,0.29000000000000004,0.6090369125444434
2022-01-26,31.96,1.85,148.72,150.57,145.96,147.92,132.1,20709100.0,0.009486112058963991,0.33004503201431556,0.2396163949405777,0.22088325319313162,0.0002991018308042104,-0.837671449341136,0.020000000000000018,0.30000000000000004,0.6590190999363343
2022-01-27,30.49,1.81,149.42,150.38,144.13,145.31,129.77,17536800.0,-0.01764467279610593,0.3337353082570725,0.24066683689293497,0.2221525818833714,0.00029907147259373155,-0.8679058039562065,-0.020000000000000018,0.29000000000000004,0.49512256505837143
2022-01-28,27.66,1.78,144.19,146.76,142.17,146.61,130.93,14117000.0,0.008946390475535138,0.33680092313033266,0.24176948595650438,0.22207442785189116,0.0003003335229234905,-0.8918849086053495,0.030000000000000027,0.26,0.3074708502705094
2022-01-31,24.83,1.79,145.64,148.79,144.67,148.6,132.71,13985700.0,0.013573426096446184,0.3304159283974973,0.24335244069784714,0.22285086107204308,0.0003027421071061909,-0.8965194218729198,0.040000000000000036,0.16000000000000014,0.29776619647156566
2022-02-01,21.96,1.81,148.69,151.47,148.3,151.15,134.98,14584900.0,0.017160161507402405,0.30253689106734316,0.2462089587429284,0.2236495316888965,0.000297196203687633,-0.8703754755874166,0.030000000000000027,0.15000000000000013,0.34043280478200605
2022-02-02,22.09,1.78,150.5,150.94,148.07,149.94,133.9,12441100.0,-0.00800529275554096,0.29434691038494054,0.24655147600036983,0.223562427047854,-1.8730828947877144e-07,-0.8458891858616507,-0.07000000000000006,0.07000000000000006,0.7390986459975796
2022-02-03,24.35,1.82,150.0,151.65,148.29,148.7,132.8,12474900.0,-0.008269974656529344,0.2892916915264353,0.24688692423443084,0.22355583602223952,5.055770229023259e-07,-0.8334414956196139,0.010000000000000009,0.09000000000000008,0.7315469848087431
2022-02-04,23.22,1.93,149.1,153.5,148.77,152.56,136.24,16654400.0,0.02595830531271015,0.3055491206836536,0.2533115565695736,0.22671098013555335,-6.105816250490115e-07,-0.8176615432912892,0.1499999999999999,0.16999999999999993,0.45984735347425537
2022-02-07,22.86,1.92,153.27,153.62,150.85,153.07,136.7,12572300.0,0.0033429470372312586,0.30621843738575955,0.25349314697219605,0.22599231419238988,2.021892315512419e-06,-0.8068645479978405,0.1299999999999999,0.1399999999999999,0.2657045371229342
2022-02-08,21.44,1.96,155.0,158.48,154.8,155.95,139.27,20411400.0,0.018814921277846786,0.31662695004354763,0.2564867518608874,0.22747144952186993,-1.4327481528575436e-06,-0.7884736200339794,0.1499999999999999,0.20999999999999996,0.6367904498155399
2022-02-09,19.96,1.94,156.59,157.43,155.82,156.6,139.85,9131100.0,0.004168002564924667,0.3161018481332816,0.2565121890909791,0.2255577220238526,1.1934113408718084e-06,-0.763730243629484,0.15999999999999992,0.19999999999999996,0.14794377440383852
2022-02-10,23.91,2.03,156.66,159.03,155.22,155.95,139.27,16455600.0,-0.0041507024265645676,0.31600197593582513,0.2560831911184699,0.2254992939043157,-1.1431864571309625e-06,-0.8365431540351476,0.20999999999999974,0.32999999999999985,0.5695615672982066
2022-02-11,27.36,1.92,155.61,158.19,152.97,153.92,137.46,16830000.0,-0.013016992625841661,0.23464383153319263,0.25607355540709437,0.22593356306917253,1.9342407066469393e-06,-0.7497063366457429,-0.010000000000000009,0.1399999999999999,0.5321737188625858
2022-02-14,28.33,1.98,152.73,153.68,150.32,152.49,136.18,17026500.0,-0.009290540540540349,0.2084430629535759,0.2525374021669474,0.22515801337841737,3.5678631646884897e-07,-0.694813336714458,0.06000000000000005,0.13250000000000006,0.5007494681938924
2022-02-15,25.7,2.05,154.51,155.94,153.85,154.72,138.17,9500000.0,0.014623909764574616,0.21057813226294367,0.24930127250667622,0.22615909749321134,-3.5577152994181737e-07,-0.6715951473973909,0.08999999999999986,0.17999999999999972,0.16237998144863644
2022-02-16,24.29,2.03,153.74,156.1,153.74,155.0,138.42,9076500.0,0.0018097207859359976,0.2011455664015829,0.2489999477509404,0.22616968616449223,-2.6491092568470266e-07,-0.6901716888338001,0.08999999999999986,0.19999999999999973,0.17255227385370672
2022-02-17,28.11,1.97,153.0,153.73,150.67,151.43,135.23,11367500.0,-0.02303225806451603,0.21723262610521674,0.2514301439931419,0.2284725571770021,-2.5343230834307116e-06,-0.6903927793043289,-0.05999999999999983,0.1399999999999999,0.7217744053532371
2022-02-18,27.75,1.92,152.13,154.14,151.13,152.14,135.87,11733300.0,0.004688635012877196,0.20570128057150747,0.24999342460752882,0.22843836747615348,1.931245784903002e-06,-0.6624016194814119,0.0,0.16999999999999993,0.3135850286811911
2022-02-21,28.545,1.935,150.9825,153.465,150.59,151.9375,135.69,11433450.0,-0.001331010911002961,0.2058011233650669,0.24989443790123406,0.22843850466684684,-1.1118499019246996e-07,-0.6110130681422717,-0.04499999999999993,0.18500000000000005,0.6925862710667836
2022-02-22,28.81,1.94,150.6,153.24,150.41,151.87,135.63,11333500.0,-0.0004442616207321892,0.20354046976257967,0.2481806499709159,0.2284385114007245,3.920729803930101e-07,-0.5386689863957143,-0.10999999999999988,0.15999999999999992,0.6808053086789206
2022-02-23,31.02,1.99,153.12,153.3,147.97,148.69,132.79,11799000.0,-0.02093896095344705,0.21666823683183728,0.25143669280763326,0.23031600934486599,8.856905080734112e-07,-0.5206339134530296,-0.039999999999999813,0.1399999999999999,0.6346389287736911
2022-02-24,30.32,1.96,142.94,144.99,139.78,144.55,129.09,24494500.0,-0.027843163629026724,0.23048469242830896,0.2531947710563451,0.2336031881978769,-4.943598040541008e-07,-0.5214323234530899,-0.010000000000000009,0.1499999999999999,0.06106292915209486
2022-02-25,27.59,1.97,145.25,150.13,144.91,147.97,132.14,18367700.0,0.023659633344863318,0.24373278061883516,0.25607824430971243,0.23570698987018193,-1.72027775962591e-06,-0.5227956816900792,0.050000000000000044,0.18999999999999995,0.744000391090509
2022-02-28,30.15,1.83,143.55,145.06,140.88,141.8,126.63,24494500.0,-0.04169764141380006,0.28078120954528674,0.2678583688954643,0.24196795448494457,-2.8161190715358943e-06,-0.6045292368700603,-0.10499999999999998,0.040000000000000036,0.10620894751252334
2022-03-01,33.32,1.72,140.04,140.48,133.58,136.45,121.86,24494500.0,-0.03772919605077585,0.297701547788778,0.2753408381519557,0.24664724237055008,3.035374653337364e-06,-0.7246043385004989,-0.21999999999999997,-0.09000000000000008,0.1386286764981647
2022-03-02,30.74,1.86,137.29,140.04,136.61,139.28,124.38,19405600.0,0.02074019787467951,0.3109596184105115,0.2788856780496678,0.24839867476241762,-1.4643640880440678e-07,-0.7785872475831817,-0.1299999999999999,0.08000000000000007,0.6818300360060336
2022-03-03,30.48,1.86,139.84,140.98,137.06,138.29,123.5,16640800.0,-0.007107983917288951,0.31075034300356863,0.2790605057801169,0.24855835265928894,-1.2574144704846636e-06,-0.8006944277559652,-0.09999999999999987,0.040000000000000036,0.4525267934265914
2022-03-04,31.98,1.74,134.94,135.42,132.4,134.4,120.03,21016000.0,-0.028129293513630693,0.3020749965018991,0.28401796384636224,0.25164222583884227,3.0608103397500306e-06,-0.8142752550421288,-0.22999999999999998,-0.18999999999999995,0.27425763658012037
2022-03-07,35.49250000000001,1.78,132.17,132.69,128.95,129.21,115.39,24494500.0,-0.038616071428571375,0.3207399158949924,0.2928463529459867,0.2540442883117987,-7.347491136344697e-07,-0.8580500528676906,-0.050000000000000044,-0.1399999999999999,0.19085522597451432
2022-03-08,35.13,1.86,129.64,131.79,127.27,128.3,114.58,19207800.0,-0.007042798545004225,0.30453356766273526,0.2920729123690759,0.2541727522210905,1.1476843673696725e-06,-0.88245228156174,0.14000000000000012,-0.09999999999999987,0.37600305693111813
2022-03-09,32.45,1.94,132.9,135.24,132.44,133.44,119.17,17536200.0,0.04006235385814483,0.34931492774823836,0.30520266929317846,0.2594927086894445,1.173936952575394e-06,-0.9203066163490866,0.07999999999999985,0.0,0.5333714506318786
2022-03-10,30.23,1.98,131.86,133.45,130.32,131.86,117.76,15604200.0,-0.01184052757793752,0.34933362772406795,0.30337042394247277,0.25485743379370074,1.4428827551704603e-06,-0.8854275410352744,0.11999999999999988,-0.04999999999999982,0.5563692109043606
2022-03-11,30.75,2.0,132.49,134.08,128.42,128.89,115.1,20061800.0,-0.022523888973153494,0.35271342697129565,0.3033069916058639,0.25593268235724953,-2.8990070393974943e-06,-0.8458679464050533,0.26,0.08000000000000007,0.35747844115376515
2022-03-14,31.77,2.14,129.46,132.92,129.23,130.17,116.25,15786900.0,0.00993094887113033,0.3587610759241325,0.30284046538202275,0.25369269466778405,1.1623970603447109e-06,-0.8404405675426017,0.3600000000000001,0.16000000000000014,0.44810129998305787
2022-03-15,29.83,2.15,131.8,133.55,131.13,132.48,118.31,15096600.0,0.017746024429592167,0.3614913934034561,0.3038215996789676,0.2552382360734883,4.42020178781366e-07,-0.7907591507758109,0.2899999999999998,0.10000000000000009,0.3984040630171575
2022-03-16,26.67,2.19,134.87,138.49,134.43,138.4,123.6,20354900.0,0.04468599033816445,0.40547189019798324,0.3186539643547655,0.26396007511288166,1.7544909646560746e-06,-0.68518347948944,0.25,0.16000000000000014,0.6357256356956649
2022-03-17,25.67,2.2,136.86,140.19,135.92,140.15,125.16,17050500.0,0.01264450867052025,0.40459846335544947,0.3198555875256096,0.2641238345540511,1.3046656060333728e-06,-0.6074956770362985,0.2200000000000002,0.2300000000000002,0.44589021308802856
2022-03-18,23.87,2.14,140.19,140.85,138.46,140.1,125.12,23656500.0,-0.00035676061362832634,0.40363035010305376,0.31980142459498045,0.26213319051907724,9.719578177136424e-07,-0.5163423201050964,0.14000000000000012,0.2200000000000002,0.24010711919293554
2022-03-21,23.53,2.32,140.35,140.76,138.73,139.65,124.71,12676100.0,-0.0032119914346894207,0.4035325500633043,0.3195663645302143,0.2621470302845889,-2.5928036380906684e-06,-0.4793411626255113,0.17999999999999972,0.3849999999999998,0.8028342373320483
2022-03-22,22.94,2.38,142.27,143.93,141.72,142.62,127.37,13548600.0,0.021267454350161197,0.4132417962412973,0.32292888693927063,0.26366201699456887,3.4020393450129307e-07,-0.5303518511122592,0.22999999999999998,0.43999999999999995,0.217838553783726
2022-03-23,23.57,2.32,140.98,141.59,139.2,139.78,124.83,12093200.0,-0.01991305567241619,0.41266067032418524,0.32509822989747167,0.26499353455155866,-1.1130468221043354e-06,-0.6310534833693539,0.1299999999999999,0.32999999999999985,0.8385285263413107
2022-03-24,21.67,2.34,140.3,140.71,139.11,140.69,125.64,10017600.0,0.006510230361997493,0.4028705879869305,0.3255435967499719,0.26500482002917064,-1.128201292666109e-06,-0.6912355992917247,0.13999999999999968,0.3799999999999999,0.13245376941386627
2022-03-25,20.81,2.48,141.09,143.18,140.8,141.92,126.74,8383500.0,0.0087426256308194,0.3941224897116383,0.32625246290743637,0.265397355257927,1.0912781414518235e-06,-0.7750029953671195,0.33999999999999986,0.51,0.12850301667442643
2022-03-28,19.63,2.46,140.0,140.97,137.9,140.87,125.8,10818100.0,-0.007398534385569255,0.3658526756335606,0.32297189479114674,0.2639906809739659,2.0235570198923193e-07,-0.8296368874453449,0.14000000000000012,0.6299999999999999,0.782792799147778
2022-03-29,18.9,2.41,143.35,143.6,140.24,141.18,126.08,11316500.0,0.002200610491942978,0.33772269799744287,0.3121931988035932,0.2638701435375912,-1.6814347137572571e-06,-0.858217322037464,0.03000000000000025,0.6900000000000002,0.25281913434450604
2022-03-30,19.33,2.35,141.9,142.12,139.91,140.54,125.51,8771000.0,-0.004533220002833405,0.33088853213071,0.30901048963817396,0.2613414882398458,1.9101914068397894e-06,-0.8939879872094387,0.03000000000000025,0.49,0.8106841021469586
2022-03-31,20.56,2.32,139.83,140.35,136.26,136.32,121.74,17353900.0,-0.030027038565532904,0.3476001458216115,0.3129207549816977,0.2635951275490169,-2.8269810786740734e-07,-0.8915117822447005,-0.020000000000000018,0.45999999999999974,0.41647072705420873
2022-04-01,19.63,2.39,137.4,137.41,133.8,135.31,120.84,15721300.0,-0.007409037558685383,0.3332326996478153,0.3118716607211221,0.2620110559130197,-1.1178486701735046e-06,-0.8512267025095335,-0.08999999999999986,0.6500000000000001,0.4867947405954764
2022-04-04,18.57,2.42,134.12,136.94,132.89,135.91,121.37,17416400.0,0.0044342620648880615,0.29945675259092264,0.3121568884230502,0.26215105552463375,-1.393291991264034e-06,-0.7789726561027002,-0.040000000000000036,0.6399999999999999,0.6352338745481645
2022-04-05,21.03,2.54,134.07,135.4,133.01,133.34,119.96,12110300.0,-0.018909572511220607,0.30743297994941976,0.31365634661854713,0.2625780332582009,0.0003690799171632786,-0.6640898912792901,0.1299999999999999,0.6799999999999999,0.6577887939090479
2022-04-06,22.1,2.61,131.58,132.56,130.96,131.49,118.3,12914700.0,-0.013874306284685778,0.2772425938339102,0.31374642437954103,0.26219731745688657,0.0003710680540009892,-0.5928286780699084,0.2599999999999998,0.6699999999999999,0.5992464952974778
2022-04-07,21.55,2.66,130.95,131.92,128.73,131.09,117.94,12994200.0,-0.0030420564301467667,0.2742507982782743,0.3137025224728011,0.2620646765971516,0.000370575435794851,-0.48699752290438253,0.3400000000000003,0.6800000000000002,0.5865584680872588
2022-04-08,21.16,2.72,131.67,133.9,131.49,133.49,120.1,13126900.0,0.018308032649325012,0.2683079842875036,0.2931686012350226,0.26276476998413023,0.00037418348015679783,-0.3279301870698707,0.33000000000000007,0.7200000000000002,0.43921855286098127
2022-04-11,24.37,2.79,133.0,134.9,132.57,133.0,119.66,10466400.0,-0.0036706869428422273,0.2672432567072783,0.28696683662059697,0.2627419467052153,0.0003715499743050077,-0.14822577650411536,0.3700000000000001,0.6499999999999999,0.702241218999872
2022-04-12,24.26,2.72,132.14,134.58,130.7,131.54,118.34,12989900.0,-0.010977443609022641,0.26308729982836143,0.28698700767442575,0.26297688665419605,0.0003700869322892875,-0.03215907648823703,0.18000000000000016,0.5700000000000003,0.5450390463095907
2022-04-13,21.82,2.7,126.94,129.25,126.01,127.3,114.53,24494500.0,-0.03223354112817389,0.22830942305116222,0.29231337484442804,0.26520986393348606,0.0003707643673956984,-0.06545413926778869,0.0900000000000003,0.5100000000000002,0.0795624784571454
2022-04-14,22.7,2.83,126.5,128.3,125.02,126.12,113.47,18835200.0,-0.009269442262372252,0.22013281809568444,0.29238326146082005,0.264203819721676,0.0003726253059801399,-0.2122011351938899,0.16999999999999993,0.6299999999999999,0.25001277034698727
2022-04-15,22.5675,2.835,126.2925,128.53500000000005,125.15,126.705,113.995,17085000.0,0.004638439581351017,0.22228447049527683,0.2910416939374075,0.2643978357092288,0.0003701855520750974,-0.31389946321505696,0.11499999999999977,0.6949999999999998,0.7081379400025608
2022-04-18,22.17,2.85,125.67,129.24,125.54,128.46,115.57,11834400.0,0.013851071386291158,0.23205864165474327,0.29286335198932956,0.2654213773246894,0.00037172903217409515,-0.39456076863549544,0.06000000000000005,0.5300000000000002,0.3873711933029011
2022-04-19,21.37,2.93,128.45,131.32,128.23,131.12,117.96,15015400.0,0.020706834812392882,0.23125407270673387,0.295364820606391,0.26734535221478234,0.00036738285177919663,-0.4961076092680664,0.20999999999999996,0.5500000000000003,0.5843636122845377
2022-04-20,20.32,2.85,132.52,133.51,131.34,131.58,118.38,13430200.0,0.003508236729713232,0.2248594026421434,0.294652814187837,0.26744434480666956,0.00037145992204327125,-0.5983128952523149,0.1499999999999999,0.5300000000000002,0.4790927999961066
2022-04-21,22.68,2.9,132.22,132.81,129.96,130.56,117.46,12174200.0,-0.007751937984496249,0.22261221113635196,0.293070942172466,0.26708393615659404,0.0003715333508606478,-0.6620651589964727,0.06999999999999984,0.56,0.6093258142599273
2022-04-22,28.21,2.9,130.28,130.52,126.69,126.81,114.09,14318800.0,-0.028722426470588203,0.23439410687960968,0.29740856508811037,0.26988031627435416,0.0003725488453100334,-0.6869058263854615,0.06499999999999995,0.41999999999999993,0.4888468664070271
2022-04-25,27.02,2.81,126.01,127.12,123.11,126.77,114.05,17149000.0,-0.00031543253686627803,0.23498434865594467,0.2956105646127786,0.26962838719992743,0.00037170790573569644,-0.7017729944878291,-0.040000000000000036,0.3500000000000001,0.31979636110937815
2022-04-26,33.52,2.77,124.64,126.41,122.87,123.02,110.68,17209500.0,-0.02958113118245642,0.24848330553492576,0.29786255913527476,0.2724198913857588,0.0003721376288946199,-0.7346261960137116,-0.16000000000000014,0.3599999999999999,0.3329628003507653
2022-04-27,31.6,2.82,122.33,123.56,121.22,121.42,109.24,17215200.0,-0.013006015282067906,0.24930245848234484,0.2983792122314594,0.2728405874664624,0.0003712945755340646,-0.8049795226415941,-0.03000000000000025,0.46999999999999975,0.34920436683929834
2022-04-28,29.99,2.85,122.81,123.65,121.14,123.34,110.96,13015600.0,0.0158128809092406,0.24663997920215472,0.300750832645943,0.2741122787587796,0.0003684972069870507,-0.8321830655491674,-0.04999999999999982,0.5300000000000002,0.3532656606132401
2022-04-29,33.4,2.89,123.05,123.61,118.9,119.36,107.38,14874800.0,-0.03226852602562025,0.2651205762879073,0.30053177082365234,0.2774951233641695,0.00036791959275686017,-0.8621073936147129,-0.009999999999999787,0.5,0.5045358596600811
2022-05-02,32.34,2.99,119.88,120.71,118.22,120.45,108.36,18545000.0,0.009132037533511994,0.26810813951478585,0.30136114425611993,0.2780165348038666,0.0003700477711625183,-0.867962518732758,0.18000000000000016,0.5700000000000003,0.7464862333394358
2022-05-03,29.25,2.97,121.53,124.17,120.78,123.03,110.69,15720900.0,0.021419676214196715,0.28007113344781426,0.3022423329471866,0.28008725415177044,2.45947656914991e-06,-0.8671397150172792,0.20000000000000018,0.43000000000000016,0.5425786820806042
2022-05-04,25.42,2.93,122.8,127.4,122.74,127.1,114.35,17128500.0,0.03308136226936509,0.3061956621362037,0.3111606949022113,0.28470084276237223,-1.6066372271472673e-07,-0.8621768841109482,0.11000000000000032,0.3200000000000003,0.6329642353406013
2022-05-05,31.2,3.05,125.25,126.1,122.16,123.92,111.49,15055400.0,-0.02501966955153412,0.31737941927475455,0.3143322398733625,0.2864957317691637,3.403342753727223e-07,-0.8566992400138315,0.19999999999999973,0.3899999999999997,0.5338927331445087
2022-05-06,30.19,3.12,123.8,124.29,121.18,123.72,111.31,14417900.0,-0.0016139444803099368,0.30768816842027596,0.31374610339146525,0.28604985524474424,2.8139348628997143e-10,-0.8510062790090211,0.22999999999999998,0.3999999999999999,0.5896196181751823
2022-05-09,34.75,3.05,122.11,123.33,120.5,121.86,109.63,14312300.0,-0.015033947623666388,0.3103482875129738,0.3144235159913214,0.28461508399077895,-3.3515372517833875e-06,-0.8837704529255634,0.05999999999999961,0.2599999999999998,0.62066777308577
2022-05-10,32.99,2.99,123.11,123.78,117.56,118.89,106.96,16382400.0,-0.024372230428360453,0.3177911613947507,0.31495932747963046,0.28378733219707125,2.7001795342429523e-07,-0.9031514788938818,0.020000000000000018,0.27,0.45843876385439625
2022-05-11,32.56,2.91,119.3,122.89,117.94,118.14,106.29,14630300.0,-0.006308352258390104,0.30104736957564593,0.3147385066093285,0.28373746934984906,5.283424217406019e-07,-0.903471924801295,-0.020000000000000018,0.20999999999999996,0.5975595848484759
2022-05-12,31.77,2.84,117.0,118.32,115.37,118.04,106.2,16318800.0,-0.0008464533604197744,0.3004110596155296,0.31238064734224386,0.2831750542419212,-2.0392338399011222e-07,-0.9055622863903777,-0.20999999999999996,0.009999999999999787,0.36379270475029457
2022-05-13,28.87,2.93,119.41,120.25,117.96,119.09,107.14,10443200.0,0.008895289732294032,0.3022463116282406,0.3129960112937446,0.28304848838734475,-1.807172566054005e-06,-0.8842969763305072,-0.18999999999999995,0.0950000000000002,0.10240785807134359
2022-05-16,27.47,2.88,118.54,119.46,117.23,118.26,106.39,10269000.0,-0.006969518851288936,0.2958909222211096,0.3130130202803747,0.2831125613495257,-1.6412159209944211e-06,-0.8151841524017753,-0.16999999999999993,0.029999999999999805,0.887922297412317
2022-05-17,26.1,2.98,121.04,122.97,120.81,122.18,109.92,11160200.0,0.033147302553695246,0.31247785317556703,0.32207125729539804,0.28716206247125714,1.2412798384653368e-06,-0.7468699542446758,-0.010000000000000231,0.04999999999999982,0.18486291386787607
2022-05-18,30.96,2.89,121.3,121.97,119.53,120.09,108.04,12664900.0,-0.0171059093141267,0.31504222912225405,0.3212753532711153,0.2879402164847364,-1.2338925653276878e-06,-0.6468297820514333,-0.020000000000000018,0.040000000000000036,0.6953845814756839
2022-05-19,29.35,2.84,118.19,119.65,117.63,118.31,106.44,12765800.0,-0.014822216670830168,0.3170417796575923,0.3181286604543844,0.2865219806988565,4.100678247909162e-07,-0.4459224946716061,0.0,-0.06000000000000005,0.69111449222462
2022-05-20,29.43,2.78,119.46,119.67,115.02,117.34,105.57,13150100.0,-0.008198799763333597,0.3045622913152934,0.31333127808049327,0.2857306580588759,4.206598162581621e-08,-0.3594099939321455,-0.15000000000000036,-0.1200000000000001,0.6486184083255053
2022-05-23,28.48,2.86,120.46,126.57,120.45,124.6,112.1,24376700.0,0.0618714845747399,0.38349190233999225,0.3310299529847704,0.2998379072167653,1.0103814219730722e-06,-0.2994157061304128,-0.020000000000000018,0.04999999999999982,0.949189524999292
2022-05-24,29.45,2.76,124.36,127.49,123.11,126.36,113.68,19324900.0,0.014125200642054692,0.37084086321053145,0.32406953437285313,0.2997303941884084,-2.1845855449176275e-06,-0.3673485951613103,-0.2200000000000002,-0.010000000000000231,0.7818288790081006
2022-05-25,28.37,2.75,126.28,127.86,125.17,127.24,114.47,12780400.0,0.006964229186451343,0.36716854646196795,0.3213266375890607,0.2996790860340125,-2.6981090961275543e-06,-0.40420404838928464,-0.14000000000000012,-0.06999999999999984,0.34776102030263617
2022-05-26,27.5,2.75,128.37,130.19,128.21,129.44,116.45,15990900.0,0.017290160326941306,0.3679106211728156,0.3233289663981258,0.3009489855067698,9.773024511605666e-07,-0.4596349652737095,-0.08999999999999986,-0.10000000000000009,0.5734194437824572
2022-05-27,25.72,2.74,130.16,131.27,129.14,131.27,118.1,11177800.0,0.014137824474660166,0.3456674827196789,0.31970789860884385,0.3017908128027477,2.282689364058177e-06,-0.5331762738707019,-0.03999999999999959,-0.1499999999999999,0.2549872734439764
2022-05-30,26.54,2.8225,130.175,132.68,129.5675,131.99,118.745,15555700.0,0.00548487849470547,0.3453299270909073,0.3096889877464558,0.30156947543923657,1.3948331102575652e-06,-0.5691011551326646,-0.03750000000000009,-0.16750000000000043,0.5658694953089853
2022-05-31,26.19,2.85,130.18,133.15,129.71,132.23,118.96,17015000.0,0.0018183195696641619,0.33978772739603236,0.309294412592821,0.3013199183591933,-3.0397399032433546e-06,-0.6096387582124995,0.0900000000000003,-0.1200000000000001,0.6638934161408617
2022-06-01,25.69,2.94,132.87,132.87,128.67,129.91,116.88,10768000.0,-0.017545186417605607,0.3293362413258436,0.3003748352220515,0.30210469116214395,8.065434808135486e-07,-0.631810880217173,0.18999999999999995,0.009999999999999787,0.7460111902311353
2022-06-02,24.72,2.92,129.9,132.01,128.67,132.0,118.76,8374800.0,0.01608806096528359,0.31789938234562964,0.3012325958947461,0.30215918763657645,2.0156556376216273e-07,-0.6875735211323821,0.16999999999999993,-0.1299999999999999,0.17271621056971032
2022-06-03,24.79,2.96,131.21,131.77,129.99,130.16,117.1,8596000.0,-0.013939393939393918,0.3234149416753912,0.2989727028915813,0.30111084163378327,-1.7168282607948892e-06,-0.7116945521487416,0.21999999999999975,-0.16000000000000014,0.7945051995071623
2022-06-06,25.07,3.04,131.09,132.39,129.46,129.73,116.71,11323500.0,-0.003303626306084828,0.31749372382954405,0.29838840151802004,0.30014486901498305,-6.745138748653901e-08,-0.779492594307229,0.21750000000000025,-0.009999999999999787,0.6455084629837375
2022-06-07,24.02,2.98,128.83,130.32,128.62,130.07,117.02,6722200.0,0.002620827873275333,0.3002568539141039,0.29617324952196883,0.29937635493516335,7.932408296440486e-07,-0.7800531951555337,0.1299999999999999,-0.010000000000000231,0.1731028634862281
2022-06-08,23.96,3.03,129.0,129.45,126.9,128.0,115.16,8422100.0,-0.015914507572845293,0.3067806956429464,0.2827359841573741,0.30001767104133764,-4.3180897317807166e-07,-0.7449285185373503,0.08999999999999986,0.11999999999999966,0.7401458628412945
2022-06-09,26.09,3.04,127.37,128.1,125.27,125.31,112.74,13560100.0,-0.021015624999999982,0.31927188421773417,0.2841354419165078,0.3012494008364582,-3.467796663436662e-07,-0.6991889660653258,0.1200000000000001,0.20000000000000018,0.44987354814188196
2022-06-10,27.75,3.15,122.59,123.4,119.32,119.55,107.55,12945200.0,-0.04596600430931297,0.36268767401432267,0.29823431521082405,0.3079575733561374,-1.7854764567892812e-06,-0.6753520454879773,0.18999999999999995,0.21999999999999975,0.4940673206665028
2022-06-13,34.02,3.43,116.86,117.95,115.06,115.99,104.35,16805600.0,-0.029778335424508584,0.37759690970875937,0.3034418570842389,0.31040670283009153,1.0332538107671318e-06,-0.7662141016583942,0.3900000000000001,0.5500000000000003,0.2952684656320253
2022-06-14,32.69,3.49,115.55,117.32,113.22,114.06,102.62,13357900.0,-0.016639365462539857,0.35931573890110236,0.30047138351864183,0.31098725125111676,2.538455782996607e-06,-0.8389005498978862,0.5100000000000002,0.5100000000000002,0.4955385286914147
2022-06-15,29.62,3.33,115.62,116.95,113.17,115.41,103.83,14083500.0,0.01183587585481316,0.3591371140255525,0.30012756537401686,0.31167295166954384,1.9425953894924853e-07,-0.8249987417531645,0.30000000000000027,0.43999999999999995,0.5437991245473921
2022-06-16,32.95,3.28,113.86,114.26,111.87,113.43,102.05,16724900.0,-0.017156225630361233,0.3603578698724345,0.3008384383414089,0.31238592884136523,1.9232000158520002e-07,-0.8532733246933883,0.23999999999999977,0.43999999999999995,0.3201804842921794
2022-06-17,31.13,3.25,113.54,114.63,112.16,113.03,101.69,24494500.0,-0.0035264039495724875,0.3596489312592272,0.2997709453194802,0.3123780642707542,-1.1412832954360575e-06,-0.8615663977823782,0.10000000000000009,0.4700000000000002,0.10612886238151693
2022-06-20,31.03,3.295,115.2875,116.43,114.32,115.13,103.58,16490350.0,0.018579138281872076,0.28291583429112127,0.30307849265988834,0.31198496759258754,-1.881400064629446e-08,-0.8701750343554939,-0.13500000000000023,0.43500000000000005,0.6561778720228219
2022-06-21,30.19,3.31,115.87,117.03,115.04,115.83,104.21,11680500.0,0.0060800833840006785,0.2775486031355284,0.30347660577806473,0.306588429405511,1.599894276593794e-06,-0.886681876389881,-0.18000000000000016,0.5500000000000003,0.3996911392093912
2022-06-22,28.95,3.16,114.88,116.2,114.39,115.18,103.62,9842700.0,-0.0056116722783389195,0.2744149612263119,0.3035061948918904,0.30504326972798146,-1.730953778866784e-07,-0.8834712332574506,-0.16999999999999993,0.41000000000000014,0.6912299142251243
2022-06-23,29.05,3.09,115.01,115.18,111.48,113.92,102.49,11851500.0,-0.01093939920125031,0.26227019276611724,0.2987655910341745,0.3046421402764368,1.2127283398277734e-06,-0.8801337532646152,-0.18999999999999995,0.33999999999999986,0.5686530960755101
2022-06-24,27.23,3.13,113.23,117.82,112.83,117.32,105.55,14841100.0,0.029845505617977386,0.28351888220237037,0.3059863687170897,0.3077746774011195,2.0448921332905102e-07,-0.8590269580416657,-0.1200000000000001,0.3899999999999997,0.599995633079624
2022-06-27,26.95,3.2,118.06,118.5,115.64,116.38,104.7,11280500.0,-0.008012274122059293,0.28064858755592526,0.30589816889340543,0.30781978189674014,-6.871707490141432e-07,-0.8450440466480154,-0.09499999999999975,0.3775000000000004,0.6010489585630504
2022-06-28,28.36,3.2,117.67,119.29,115.6,115.82,104.2,11590900.0,-0.004811823337343202,0.27914273591442096,0.3040069807662997,0.3077812747874501,1.5204567192506069e-06,-0.8495974375594849,-0.10999999999999988,0.3500000000000001,0.5682802121179619
2022-06-29,28.16,3.1,116.0,116.82,114.73,115.3,103.73,9338400.0,-0.00448972543602133,0.27609377968229903,0.3030700791491548,0.3075353477991763,-2.595536789740116e-06,-0.8362588606192135,-0.06000000000000005,0.16000000000000014,0.6924108431535213
2022-06-30,28.71,2.98,113.17,114.08,110.93,112.61,101.31,15172600.0,-0.023330442324371203,0.27003010056224075,0.30620143879870676,0.3089356195457231,-2.4057213477757244e-06,-0.8081125088517616,-0.10999999999999988,0.06000000000000005,0.36325888392094996
2022-07-01,26.7,2.88,112.65,114.42,111.16,114.05,102.61,10573600.0,0.012787496669922627,0.2784698958405251,0.3048167612505608,0.29779396399116204,1.7324590103451332e-06,-0.7436999527195511,-0.25,-0.08000000000000007,0.344516537415583
2022-07-04,27.53,2.835,111.24,113.1375,109.765,112.9775,102.3175,12029050.0,-0.009403770276194545,0.2784012816001261,0.3051419685106286,0.29496157641681675,0.0003338489552969892,-0.6826496298738266,-0.3650000000000002,-0.20500000000000007,0.5685820438453955
2022-07-05,27.54,2.82,110.77,112.71,109.3,112.62,102.22,12514200.0,-0.0031643468832289745,0.27657206803778844,0.3046383347907728,0.2947043590827949,0.0004430096852461762,-0.553936712205842,-0.38000000000000034,-0.16000000000000014,0.5607366164954907
2022-07-06,26.73,2.93,111.73,112.99,110.79,111.89,101.55,10656200.0,-0.0064819747824542695,0.2745734272144811,0.29837547230571004,0.2941401879628214,0.00043835481598658577,-0.27028874087757265,-0.16999999999999993,-0.09999999999999964,0.6964522441530964
2022-07-07,26.08,3.01,113.5,114.9,113.4,114.72,104.12,10347400.0,0.025292698185718,0.2909529095536145,0.3031359997205917,0.2966741534107955,0.000439017192130986,-0.041917039387960264,0.029999999999999805,-0.03000000000000025,0.2981869587544389
2022-07-08,24.64,3.09,115.16,115.65,113.61,114.36,103.8,8807800.0,-0.003138075313807498,0.2456960236748743,0.30289329226605555,0.2958096543337671,0.0004458848496709855,0.05833648533828769,0.20999999999999996,-0.06000000000000005,0.7665957323038404
2022-07-11,26.17,2.99,113.55,114.23,112.22,112.86,102.43,7939500.0,-0.013116474291710367,0.22722830265679186,0.3020857117326565,0.2962595469468498,0.0004404565764548618,-0.006020042890371625,0.15500000000000025,-0.43999999999999995,0.7828624809310087
2022-07-12,27.29,2.96,112.58,115.18,112.26,112.97,102.53,11250900.0,0.0009746588693957392,0.21991093520677907,0.2984414398097384,0.29569927075946945,0.0004374589457421862,0.03926735399717692,0.14000000000000012,-0.5300000000000002,0.41160425627600755
2022-07-13,26.82,2.91,111.75,112.48,110.38,111.91,101.57,12979900.0,-0.009383022041249856,0.21714690651697355,0.2985378843745567,0.2954121714135773,0.0004406777108592774,0.06110677571558111,-0.020000000000000018,-0.41999999999999993,0.4689156605533821
2022-07-14,26.4,2.96,107.99,108.23,106.06,108.0,98.02,24494500.0,-0.03493879009918677,0.24196223448117318,0.30568578346948805,0.2983811375600429,0.0004393792824772758,0.23665403401183957,-0.04999999999999982,-0.31999999999999984,0.07009462571070245
2022-07-15,24.23,2.93,109.16,113.88,107.67,112.95,102.52,18863900.0,0.04583333333333339,0.29612499896550876,0.3168465229890889,0.3060144326948254,0.0004430608787473034,0.32842400357676954,-0.1599999999999997,-0.31999999999999984,0.8349355836146856
2022-07-18,25.3,2.96,114.77,115.84,111.29,111.79,101.46,13977900.0,-0.010270030987162393,0.28992609748054626,0.3173127984440449,0.3053969755526271,0.0004392222788600575,0.34004837170532154,-0.03000000000000025,-0.33499999999999996,0.40294787941334675
2022-07-19,24.5,3.01,113.13,114.94,112.67,114.56,103.98,11862300.0,0.02477860273727517,0.30352920137769984,0.31661262412412355,0.306616095407432,0.0004419818678182919,0.19810954166063857,0.04999999999999982,-0.30000000000000027,0.4569076007808028
2022-07-20,23.88,3.04,114.1,114.74,113.48,114.54,103.96,11667500.0,-0.00017458100558653822,0.30289893692967806,0.3156235806825952,0.3065079112899372,0.000443606253385348,0.08356881139683385,0.1299999999999999,-0.1200000000000001,0.5627030605821775
2022-07-21,23.11,2.91,114.44,115.53,113.37,115.32,104.67,11595900.0,0.006809848088004111,0.3010268107157258,0.31413798168476303,0.30663961818403457,0.0004428573539887293,-0.028454523879481098,-0.04999999999999982,-0.17999999999999972,0.4334517651560681
2022-07-22,23.03,2.77,115.24,116.25,113.67,114.76,104.16,7645500.0,-0.004856052722858051,0.2811323931147247,0.30740843139717194,0.30394406987541966,0.0004414959201566704,-0.1510853742412685,-0.16000000000000014,-0.3599999999999999,0.768154504772911
2022-07-25,23.36,2.81,115.84,116.46,114.77,115.22,104.58,9394000.0,0.004008365284071003,0.28036704488993414,0.3069036673938128,0.3039712424741505,0.0004447413243491738,-0.26661935519524405,-0.1499999999999999,-0.3900000000000001,0.33014355687244185
2022-07-26,24.69,2.81,114.58,115.58,113.03,113.42,102.94,10675100.0,-0.015622287797257384,0.2852308033319321,0.30495683513807875,0.3030286838048868,0.00043989729790323005,-0.40023463447522917,-0.19999999999999973,-0.3900000000000001,0.589982894304823
2022-07-27,23.24,2.78,114.01,115.74,113.3,115.24,104.59,9337400.0,0.016046552636219236,0.2910530288588671,0.29871828412116896,0.30406683331955514,0.0004400677078288229,-0.572763181418877,-0.26000000000000023,-0.3200000000000003,0.3300225076485909
2022-07-28,22.33,2.68,115.25,115.98,113.53,114.81,104.2,10384800.0,-0.003731343283582045,0.27812514952495115,0.2947055174748789,0.3040622424593453,0.00044016008176345765,-0.6069037977533346,-0.22999999999999998,-0.2999999999999998,0.5943969759933124
2022-07-29,21.33,2.67,115.59,116.5,114.79,115.36,104.7,12944500.0,0.0047905234735650115,0.27510502986889807,0.2949503247250166,0.3038364358750922,0.000438363002229164,-0.6640863470639391,-0.10000000000000009,-0.20999999999999996,0.563393002044682
2022-08-01,22.84,2.6,114.5,115.11,113.07,114.21,103.66,14740400.0,-0.00996879334257983,0.27538777270353226,0.29410216892321794,0.30387145232635054,0.00010939448073958302,-0.6789004116794128,-0.20999999999999996,-0.23499999999999988,0.33631939578999054
2022-08-02,23.93,2.75,113.92,114.4,112.27,112.43,102.04,14942900.0,-0.015585325277996609,0.28115915680467224,0.2916495348471094,0.3034775548965488,-3.696314743489859e-06,-0.6653900093059094,-0.06000000000000005,-0.06999999999999984,0.33369688628069766
2022-08-03,21.95,2.73,113.45,114.1,111.71,113.61,103.11,14394500.0,0.010495419372053671,0.28237298514467796,0.2923180105646439,0.30399790170176494,-5.08808650057091e-07,-0.6073713363187573,-0.04999999999999982,-0.20000000000000018,0.6231819758906106
2022-08-04,21.44,2.68,112.85,113.32,111.02,112.36,101.98,18033900.0,-0.011002552592201398,0.26992605108269363,0.2931114319517893,0.30276662249101216,9.51402811044666e-07,-0.5671968422094914,0.0,-0.3299999999999996,0.21798249015672794
2022-08-05,21.15,2.83,112.53,116.19,112.05,115.76,105.07,14174600.0,0.03025987896048421,0.2914341383856285,0.2992898081924295,0.30626472629608437,-3.437152746865735e-07,-0.6209790561199131,0.16000000000000014,-0.2599999999999998,0.5689207590054093
2022-08-08,21.29,2.77,116.25,116.7,114.18,114.35,103.79,10332500.0,-0.012180373185901927,0.2908610380630779,0.2999755847860236,0.30661109605369463,3.709687343456114e-06,-0.6187834493173509,0.16999999999999993,-0.2200000000000002,0.6762680266800786
2022-08-09,21.77,2.8,114.75,115.99,114.37,115.38,104.72,10233800.0,0.009007433318758196,0.2923137946868698,0.29243439448623276,0.3070301172428122,1.2982530373406575e-06,-0.6707481078719191,0.04999999999999982,-0.16000000000000014,0.322425191628359
2022-08-10,19.74,2.78,117.96,119.37,117.5,118.39,107.45,12847300.0,0.02608771017507361,0.3022048638531073,0.2955215113055453,0.30848003409690783,-5.930635140538598e-07,-0.7327408477617524,0.04999999999999982,-0.13000000000000034,0.4820923362581936
2022-08-11,20.2,2.87,119.9,121.2,119.31,120.14,109.04,11684900.0,0.014781653855900023,0.26917105517203593,0.2954365383570671,0.3070141072087872,8.379917452283614e-07,-0.683744345038953,0.18999999999999995,-0.08999999999999986,0.4301532438588596
2022-08-12,19.53,2.84,120.67,122.25,119.44,122.13,110.85,9906700.0,0.016564008656567264,0.2278446764522216,0.2967051697366038,0.305960201208049,-1.0380743648896739e-06,-0.7312349949519035,0.009999999999999787,-0.0900000000000003,0.29705439643652615
2022-08-15,19.95,2.79,121.14,122.72,120.6,122.46,111.15,8456200.0,0.0027020388111029803,0.22162810136487285,0.26812102390703735,0.3002937588230951,2.6841634509000566e-06,-0.7282163428581679,0.020000000000000018,-0.16999999999999993,0.21509219805916113
2022-08-16,19.69,2.82,122.29,124.24,121.87,123.63,112.21,9555000.0,0.009554140127388644,0.20955867425750505,0.2672438720898073,0.29584603622856515,-1.0489907489863448e-06,-0.7727866288108686,0.020000000000000018,-0.18999999999999995,0.309090374027281
2022-08-17,19.9,2.89,122.3,123.16,121.69,122.59,111.27,8149300.0,-0.008412197686645584,0.21368213371272404,0.2673350807303867,0.2943951793695788,1.6065996116532144e-06,-0.7959806912684555,0.11000000000000032,-0.1499999999999999,0.7726053512491582
2022-08-18,19.56,2.88,122.24,122.47,120.55,121.64,110.4,9531800.0,-0.007749408597764962,0.2169049849882549,0.26514180274627397,0.2944253193539869,-2.8694535159634604e-06,-0.8165331468451609,0.009999999999999787,-0.03000000000000025,0.6609974398949423
2022-08-19,20.6,2.98,120.62,120.99,118.11,118.63,107.67,13464500.0,-0.02474514962183494,0.23674852385358977,0.2676860526540722,0.29380269843031404,-1.1794092977357451e-06,-0.8160800216169877,0.14000000000000012,0.20999999999999996,0.3354848929261802
2022-08-22,23.8,3.03,116.75,117.16,115.5,116.67,105.89,8967600.0,-0.01652195903228515,0.24523249313292667,0.269013182854889,0.28950490026734005,-2.87955368501458e-06,-0.7824562989940602,0.23999999999999977,0.21999999999999975,0.7316545034962634
2022-08-23,24.11,3.05,116.69,117.29,115.38,115.52,104.85,7607000.0,-0.009856861232536263,0.2409474134543158,0.26938531548293876,0.2896644202776176,1.9270075674260313e-06,-0.7567466702648575,0.22999999999999998,0.23999999999999977,0.7993542500777681
2022-08-24,22.82,3.11,115.29,116.41,114.45,115.8,105.1,9771300.0,0.002423822714681556,0.23444911445974825,0.26760020604940316,0.28351537979356,8.344201183563271e-07,-0.7556877091631061,0.21999999999999975,0.33000000000000007,0.34933346570360596
2022-08-25,21.78,3.03,116.16,118.74,115.68,118.55,107.6,10758900.0,0.023747841105353995,0.24800992227449795,0.2702315888007741,0.2853248176276439,2.615246722914577e-06,-0.7420826781567724,0.1499999999999999,0.34999999999999964,0.4316138305231268
2022-08-26,25.56,3.04,119.46,119.99,114.6,114.67,104.08,11276200.0,-0.03272880641079712,0.2760246369340703,0.2765517390884705,0.2873517589689133,2.99814178809088e-06,-0.7222911908201521,0.06000000000000005,0.3700000000000001,0.5149500769967092
2022-08-29,26.21,3.12,114.0,114.86,113.46,114.39,103.82,8117300.0,-0.0024417894828638875,0.273759528313125,0.27653949901425834,0.2869312882214046,-1.6236936132674185e-06,-0.7019732678806668,0.0900000000000003,0.52,0.7485655241660919
2022-08-30,26.21,3.11,115.0,115.58,113.36,114.41,103.84,10745400.0,0.00017484045808191517,0.2673319140870908,0.2764123755176814,0.28563822684287316,1.4344457169246373e-06,-0.6856198472888735,0.06000000000000005,0.3599999999999999,0.4850461833188473
2022-08-31,25.87,3.15,114.48,115.03,113.34,113.73,103.22,10738300.0,-0.005943536404160454,0.2659590746780727,0.27501828705425124,0.27778152197036576,5.288545447179605e-07,-0.7319051563976343,0.040000000000000036,0.41999999999999993,0.4978964556910622
2022-09-01,25.56,3.26,113.29,114.63,111.91,114.51,103.93,9979800.0,0.006858348720654162,0.2635389998946506,0.27263115723300096,0.27728444525681,-6.631231361520218e-07,-0.8164586082134222,0.22999999999999998,0.5799999999999996,0.4523931076741809
2022-09-02,25.47,3.2,115.87,117.45,113.19,113.71,103.21,10666600.0,-0.006986289407038826,0.2410430708655748,0.2566224745501819,0.2773913747398398,3.349647303585446e-07,-0.8539483357752973,0.16000000000000014,0.3700000000000001,0.4133911385767486
2022-09-05,25.99,3.2975000000000003,114.715,115.425,112.35,113.7325,103.225,9980575.0,0.00019787177908714426,0.23725535108738025,0.24936858629161254,0.27739308000369023,-2.191073476087713e-06,-0.9118448733248585,0.1775000000000002,0.5275000000000003,0.4765495217036309
2022-09-06,26.91,3.33,114.33,114.75,112.07,113.74,103.23,9751900.0,6.594421119721083e-05,0.23478090993186748,0.24700564324481364,0.2753928897073037,-7.356999414787069e-07,-0.9391031600673355,0.2200000000000002,0.5300000000000002,0.4428918512468134
2022-09-07,24.64,3.27,113.13,116.11,112.76,115.9,105.19,10647900.0,0.018990680499384682,0.225234078234855,0.24888914370912898,0.2757252724480711,-4.316169555651506e-08,-0.9593074200563738,0.1200000000000001,0.4900000000000002,0.6181161353198619
2022-09-08,23.61,3.29,115.28,118.79,114.63,118.6,107.64,11435000.0,0.023295944779982536,0.2349478861606709,0.2506474588400725,0.2778115379582079,-1.0603378972184885e-06,-0.9539622873722249,0.03000000000000025,0.41999999999999993,0.7459075021330791
2022-09-09,22.79,3.33,119.14,120.05,118.67,119.17,108.16,9299700.0,0.004806070826306907,0.22717313446692136,0.2506056034551456,0.2775695264336895,-1.565303743678026e-06,-0.9461204956427339,0.1299999999999999,0.4900000000000002,0.38386461252775
2022-09-12,23.87,3.37,120.62,121.55,119.79,120.58,109.44,8614600.0,0.011831836871695867,0.23148551641763906,0.2489606074863761,0.27807380463423087,-1.6580970590873711e-06,-0.9030712465782743,0.07249999999999979,0.5800000000000001,0.27138403827521046
2022-09-13,27.27,3.42,118.07,118.92,115.78,116.39,105.64,12904600.0,-0.034748714546359194,0.2574849726683296,0.2591777794699819,0.2822565240181555,5.798325056816101e-07,-0.8435035730785944,0.08999999999999986,0.6000000000000001,0.13549430074146673
2022-09-14,26.16,3.41,116.7,117.84,114.88,116.12,105.39,9345700.0,-0.002319786923275169,0.2566579058204057,0.25894960075854134,0.2822235699307664,-3.5298983714127096e-06,-0.7914806744811342,0.14000000000000012,0.52,0.6407437264945924
2022-09-15,26.27,3.45,116.12,119.38,115.76,117.87,106.98,10821400.0,0.015070616603513498,0.2632623352253173,0.25962780556841647,0.28010641242161455,7.658908635688189e-07,-0.6453490924807097,0.16000000000000014,0.5700000000000003,0.5987581008701656
2022-09-16,26.3,3.45,117.39,117.4,115.37,117.08,106.26,14844100.0,-0.006702299143123813,0.24951057537128563,0.25281845468126923,0.2800743445453868,-1.505936180656864e-06,-0.5757468983412958,0.1200000000000001,0.4700000000000002,0.05791063244516236
2022-09-19,25.76,3.49,116.0,118.73,115.51,118.16,107.24,8201300.0,0.009224461906388814,0.24432011818754315,0.2529267972643917,0.28035890418084985,-1.084864027994792e-06,-0.5353920151657229,0.1200000000000001,0.4600000000000004,0.22360092206829088
2022-09-20,27.16,3.57,117.41,117.69,114.64,115.83,105.13,9619000.0,-0.019719025050778605,0.2523730016608417,0.2560588693560188,0.28047076676810967,-6.49551491199718e-07,-0.5427255283988754,0.1499999999999999,0.52,0.619461520838981
2022-09-21,27.99,3.51,116.54,116.6,112.42,112.49,102.1,12606300.0,-0.028835362168695533,0.27240705531092274,0.26270917655797354,0.28275170613790074,2.0346739741106123e-06,-0.6563714629008104,0.09999999999999964,0.3999999999999999,0.2164157867626093
2022-09-22,27.35,3.7,113.38,113.6,111.07,111.21,100.94,11684500.0,-0.011378789225709007,0.2576934346650614,0.2593498721544432,0.2831281342238648,1.007457526974731e-06,-0.6700544942690794,0.25,0.6700000000000004,0.33586927436230596
2022-09-23,29.92,3.69,110.05,110.34,107.16,109.14,99.06,18138600.0,-0.018613434043701083,0.24043536437794294,0.2606775183719582,0.282792854950078,-3.5607595509912217e-07,-0.7730210011122663,0.23999999999999977,0.6499999999999999,0.044617186857714985
2022-09-26,32.26,3.88,108.0,109.61,106.06,106.79,96.93,15753600.0,-0.021531977276892045,0.2498863041244271,0.2635954935864891,0.28426124060974095,3.990978299955872e-06,-0.8532426451114411,0.3899999999999997,0.7599999999999998,0.1434651054231965
2022-09-27,32.6,3.97,107.75,108.17,104.65,105.85,96.07,12793600.0,-0.008802322314823585,0.2502558651120815,0.2640640447275953,0.2841278484566082,-4.3299780013716924e-07,-0.8953184033598698,0.40000000000000036,0.8600000000000003,0.36422350316743163
2022-09-28,30.18,3.72,105.95,108.73,105.64,107.99,98.01,12762600.0,0.020217288615965945,0.2640784169516545,0.2673012711055703,0.2823333043694303,-2.2600731573452214e-07,-0.9109338609257992,0.2100000000000004,0.5700000000000003,0.6229189753761916
2022-09-29,31.84,3.76,106.95,107.28,104.4,106.16,96.35,12713900.0,-0.01694601351977032,0.2664526150597788,0.2639206260160687,0.2830154845562311,-7.712578043050921e-07,-0.9285251361804606,0.05999999999999961,0.5,0.3939457564822876
2022-09-30,31.62,3.83,106.06,107.62,104.4,104.5,94.85,15973400.0,-0.015636774679728682,0.2696419248652268,0.26555950063566985,0.2836424308057759,-2.3820485514636225e-07,-0.9431948250903672,0.14000000000000012,0.6299999999999999,0.17961310353046714
2022-10-03,30.1,3.67,105.62,108.36,104.46,107.73,97.78,12248100.0,0.030909090909090997,0.2967711531607221,0.27247506629739426,0.2866518124516275,1.5048979161602638e-06,-0.9490947217056788,-0.20999999999999996,0.3724999999999996,0.5226554386658379
2022-10-04,29.07,3.62,110.61,112.99,109.86,112.77,102.35,16013600.0,0.04678362573099415,0.3446794928447718,0.289282374929065,0.2933057054543463,1.8048615884058706e-07,-0.9461229914557405,-0.3500000000000001,0.29000000000000004,0.7940891577412891
2022-10-05,28.55,3.76,109.75,110.95,108.83,110.39,101.09,10943500.0,-0.02110490378646801,0.3444471792590906,0.2919148073442202,0.2946547170028437,0.0004495647753598064,-0.9498156439045924,0.03999999999999959,0.48999999999999977,0.6249438332039758
2022-10-06,30.52,3.83,109.46,110.19,107.94,108.14,99.03,11521400.0,-0.020382281003714087,0.3363483230184532,0.2859500114046803,0.2958073042684748,0.0004500218030259462,-0.9510946162570164,0.07000000000000028,0.54,0.5745423296225975
2022-10-07,31.36,3.89,107.52,107.71,105.27,105.98,97.05,11681100.0,-0.019974107638246696,0.33885085979770546,0.27256574804940803,0.2943641311947177,0.000447773501688048,-0.9605476384384233,0.06000000000000005,0.56,0.5732609060370848
2022-10-10,32.45,3.92,106.73,107.31,104.52,104.99,96.14,8931700.0,-0.009341385167012772,0.33265522815034615,0.27243624719978843,0.2945891211498844,0.0004458729715217602,-0.9557976875426644,0.25,0.5499999999999998,0.7951375837071364
2022-10-11,33.63,3.93,104.37,104.54,101.85,101.96,93.37,12739700.0,-0.02885989141823031,0.32667059807863713,0.2730181019944958,0.2944448300672399,0.000446958732453212,-0.9633408335906092,0.31000000000000005,0.5100000000000002,0.4739053622405137
2022-10-12,33.57,3.91,101.8,104.73,101.28,103.61,94.88,13181000.0,0.01618281679089839,0.33619703165456544,0.275479716236124,0.2950447078534886,0.0004487797144722749,-0.9618916039015568,0.15000000000000036,0.5,0.5518597468522476
2022-10-13,31.94,3.97,101.98,109.9,101.76,109.37,100.15,22398700.0,0.05559308947012842,0.394715182555447,0.29892555361316336,0.30534006331650143,0.00044564899769805046,-0.9408539372640629,0.14000000000000012,0.52,0.9422970485698651
2022-10-14,32.02,4.0,111.96,115.24,110.72,111.19,101.82,24494500.0,0.016640760720489922,0.40081095524806204,0.30089180253640463,0.30288838648995847,0.0004487382892582992,-0.8859921270730186,0.10999999999999988,0.5499999999999998,0.9314751277995211
2022-10-17,31.37,4.02,115.41,117.01,114.32,115.86,106.1,22276300.0,0.042000179872290655,0.4291690343163849,0.3130700553719937,0.3087693941674307,0.00045049657938189824,-0.7223463845054264,0.09999999999999964,0.5299999999999994,0.8596280045353394
2022-10-18,30.5,4.01,119.66,120.14,116.96,118.84,108.83,21539700.0,0.025720697393405878,0.4326722009481589,0.3155546573182397,0.3094674025634861,0.0004487513155044254,-0.5717420368676963,0.07999999999999963,0.43999999999999995,0.8120385578061009
2022-10-19,30.76,4.14,117.99,118.83,115.67,116.51,106.69,17072000.0,-0.01960619320094248,0.4252288487202183,0.31673666081097457,0.3069119289095946,0.0004451029031647402,-0.516758179380991,0.22999999999999954,0.6299999999999999,0.3984549876369
2022-10-20,29.98,4.24,117.16,118.71,115.65,116.13,106.35,12207400.0,-0.003261522616084589,0.42278709117111835,0.3167120947345504,0.3048496642556293,0.0004479721710022422,-0.5706342673115206,0.27,0.54,0.6665863299697367
2022-10-21,29.69,4.21,116.46,122.39,116.33,122.23,111.93,20593300.0,0.05252734004994419,0.4501951587306096,0.3341767469199022,0.3143267822401402,0.0004457513164717042,-0.6160141724490341,0.20999999999999996,0.52,0.7589038389534757
2022-10-24,29.85,4.25,122.07,123.1,121.33,122.38,112.07,12624200.0,0.00122719463306864,0.4388014021134265,0.33336804102227635,0.3135520643273819,0.0004454035069925089,-0.6240500359385502,0.23000000000000043,0.3700000000000001,0.36110653620051264
2022-10-25,28.46,4.1,121.85,123.27,120.89,122.7,112.36,11289100.0,0.0026148063409054956,0.4351372584223406,0.3314963836077546,0.3115006396444442,0.00044758424890039005,-0.6682172741072391,0.08999999999999986,0.12999999999999945,0.302392552661999
2022-10-26,27.28,4.04,123.0,125.2,122.88,124.11,113.65,11667000.0,0.011491442542787222,0.4329221447284946,0.33161590107904637,0.31175044026530135,0.00044822631023493374,-0.7464894284754572,-0.09999999999999964,0.31999999999999984,0.32371732573683576
2022-10-27,27.39,3.96,125.2,126.2,124.21,124.6,114.1,10727600.0,0.003948110547095318,0.4236367164044399,0.33058624416117505,0.31178073779117116,0.0004483387392643534,-0.7761669864412224,-0.28000000000000025,0.20000000000000018,0.28855560879705877
2022-10-28,25.75,4.02,125.29,126.28,124.05,126.08,115.46,11859500.0,0.011878009630818642,0.4141047084710523,0.3259737601651512,0.31197787067437316,0.00044690130329344546,-0.8049992292705667,-0.1900000000000004,0.1899999999999995,0.35103826710323094
2022-10-31,25.88,4.1,125.7,127.43,125.59,125.88,115.27,13295200.0,-0.0015862944162436943,0.4081033464859318,0.32477757842169946,0.3117963704428132,0.0004448149649419975,-0.8423477461020185,-0.15000000000000036,0.4299999999999997,0.5810455846491259
2022-11-01,25.81,4.07,126.87,128.28,126.33,128.15,117.35,13386900.0,0.01803304734667943,0.3840315634470989,0.3261561239504932,0.30922531543970394,0.0004475815923461024,-0.8732887767503624,-0.02999999999999936,0.4500000000000002,0.43043261854023457
2022-11-02,25.86,4.1,127.65,130.36,126.64,126.97,116.27,16546100.0,-0.009207959422551704,0.3748239181471431,0.3230084076969901,0.308479416488571,-1.3705314015677316e-06,-0.9163658734342653,0.05999999999999961,0.33999999999999986,0.4184982487462839
2022-11-03,25.3,4.14,126.31,128.18,125.91,127.2,116.48,12474400.0,0.0018114515239819884,0.3611271961573802,0.3217994067162769,0.30765333965180114,-1.8601562088327305e-06,-0.929269672328747,0.17999999999999972,0.3099999999999996,0.36535199935754803
2022-11-04,24.55,4.17,129.49,130.83,128.46,130.68,119.67,14953200.0,0.027358490566037785,0.35075171888687207,0.3247543073628687,0.3097614834002353,5.234693255362633e-07,-0.9439487994342282,0.15000000000000036,0.2799999999999998,0.4858767642151179
2022-11-07,24.35,4.22,131.0,132.29,130.48,131.37,120.3,12011200.0,0.005280073461891632,0.34340178862202975,0.32484371625207425,0.296830299696671,1.5256066396351907e-06,-0.9499610388821906,0.1200000000000001,0.2999999999999998,0.3189011714424277
2022-11-08,25.54,4.14,131.24,132.06,130.14,131.45,120.37,9884100.0,0.0006089670396589586,0.3119708974873526,0.3243987268922552,0.29617289963530197,-2.28605207748811e-06,-0.9499088096654517,0.0699999999999994,0.20999999999999952,0.23645870718857137
2022-11-09,26.09,4.12,131.32,131.43,129.22,129.74,118.81,9494000.0,-0.013008748573602014,0.32491450968250957,0.32511802062811473,0.2966637220857579,7.029796730728676e-07,-0.9459175753435551,0.020000000000000462,0.20999999999999996,0.7642885989102973
2022-11-10,23.53,3.82,132.63,135.25,132.53,135.08,123.7,16351600.0,0.04115924156004325,0.3021811632077587,0.33470944549075304,0.30152929074141166,2.983196133099497e-06,-0.9527786173216358,-0.31999999999999984,-0.15000000000000036,0.5906807527629023
2022-11-11,22.52,3.835,135.19,136.17,133.78,135.3,123.9,10704700.0,0.0016286644951140072,0.3030177594493062,0.33005188545437053,0.3008782944729474,7.083504437566113e-07,-0.9550559517146255,-0.33499999999999996,-0.16500000000000004,0.2949345081100846
2022-11-14,23.73,3.88,134.8,135.73,133.91,133.91,122.63,11085600.0,-0.01027346637102744,0.28621695987189993,0.328767404864967,0.30118398850253086,2.14567182943437e-07,-0.9508550942595454,-0.33999999999999986,-0.13999999999999968,0.6715714758800709
2022-11-15,24.54,3.8,134.68,135.71,131.6,132.94,121.74,14038300.0,-0.007243671122395656,0.282146949310488,0.3283910160963667,0.30137332865504607,-9.622289605493162e-07,-0.9461878947093433,-0.33999999999999986,-0.20999999999999996,0.417630047945041
2022-11-16,24.11,3.67,133.0,133.56,132.03,133.12,121.9,7893400.0,0.001353994283135318,0.26652197002514444,0.32840011796483276,0.3002562205076242,-1.2820432804261372e-08,-0.9357130258888459,-0.4500000000000002,-0.46999999999999975,0.1584164083804756
2022-11-17,23.93,3.77,132.0,132.89,131.28,132.54,121.37,8820200.0,-0.004356971153846256,0.26709912628505533,0.32568559776892936,0.29945182107412394,-3.3017774674237723e-06,-0.9295616081195149,-0.04999999999999982,-0.4700000000000002,0.7740314459934863
2022-11-18,23.12,3.82,134.57,134.67,132.28,133.84,122.56,9468500.0,0.009808359740455908,0.20609657484171254,0.31784808749477966,0.2990529153597762,-6.75199297500706e-07,-0.9286769827888607,-0.015000000000000124,-0.3900000000000001,0.26036958537457283
2022-11-21,22.36,3.83,133.74,134.56,132.75,133.05,121.84,7800500.0,-0.005902570233114135,0.209186876993851,0.3181696491122492,0.2991449087135784,-4.4999688722513476e-07,-0.9184995960814512,-0.04999999999999982,-0.41999999999999993,0.8236016555508264
2022-11-22,21.29,3.76,134.0,135.27,133.69,135.04,123.66,9185700.0,0.014956783164223886,0.21245382999441628,0.31910601105209146,0.299873361732515,-4.052479738447801e-08,-0.8915112145055933,-0.040000000000000036,-0.33999999999999986,0.2833664241130359
2022-11-23,20.35,3.71,134.94,136.5,134.86,136.48,124.98,7316200.0,0.010663507109004655,0.21213254411389618,0.3189410886358495,0.2992675384274138,1.018317276879621e-06,-0.8777622842007373,0.040000000000000036,-0.33000000000000007,0.18686523030712135
2022-11-24,20.42,3.695,135.70999999999998,136.82,135.46,136.61,125.1,5268350.0,0.0009525205158267269,0.21256666614958947,0.31888457294247624,0.2975788163520737,8.31138416546029e-07,-0.8657869956439294,-0.07500000000000018,-0.2650000000000001,0.13059168837862903
2022-11-25,20.5,3.68,136.48,137.14,136.06,136.74,125.22,3220500.0,0.0009516140838883302,0.21120403685026157,0.31822201341961603,0.28959365281084504,-8.319894255426341e-07,-0.8786106826246165,-0.13999999999999968,-0.3399999999999994,0.10844708111343643
2022-11-28,22.21,3.69,136.07,136.71,134.19,134.35,123.03,9906900.0,-0.017478426210326248,0.2240698922528994,0.3210016109882373,0.2873395961495377,1.5883396825400187e-06,-0.883178715517731,-0.14000000000000012,-0.4099999999999997,0.5418390085541981
2022-11-29,21.89,3.75,134.66,136.64,134.41,136.56,125.05,7925300.0,0.016449572013397917,0.2227607815487775,0.32212056666085204,0.28694448948941154,-4.943027269277423e-07,-0.8746741961619771,-0.009999999999999787,-0.3200000000000003,0.3399304821611839
2022-11-30,20.58,3.68,136.09,138.18,133.19,138.18,126.54,14761200.0,0.011862917398945516,0.21963397541153484,0.32096225856378496,0.28694652250511676,1.852598972629238e-06,-0.8822767023283091,-0.029999999999999805,-0.4199999999999995,0.8026978069959385
2022-12-01,19.84,3.53,138.18,138.66,135.43,136.24,124.76,8858500.0,-0.014039658416558076,0.22904919980451005,0.3200638988286005,0.28654896162073484,7.464062507178681e-07,-0.9022898628872401,-0.16500000000000004,-0.6099999999999999,0.582607047793947
2022-12-02,19.06,3.51,134.49,135.35,133.34,135.16,123.77,8931900.0,-0.00792718731650044,0.2141360030804998,0.3207370786869415,0.28678942144468167,-1.0309603965641401e-06,-0.8559914299691431,-0.17000000000000037,-0.6600000000000001,0.5582965194419279
2022-12-05,20.75,3.6,134.24,134.57,130.6,131.37,120.3,10154500.0,-0.028040840485350604,0.2382085671106277,0.3260409011463636,0.28891180081171725,2.9157477543506617e-10,-0.7275631690820322,-0.08999999999999986,-0.6199999999999997,0.45011570572264187
2022-12-06,22.17,3.51,133.39,135.11,129.87,131.59,120.5,13966700.0,0.0016746593590621917,0.23826842653367075,0.3171029176181787,0.28882677925546785,7.47454575217299e-07,-0.65860386953175,-0.2400000000000002,-0.6299999999999999,0.7911507691723835
2022-12-07,22.68,3.42,131.31,133.08,130.33,131.5,120.42,11739400.0,-0.0006839425488259776,0.23319663603937818,0.31702012149208675,0.28866795583178895,-7.172872397986918e-07,-0.5380807158420486,-0.26000000000000023,-0.7000000000000002,0.35754751876206525
2022-12-08,22.29,3.48,132.33,132.98,131.43,132.88,121.68,8907300.0,0.010494296577946649,0.18270161819918718,0.31636887677953396,0.2884195241121533,-2.19481227549112e-06,-0.5719618592865038,-0.04999999999999982,-0.33999999999999986,0.4475770798679232
2022-12-09,22.83,3.57,132.2,133.76,132.0,132.16,121.02,7957800.0,-0.005418422636965681,0.18319269456575238,0.31622560744687617,0.2855796235465444,-1.886855058874648e-06,-0.5984692404130297,0.06000000000000005,-0.2650000000000001,0.622246441767473
2022-12-12,25.0,3.61,132.4,134.65,131.6,134.21,122.9,8841600.0,0.015511501210653922,0.18886270755286177,0.317082242837326,0.286015273095747,-1.9237592796317315e-06,-0.5539487066518488,0.009999999999999787,-0.27,0.4635361586531693
2022-12-13,22.55,3.51,136.89,137.09,133.08,134.08,122.78,10025400.0,-0.0009686312495342797,0.18689479290845878,0.3138278210642746,0.2858941869988796,-1.6110168198468778e-06,-0.5424206769167902,0.0,-0.29000000000000004,0.40543030330744256
2022-12-14,21.14,3.49,133.78,135.71,132.76,133.41,122.17,9966100.0,-0.004997016706444035,0.1878639508577592,0.3073546165433087,0.2859171880282824,1.8184646489116663e-06,-0.5170079469324576,0.07000000000000028,-0.17999999999999972,0.42067519619453453
2022-12-15,22.83,3.44,131.15,132.08,129.05,130.1,119.14,12087800.0,-0.02481073382804888,0.20742073610359343,0.3112518833977029,0.28619597579995426,1.8323354265381564e-06,-0.5128866712078591,-0.040000000000000036,-0.33000000000000007,0.2582067952775696
2022-12-16,22.62,3.48,129.15,129.9,128.43,129.29,118.4,21133700.0,-0.0062259800153727785,0.20428098602620612,0.3086353501532923,0.28591498817339855,2.756722940033818e-06,-0.5323447221500985,-0.08999999999999986,-0.33999999999999986,0.04680547238667846
2022-12-19,22.42,3.57,129.65,131.33,129.09,130.06,119.1,9017200.0,0.005955603681645938,0.20533983556093918,0.30441120495476315,0.28557426323597584,-8.056057578587073e-07,-0.5361852972310243,-0.040000000000000036,-0.26000000000000023,0.4367656134621248
2022-12-20,21.48,3.69,130.97,132.05,130.2,130.69,119.68,8549900.0,0.004843918191603791,0.19788263496713232,0.30334431800716716,0.2855429760992564,1.4289808619893928e-06,-0.5065209175085184,0.18000000000000016,-0.06999999999999984,0.40830660914635286
2022-12-21,20.07,3.68,132.18,132.98,131.77,132.16,121.02,8051700.0,0.0112479914301018,0.1983718260488082,0.3018109939120193,0.2856624947030529,-1.65614082390797e-06,-0.4251997383719032,0.18999999999999995,-0.029999999999999805,0.3732244382880275
2022-12-22,21.97,3.67,131.1,131.3,128.41,130.66,119.65,8648200.0,-0.011349878934624691,0.20111560227817687,0.30040262354706865,0.28414372171567753,-5.487348975596884e-07,-0.38698227842728583,0.22999999999999998,-0.02499999999999991,0.6034382800316005
2022-12-23,20.87,3.75,130.58,131.44,129.64,131.28,120.22,5091900.0,0.004745140058166175,0.20233798881321327,0.2977081219616838,0.28411600781565816,4.003832371202165e-09,-0.3098614586221535,0.27,0.06999999999999984,0.17853580400860716
2022-12-26,21.455,3.8175,131.3225,132.025,130.3225,131.625,120.535,5331225.0,0.002627970749542907,0.1943103190917016,0.2923759756233748,0.28333832631114664,1.6553859691348372e-07,-0.3196813132344174,0.24750000000000005,0.12749999999999995,0.2109958204924003
2022-12-27,21.65,3.84,131.57,132.22,130.55,131.74,120.64,5411000.0,0.0008736942070275422,0.18336674035644104,0.2781450978554621,0.28333871468656974,1.5524401108357733e-06,-0.35634771307175594,0.1499999999999999,0.08999999999999986,0.2280351228761089
2022-12-28,22.14,3.88,131.85,133.41,131.01,132.46,121.3,8827700.0,0.005465310459996875,0.1784154634527362,0.2737093214947735,0.28295457425163095,-7.586246947355324e-07,-0.29755754162920595,0.19999999999999973,0.19999999999999973,0.4464704141385049
2022-12-29,21.44,3.83,132.93,133.27,132.31,133.22,122.0,6585200.0,0.005737581156575411,0.17455953659760756,0.2693016948772227,0.27793817400358806,2.264890199760172e-06,-0.14723108724044304,0.16000000000000014,0.30000000000000027,0.3072646353475667
2022-12-30,21.67,3.88,132.81,134.33,132.44,134.1,122.8,9292500.0,0.006605614772556612,0.17460164840548684,0.26482644459126825,0.27052209191007953,2.7446379288198484e-07,0.12528487264663005,0.1299999999999999,0.3700000000000001,0.48679313300611876
2023-01-02,22.5925,3.8125,134.6325,136.13750000000002,133.52749999999995,134.865,123.505,10614225.0,0.005704697986577356,0.14154128013361855,0.2633642985482352,0.27003101572423477,1.8258335299559113e-06,0.14268949516822402,-0.004999999999999893,0.2124999999999999,0.577839008289484
2023-01-03,22.9,3.79,135.24,136.74,133.89,135.12,123.74,11054800.0,0.0018907796685574407,0.14154989992154104,0.2541999123035466,0.2679186269076856,3.0300014370487906e-06,0.20166851495129257,-0.04999999999999982,0.28000000000000025,0.6221126860468605
2023-01-04,22.01,3.69,135.99,137.68,135.57,136.38,124.89,11687600.0,0.009325044404973282,0.14406704323315572,0.25327839911895683,0.26814521615880427,4.7349199045476633e-07,0.18252663497808394,-0.18999999999999995,0.27,0.6649529612226821
2023-01-05,22.46,3.71,135.66,135.71,133.7,135.35,124.86,8381300.0,-0.00755242704208825,0.14396868854074332,0.2311968710880776,0.2683614568517486,0.00037039640160335674,0.19729248053831078,-0.1200000000000001,0.22999999999999998,0.5689533498063779
2023-01-06,21.13,3.55,136.13,138.38,134.49,137.94,127.25,10029100.0,0.019135574436645708,0.15546281072054927,0.2318506916825646,0.269412706787388,0.0003709676555614494,0.07263611508275543,-0.33000000000000007,-0.020000000000000018,0.5438661298328052
2023-01-09,21.97,3.53,138.6,138.88,136.88,137.37,126.72,8482300.0,-0.004132231404958664,0.14862140215529498,0.2181766629531215,0.26952172200454777,0.0003681825477565515,-0.008197664042573953,-0.2825000000000002,-0.08000000000000007,0.568005734888836
2023-01-10,20.58,3.61,137.79,138.72,137.31,138.6,127.86,9048700.0,0.00895392006988427,0.15085248141849492,0.2133497550256139,0.26854582406131094,0.0003706673776911362,-0.18657475737860424,-0.18000000000000016,0.10000000000000009,0.4767853331448468
2023-01-11,21.09,3.54,138.9,139.75,138.1,139.63,128.81,8703700.0,0.0074314574314573445,0.14998045483186703,0.2084393019971692,0.2678682049787858,0.0003691488523987485,-0.2581056161140144,-0.1499999999999999,0.04999999999999982,0.4561520513111963
2023-01-12,18.83,3.43,140.0,140.86,139.22,139.49,128.68,11001700.0,-0.0010026498603451506,0.11180187557929953,0.20819585986219669,0.2677793233896017,0.0003683459690457247,-0.38687160482982935,-0.2799999999999998,-0.009999999999999787,0.37238484450167136
2023-01-13,18.35,3.49,135.6,143.49,134.8,143.01,131.93,20200000.0,0.025234783855473397,0.1297784687610961,0.18697704906510365,0.26989916950425613,0.0003686579868058315,-0.5430501875410605,-0.05999999999999961,0.010000000000000231,0.9691924568732794
2023-01-16,19.49,3.52,139.77749999999995,142.0275,138.1225,141.35250000000002,130.39999999999998,15769675.0,-0.011590098594503662,0.1425382688607669,0.18923627708942056,0.2700607653414394,0.0003704650998296255,-0.5740576649676807,-0.009999999999999787,-0.04999999999999982,0.1448940487399066
2023-01-17,19.36,3.53,141.17,141.54,139.23,140.8,129.89,14292900.0,-0.003908668046196606,0.1453794776030446,0.1896873399817502,0.2689858553865429,0.0003690551874368897,-0.6262367871586839,-0.08000000000000007,-0.16000000000000014,0.227645297178653
2023-01-18,20.34,3.37,138.92,140.73,136.41,136.57,125.99,13392600.0,-0.030042613636363735,0.18555038761693887,0.19997212851821547,0.2726699744554627,0.00037248695717895795,-0.6984879223204903,-0.16999999999999993,-0.31000000000000005,0.2914588560578026
2023-01-19,20.52,3.39,135.32,135.9,133.59,134.75,124.31,13303400.0,-0.013326499231163469,0.18751750101573186,0.20225365719970895,0.2729195644776337,0.0003705983097188559,-0.6779665164895227,-0.040000000000000036,-0.2799999999999998,0.31196420588380885
2023-01-20,19.85,3.48,135.16,135.49,133.55,135.08,124.61,13092500.0,0.002448979591836764,0.1871849771473873,0.20108414125222573,0.26970489697408384,0.0003678864594159392,-0.692917036000492,-0.010000000000000231,-0.27,0.6586537245513283
2023-01-23,19.81,3.52,135.12,137.96,134.82,137.27,126.63,10487100.0,0.016212614746816678,0.1943503919236266,0.20331604994232605,0.2698093533527807,0.00036817390085920886,-0.7042486535248167,0.0,-0.2974999999999999,0.46331320945321186
2023-01-24,19.2,3.46,136.42,140.29,135.0,138.45,127.72,6945000.0,0.008596197275442474,0.19559470768345585,0.20094948033598814,0.26978631414683346,0.00036887563984435714,-0.7135573749354048,-0.06999999999999984,-0.3799999999999999,0.22023918803289141
2023-01-25,19.08,3.46,138.05,139.12,137.25,139.12,128.34,8967000.0,0.004839292163235864,0.195483942167275,0.19985091815549308,0.26745967348618915,0.0003693517547541214,-0.7020022643991198,0.08999999999999986,-0.41999999999999993,0.3438706536554887
2023-01-26,18.73,3.49,139.42,140.06,138.36,139.98,129.13,7487600.0,0.006181713628522045,0.19558698565588753,0.20007104867732287,0.26684394955833335,0.00036639806768055114,-0.7231443556943103,0.10000000000000009,-0.33999999999999986,0.24303181968568577
2023-01-27,18.51,3.52,140.61,141.26,139.75,140.32,129.45,7489900.0,0.0024289184169168365,0.1949994168041754,0.19279296918880293,0.26592908400094434,0.00037124838546570007,-0.7289640691847843,0.040000000000000036,-0.3599999999999999,0.2534064612783821
2023-01-30,19.94,3.55,139.23,140.09,138.91,139.13,128.35,6729300.0,-0.008480615735461772,0.19822876462595226,0.1936279861075887,0.26629736303562007,0.00036859057713176655,-0.6957267144794388,0.029999999999999805,-0.2625000000000002,0.7690594561975859
2023-01-31,19.4,3.52,139.88,140.07,138.25,139.96,129.11,9188700.0,0.00596564364263652,0.1988260874556452,0.19388925885860814,0.2661097497746914,0.00036578925182316756,-0.6567690888128283,0.06000000000000005,-0.27,0.38909234108057095
2023-02-01,17.87,3.39,138.21,140.88,138.12,139.59,128.77,8841800.0,-0.002643612460703104,0.19738051144318267,0.19181589642088087,0.2658008729014507,0.0003678542750314651,-0.6194702325402541,-0.06999999999999984,-0.2999999999999998,0.6244044009479692
2023-02-02,18.73,3.4,140.0,140.46,138.0,138.94,128.17,11822100.0,-0.004656494018196233,0.1959324069517636,0.1732237185827372,0.26561756053376323,-6.882833404275867e-07,-0.530637293195213,-0.0900000000000003,-0.31000000000000005,0.4230775835686016
2023-02-03,18.33,3.53,138.18,142.33,138.13,141.09,130.16,11501200.0,0.015474305455592363,0.19192240677905245,0.17590261667869453,0.2636706192069372,1.5818789818988766e-06,-0.5570519162781759,0.009999999999999787,-0.020000000000000018,0.5484938179444204
2023-02-06,19.43,3.63,140.23,142.24,140.03,141.92,130.92,8406200.0,0.005882769863207793,0.19152450224595327,0.17468652391176942,0.26240896556058296,1.0512734971213077e-06,-0.5243107871152314,0.08000000000000007,0.10000000000000009,0.3293938807033358
2023-02-07,18.66,3.67,141.38,144.34,141.18,143.65,132.52,10447900.0,0.01218996617812862,0.19348453210974495,0.17529496173442322,0.26228550461647215,4.98507428725592e-07,-0.5493871745265987,0.1499999999999999,0.06000000000000005,0.4664516278917081
2023-02-08,19.63,3.63,142.65,144.04,142.28,142.64,131.59,6958000.0,-0.007030978071702165,0.19476903740213633,0.17613489394701434,0.2626071685333249,1.2338982565807122e-06,-0.5763326985680359,0.23999999999999977,0.08999999999999986,0.7524068396847006
2023-02-09,20.71,3.67,143.12,143.34,139.87,140.42,129.54,6443100.0,-0.015563656758272537,0.20355230941214286,0.17912053421194754,0.2618508107628135,8.000402860974809e-07,-0.4948543001821859,0.27,0.23999999999999977,0.759455551695068
2023-02-10,20.53,3.74,139.78,141.28,138.59,141.04,130.11,6582900.0,0.004415325452214791,0.18216892700419146,0.17833036237752847,0.2570432576273755,-1.0102894012931074e-06,-0.36396970187062205,0.2100000000000004,0.25,0.2421833039148579
2023-02-13,20.34,3.72,141.3,142.73,140.74,142.57,131.52,7134600.0,0.010847986386840702,0.18167549711534894,0.1788900089608917,0.2572941252952183,-1.20239711564607e-06,-0.2724225044920763,0.0900000000000003,0.20000000000000018,0.29076384193273214
2023-02-14,18.91,3.77,142.5,143.81,141.6,143.2,132.1,9249400.0,0.004418881952724885,0.18140499477801733,0.17672303296953557,0.25730506215858195,-1.5265412780796073e-06,-0.3016614660359984,0.10000000000000009,0.2400000000000002,0.502732717860946
2023-02-15,18.23,3.81,141.61,143.89,141.3,143.8,132.66,6728300.0,0.0041899441340784715,0.13988662339850924,0.17571237049199764,0.25706138225209024,3.958462009845398e-08,-0.3209479306624905,0.18000000000000016,0.43999999999999995,0.2736203810650852
2023-02-16,20.17,3.86,142.91,143.39,141.68,141.82,130.83,8165300.0,-0.013769123783032078,0.14056301611329117,0.17827636368555588,0.257986723532447,-8.552575064435519e-07,-0.14239895167465932,0.18999999999999995,0.46999999999999975,0.5594606977093446
2023-02-17,20.02,3.82,140.98,142.83,140.07,142.24,131.22,7948800.0,0.0029615004935834577,0.1405676114167737,0.17833671582830493,0.2576625268787152,1.893774344335908e-06,-0.024500190150744696,0.07999999999999963,0.33999999999999986,0.4358659287538754
2023-02-20,21.23,3.9175,140.7625,141.7125,139.07999999999998,140.2825,129.4125,9484425.0,-0.01376195163104621,0.1423894403923191,0.17687353733738975,0.2586611361506106,1.3539566669218406e-06,-0.007946198891986481,0.1974999999999998,0.39749999999999996,0.32691646712677586
2023-02-21,22.87,3.95,140.69,141.34,138.75,139.63,128.81,9996300.0,-0.004651328569137303,0.14092668140515818,0.17415547301683879,0.25882149837571194,5.636510582773813e-07,-0.1601096233137237,0.18000000000000016,0.4900000000000002,0.28046293463792854
2023-02-22,22.29,3.93,138.92,139.43,137.44,138.56,127.82,11107500.0,-0.00766310964692396,0.14275193263646105,0.17327565808958606,0.25796223895584675,-1.3267461999699748e-06,-0.32806307183926203,0.1200000000000001,0.4700000000000002,0.18659292292839036
2023-02-23,21.14,3.88,138.73,140.17,137.94,139.67,128.85,8068000.0,0.008010969976905313,0.14397275054783626,0.17147111753663463,0.2561871623425795,2.3177443540189913e-06,-0.39323039668932425,0.020000000000000018,0.3899999999999997,0.4202039928719131
2023-02-24,21.67,3.95,139.11,141.36,138.93,140.93,130.01,9126900.0,0.009021264408964225,0.1473534090387217,0.17144312698605993,0.2563753963408045,-1.05562675730142e-06,-0.41825938257457557,0.13000000000000034,0.43000000000000016,0.5636788496435339
2023-02-27,20.95,3.92,142.11,143.31,141.72,142.16,131.14,10014700.0,0.008727737174483607,0.14647638938482999,0.16132720688241478,0.25615054413575755,-1.9940155449316155e-06,-0.4077893860152378,0.0024999999999999467,0.3700000000000001,0.6691713729471129
2023-02-28,20.7,3.92,142.94,143.76,141.9,143.35,132.24,11019800.0,0.008370849746764275,0.14777513438183154,0.1619640949408064,0.250793847197806,1.0590916390829097e-06,-0.38965605819613935,-0.03000000000000025,0.3999999999999999,0.7704977311088104
2023-03-01,20.58,4.01,142.1,143.46,141.8,142.55,131.5,7139200.0,-0.005580746424834193,0.14915982340048886,0.16255323585112613,0.25095341622528056,-2.134550871835117e-07,-0.5324232844814409,0.07999999999999963,0.6199999999999997,0.7280669886408107
2023-03-02,19.59,4.08,142.24,142.43,139.54,141.07,130.14,11106800.0,-0.010382321992283505,0.15341059692629094,0.16319235866479298,0.25082085251364045,1.962936036320473e-06,-0.7030258649135777,0.20000000000000018,0.6800000000000002,0.2074567810485933
2023-03-03,18.49,3.97,141.51,143.74,141.08,143.66,132.53,9513100.0,0.018359679591692046,0.15736087109652602,0.16641111515732618,0.2516875734023899,-3.4165590696022543e-07,-0.8155874206144147,0.020000000000000018,0.4400000000000004,0.6205617618950384
2023-03-06,18.61,3.98,143.44,144.04,142.66,142.82,131.75,9261300.0,-0.005847139078379526,0.15799098428653136,0.16444547643072807,0.25169752088977543,-9.165273999189872e-08,-0.8220963148605461,0.06000000000000005,0.3500000000000001,0.42409849546568074
2023-03-07,19.59,3.97,142.01,142.31,137.81,138.62,127.88,11747600.0,-0.029407645987956754,0.18361281283313352,0.1758955292795313,0.2538264293082089,1.0812715480201795e-07,-0.6629317144141521,0.050000000000000266,0.30000000000000027,0.15122178136295028
2023-03-08,19.11,3.98,138.0,138.59,136.89,137.8,127.12,10002500.0,-0.005915452315683134,0.18322688276041835,0.17603072401374734,0.25014856869677415,-1.9441906273509613e-06,-0.46672027605632777,-0.029999999999999805,0.3500000000000001,0.35097473502947957
2023-03-09,22.61,3.93,136.76,137.35,129.22,130.34,120.24,24494500.0,-0.05413642960812781,0.25796182928857164,0.20239709826884472,0.2623028032978444,-4.225240582356182e-07,-0.5638104850807601,-0.1499999999999999,0.26000000000000023,0.020211056964505432
2023-03-10,24.8,3.7,128.96,135.26,127.82,133.65,123.29,24494500.0,0.025395120454196674,0.27666779301468586,0.20845193942116003,0.2629235552934794,-1.091984737583429e-06,-0.6778875487379433,-0.27,-0.040000000000000036,0.9426973638253145
2023-03-13,26.52,3.55,131.21,133.88,129.41,131.25,121.08,24494500.0,-0.017957351290684653,0.27707345625227225,0.21158401726528697,0.262301381236417,1.0883225693147924e-06,-0.7761288527226219,-0.43000000000000016,-0.17000000000000037,0.09471970423062398
2023-03-14,23.73,3.64,135.28,135.53,131.29,134.62,124.19,24494500.0,0.025676190476190408,0.2952959819603008,0.21773790894486314,0.2640874965156949,1.9853644547318527e-06,-0.7845538273998004,-0.33000000000000007,-0.1299999999999999,0.8706695822189089
2023-03-15,26.14,3.51,130.98,130.99,126.73,128.26,118.32,24494500.0,-0.047244094488189115,0.3329186069186301,0.23759768696551203,0.272277369421893,-1.6323573740817387e-06,-0.822820067355976,-0.4700000000000002,-0.30000000000000027,0.1593256306896759
2023-03-16,22.99,3.56,128.01,131.95,126.02,130.75,120.62,24494500.0,0.01941369094027756,0.3426673680351237,0.23988889459894358,0.2721366213940399,8.944690151335699e-07,-0.8058472863025459,-0.3700000000000001,-0.2999999999999998,0.8131432350635421
2023-03-17,25.51,3.39,128.38,128.48,125.45,125.81,116.06,24494500.0,-0.037782026768642396,0.3619346718957118,0.2519212167378594,0.2770043460904699,-1.2529356809398707e-06,-0.8225789614678222,-0.31000000000000005,-0.4299999999999997,0.21164536373205212
2023-03-20,24.15,3.47,126.99,129.47,126.01,127.14,117.29,22875500.0,0.010571496701375027,0.3651873827764547,0.2528779169245753,0.27401445235741606,6.967922568767993e-07,-0.8200902019106149,-0.07999999999999963,-0.4474999999999998,0.7286734612091889
2023-03-21,21.38,3.59,130.59,131.73,130.19,130.55,120.43,17807800.0,0.026820827434324457,0.3818924383057154,0.2589759857185819,0.2685043516694872,-1.4999435653195726e-06,-0.8011933301926062,-0.050000000000000266,-0.3600000000000003,0.5617215003310491
2023-03-22,22.26,3.48,130.56,130.66,127.08,127.18,117.32,17250200.0,-0.025813864419762522,0.39012919031603904,0.2640311802479384,0.26942390376680186,-8.866443586552641e-07,-0.7728454120468966,-0.029999999999999805,-0.4500000000000002,0.4674892296877887
2023-03-23,22.61,3.38,127.9,129.53,126.02,126.84,117.01,16677600.0,-0.0026733763170310176,0.38760714402600016,0.26373954263840843,0.267618833176282,-1.6740291532979512e-06,-0.7509640804866581,-0.18000000000000016,-0.5,0.5026405602035449
2023-03-24,21.74,3.38,125.63,125.68,123.11,124.91,115.23,22311100.0,-0.015216020182907686,0.38592177391594706,0.2649535385860667,0.2668992796028416,-5.698423874489489e-07,-0.7077952546813059,-0.010000000000000231,-0.5700000000000003,0.3257299851219597
2023-03-27,20.6,3.53,126.79,129.38,126.29,128.49,118.53,18853900.0,0.028660635657673517,0.40197870710669736,0.2715456904800786,0.26929785689830227,1.3744377845847923e-07,-0.6657727881207078,0.05999999999999961,-0.3900000000000001,0.5384070684590218
2023-03-28,19.97,3.55,128.71,129.34,127.74,128.88,118.89,10820500.0,0.0030352556619190896,0.40011342286271395,0.2716017560163036,0.26554150230298124,-6.148627736513035e-07,-0.6191774294566894,-0.040000000000000036,-0.3700000000000001,0.25422581094113705
2023-03-29,19.12,3.57,130.1,130.22,127.77,129.14,119.13,14595300.0,0.002017380509000466,0.4008757368458609,0.2708682278529398,0.26474206152873964,2.1085824631339455e-07,-0.5605975324134406,0.08999999999999986,-0.43999999999999995,0.3553897290723066
2023-03-30,19.02,3.55,129.95,130.12,127.65,128.75,118.77,12134700.0,-0.0030199783181042994,0.4003238925945306,0.27054213256975423,0.25296745756220995,-1.912837337875173e-06,-0.47555598545637184,0.16999999999999993,-0.5300000000000002,0.7347110796698272
2023-03-31,18.7,3.48,129.66,130.34,128.85,130.31,120.21,13105200.0,0.012116504854368992,0.39623914012403744,0.268721653996026,0.25247799974597984,-1.7823039293041187e-06,-0.3598923520851814,0.10000000000000009,-0.4900000000000002,0.2845918690134837
2023-04-03,18.55,3.43,129.91,131.44,129.41,130.16,120.07,11775400.0,-0.001151101220167372,0.3963882515030959,0.2686334571036707,0.24544715963554514,-5.321405941782764e-07,-0.21848337625163283,-0.09999999999999964,-0.5499999999999998,0.770624964858865
2023-04-04,19.0,3.35,130.5,130.59,127.41,128.42,118.47,11579900.0,-0.013368162261831684,0.3869052300468208,0.26908216144150215,0.2436702060221213,-1.1602097721441496e-07,-0.09344451353021332,-0.19999999999999973,-0.6200000000000001,0.7760520283668536
2023-04-05,19.08,3.3,126.8,128.15,126.46,127.61,118.65,9614700.0,-0.006307428749415922,0.38693980329082955,0.2686883866377171,0.24207284908221913,0.00039509721664755527,0.12113811123433903,-0.27,-0.6800000000000002,0.8292358216531791
2023-04-06,18.4,3.3,127.0,128.08,126.86,127.47,118.51,8760200.0,-0.0010970927043335577,0.3376296303008397,0.2686879246595765,0.24201485318979807,0.00039019220178673764,0.1517803893920869,-0.25,-0.6300000000000003,0.8224203223699672
2023-04-07,18.5425,3.39,126.885,128.1175,126.7,127.575,118.61,8939475.0,0.0008237232289951546,0.323209990286985,0.26296492497755775,0.22995218986719,0.00039261888813255097,0.06563703565744848,-0.08999999999999986,-0.31000000000000005,0.2060229325289034
2023-04-10,18.97,3.41,126.54,128.23,126.22,127.89,118.91,9477300.0,0.0024691358024691024,0.3180301959894575,0.26229901452590754,0.22996798989773612,0.0003939834777454798,-0.05015697924838,-0.020000000000000018,-0.13999999999999968,0.24184615308113586
2023-04-11,19.1,3.43,128.3,128.94,127.54,128.52,119.49,10516300.0,0.0049261083743843415,0.3030317127301479,0.2625816962539581,0.23003798070767453,0.00039111817955556625,-0.32313837062684425,0.08000000000000007,-0.20999999999999996,0.2933621363365167
2023-04-12,19.09,3.41,129.18,130.43,128.06,128.5,119.47,11821000.0,-0.00015561780267669967,0.2518508760830621,0.25570280587303096,0.22947704108464104,0.00039169464822175757,-0.38125097727276924,0.11000000000000032,-0.09999999999999964,0.6399230375918007
2023-04-13,17.8,3.45,128.46,129.04,126.83,128.99,119.93,12450200.0,0.0038132295719846,0.2419708803399402,0.25455103747159613,0.22947270051523241,0.0003923110360460391,-0.5672669873779821,0.15000000000000036,-0.10999999999999988,0.40641224957195315
2023-04-14,17.07,3.52,135.15,139.12,134.9,138.73,128.98,24494500.0,0.07550972943639023,0.3292881094043993,0.2985265971268027,0.2534873505055411,0.0003912079192515683,-0.5141744790832495,0.1299999999999999,0.1299999999999999,0.890614121665431
2023-04-17,16.95,3.6,139.95,140.06,137.66,139.83,130.01,16050500.0,0.007929070857060738,0.32883884193486645,0.29715789453897534,0.253662853455438,0.0003927091514072334,-0.6108950971763939,0.18999999999999995,0.1299999999999999,0.6156934572830371
2023-04-18,16.83,3.58,140.27,141.78,139.03,141.4,131.47,13760100.0,0.011227919616677351,0.31962300432466256,0.2975136478879803,0.25288582995275394,0.0003952214243547802,-0.704543187496181,0.1499999999999999,-0.009999999999999787,0.500613391635068
2023-04-19,16.46,3.6,141.23,141.5,140.4,141.22,131.3,9158100.0,-0.0012729844413013058,0.3003627682886242,0.2973986309308244,0.2524722395188025,0.0003947427232794731,-0.7670463227971025,0.18999999999999995,0.1200000000000001,0.7217326197636937
2023-04-20,17.17,3.54,139.91,141.43,139.84,140.81,130.92,10586200.0,-0.0029032714912902158,0.30044595777328564,0.29722985028135496,0.2525330586607857,0.00039364516080098166,-0.8314702528524476,0.08999999999999986,0.16000000000000014,0.6370921807428432
2023-04-21,16.77,3.57,139.74,141.11,138.78,140.54,130.67,11842500.0,-0.0019174774518856408,0.29192963349440165,0.29722849948564867,0.24960202085030628,0.0003938565643233138,-0.8666055111268022,0.04999999999999982,0.18999999999999995,0.5444934297231142
2023-04-24,16.89,3.52,140.46,141.1,140.04,140.73,130.84,7567500.0,0.0013519282766472074,0.2797366262297593,0.2966848459666238,0.24951523132340228,0.00039239495115727665,-0.9146562450647837,-0.08000000000000007,-0.009999999999999787,0.2295885833202179
2023-04-25,18.76,3.4,139.6,139.96,137.63,137.67,128.0,10629300.0,-0.021743764655723696,0.2951001376880439,0.29986703798636644,0.25162538237041,0.00039423303738273516,-0.8869570975611114,-0.18000000000000016,-0.1499999999999999,0.5896051670237177
2023-04-26,18.84,3.43,137.62,137.81,134.0,135.23,125.73,14416100.0,-0.017723541802861953,0.30455056738609587,0.30199833249451613,0.25225375405745143,0.0003936171235740471,-0.8564445497050994,-0.16999999999999993,-0.13999999999999968,0.334943560411915
2023-04-27,17.03,3.53,136.0,137.91,135.66,137.05,127.42,9041100.0,0.013458552096428544,0.3062195121168004,0.3031749504788459,0.24590587374450543,0.0003928727400751675,-0.8499232589868269,-0.010000000000000231,-0.020000000000000018,0.3219113279019123
2023-04-28,15.78,3.44,136.56,138.32,135.67,138.24,128.53,9887300.0,0.008682962422473572,0.3051489259286119,0.3020068941816498,0.24620257076893823,0.00039389601888556447,-0.8173966361396682,-0.1299999999999999,-0.040000000000000036,0.3846634748592559
2023-05-01,16.08,3.59,142.26,143.37,140.83,141.2,131.28,20415800.0,0.02141203703703698,0.3113994122920745,0.30499671813727663,0.2475991626277591,0.0003937775048262149,-0.8254295402105604,0.06999999999999984,0.1599999999999997,0.8810503082583578
2023-05-02,17.78,3.44,141.4,142.41,138.43,138.92,129.16,14113400.0,-0.01614730878186965,0.3136337931132772,0.305725498578949,0.24852803144327498,0.0003915483493946048,-0.8005221601105508,0.040000000000000036,0.08999999999999986,0.3867673701324869
2023-05-03,18.34,3.38,138.44,138.67,135.76,135.98,126.43,12930900.0,-0.021163259429887726,0.3244299629322143,0.30839958349952773,0.2504962324268133,-9.126257397518156e-07,-0.7684722677147551,-0.050000000000000266,0.08000000000000007,0.46471953313526143
2023-05-04,20.09,3.37,134.96,135.72,131.81,134.12,124.7,17089200.0,-0.01367848212972489,0.3297596797923847,0.308033187910345,0.251226403029053,2.981932556195277e-06,-0.7197774899794459,-0.1599999999999997,0.07000000000000028,0.262856049459334
2023-05-05,17.19,3.44,136.44,137.88,135.91,136.74,127.13,11261400.0,0.019534745004473608,0.3349614492711706,0.31062800986178574,0.2524049121034664,-3.7448701279974016e-07,-0.720552903560126,0.0,0.04999999999999982,0.4032744664317289
2023-05-08,16.98,3.52,137.49,137.97,136.48,137.07,127.44,7484900.0,0.0024133391838525586,0.33496418408227824,0.3098117032969283,0.25225953238966564,-2.1227129135215073e-06,-0.6925475018115506,-0.06999999999999984,0.10999999999999988,0.2224720840738358
2023-05-09,17.71,3.53,135.93,136.95,135.21,136.41,126.83,7343600.0,-0.004815057999562278,0.3362648305563973,0.30976743541965823,0.25146488522012084,1.7203797199161209e-06,-0.6493271728237429,0.08999999999999986,0.09999999999999964,0.7695068648897462
2023-05-10,16.94,3.43,137.95,138.06,134.87,136.48,126.89,8133400.0,0.0005131588593210168,0.33618493214425904,0.30961505687240737,0.25100097183160075,3.052769552092105e-07,-0.5668901422214294,0.050000000000000266,0.020000000000000018,0.2772025662269961
2023-05-11,16.93,3.39,135.0,136.81,134.9,136.05,126.49,7057300.0,-0.003150644783118217,0.3369310323757724,0.3084609091990113,0.2510427090008871,-1.6280075379127013e-06,-0.6497344181894684,0.020000000000000018,-0.06000000000000005,0.750144342508738
2023-05-12,17.03,3.46,136.82,136.99,133.13,134.1,124.68,9988600.0,-0.01433296582138932,0.20524471508945666,0.3096641999864476,0.2519072019692132,1.8458526415632282e-06,-0.5735081640225208,0.020000000000000018,-0.06000000000000005,0.5982003209191793
2023-05-15,17.12,3.5,134.27,135.67,133.96,135.23,125.73,7639500.0,0.008426547352721858,0.20555892957266067,0.3090339287861158,0.2509043152455484,-1.2123519244178205e-06,-0.5395137251004294,-0.020000000000000018,-0.10000000000000009,0.27943052574052635
2023-05-16,17.99,3.54,135.46,135.94,133.96,134.32,124.88,6477200.0,-0.006729276048214161,0.20052720177489627,0.3091845976094901,0.24996772195056946,-2.883247618806761e-06,-0.5473963419489871,0.010000000000000231,-0.040000000000000036,0.7588926129700512
2023-05-17,16.87,3.57,135.9,138.59,135.46,138.45,128.72,12711500.0,0.030747468731387784,0.2327297244939751,0.3153224591068461,0.25334323822122495,-1.7781748942902186e-06,-0.5228289926506424,0.13999999999999968,-0.03000000000000025,0.6259747080548137
2023-05-18,16.05,3.65,138.27,139.73,137.76,139.5,129.7,10999600.0,0.007583965330444364,0.23449591829004593,0.3152783765452244,0.2527170291135197,-7.74430092259637e-07,-0.573393907373898,0.2599999999999998,0.10999999999999988,0.5101377021861214
2023-05-19,16.81,3.7,139.79,140.49,138.13,139.18,129.4,13492200.0,-0.0022939068100358284,0.2345328004288483,0.31477440922559335,0.25245932634104157,-2.1292696857799777e-06,-0.5775614150776934,0.2400000000000002,0.13000000000000034,0.3334510541464849
2023-05-22,17.21,3.72,141.0,141.64,137.66,138.03,128.33,11402500.0,-0.008262681419744289,0.23606777411111848,0.31468453937865787,0.24935387225514483,9.913391001425964e-08,-0.5877379903070872,0.2200000000000002,0.20000000000000018,0.48083325374554314
2023-05-23,18.53,3.7,137.54,139.03,136.46,136.59,126.99,9514900.0,-0.010432514670723703,0.22599785249000306,0.3148313356187194,0.2498533641794322,-2.306822217523763e-06,-0.6356670592059124,0.16000000000000014,0.30000000000000027,0.6056411495880188
2023-05-24,20.03,3.73,135.4,136.35,135.08,135.34,125.83,8578000.0,-0.009151475217805127,0.2191769443531975,0.31515690235057336,0.25023457386745324,-9.027010576811989e-07,-0.6136689745960161,0.16000000000000014,0.2999999999999998,0.6491415673155407
2023-05-25,19.14,3.83,134.82,136.27,134.58,135.67,126.14,8472500.0,0.002438303531845598,0.21371168190854228,0.31456434884571427,0.24981583046996542,1.2023137762551262e-06,-0.6234463488168237,0.18000000000000016,0.30000000000000027,0.3466380000184469
2023-05-26,17.95,3.8,136.11,137.6,135.63,136.94,127.32,8579900.0,0.009360949362423598,0.21410789687654203,0.3128007441229074,0.2500179531865825,-5.150622621685752e-07,-0.6094229861694743,0.09999999999999964,0.3599999999999999,0.358660680698863
2023-05-29,17.46,3.7175,136.6275,137.69,135.9225,137.33,127.68,7694900.0,0.0028479626113626644,0.19862059776325933,0.31268626596168575,0.24907080843033227,-7.385691091266189e-07,-0.5470195209094657,-0.002500000000000391,0.12749999999999995,0.3050688208236924
2023-05-30,17.46,3.69,136.8,137.72,136.02,137.46,127.8,7399900.0,0.0009466249180805075,0.19080394309776802,0.30681795458685057,0.24906539713199305,-1.0068280549502263e-06,-0.5869720737694221,-0.010000000000000231,0.25,0.3012062378511961
2023-05-31,17.94,3.64,136.73,136.84,134.4,135.71,126.18,14219900.0,-0.012730976284009876,0.18075166625201053,0.30769992989222067,0.24966707403547816,4.1150013080359926e-07,-0.5845117226748398,-0.08999999999999986,0.26000000000000023,0.1731045335440767
2023-06-01,15.65,3.61,136.52,138.23,135.45,137.58,127.91,12248100.0,0.013779382506815985,0.17954328061729308,0.28755025677573925,0.24771475236486207,-2.729845246607354e-06,-0.5016044314846354,-0.2200000000000002,0.23999999999999977,0.7604311259064847
2023-06-02,14.6,3.69,139.56,141.48,139.34,140.47,130.6,12922500.0,0.02100596016862899,0.1815856203137084,0.28610083444354484,0.24926733374306456,8.20468612722225e-07,-0.6376486722672706,-0.10999999999999988,0.25,0.7947612917601021
2023-06-05,14.73,3.69,140.11,140.11,138.13,139.09,129.32,8511900.0,-0.009824161742720827,0.18583322385562492,0.28428023527843954,0.2496265991858277,7.416845294205831e-07,-0.6734740528885692,-0.027499999999999858,0.16999999999999993,0.6180971798035549
2023-06-06,13.96,3.7,138.68,140.1,138.21,139.34,129.55,9329500.0,0.0017973973686102873,0.18466362859535257,0.2796458301375062,0.24955806332693145,-1.6312794902384464e-06,-0.7009820581157057,0.010000000000000231,0.17000000000000037,0.4532779778073976
2023-06-07,13.94,3.79,139.55,141.27,138.83,140.69,130.81,9281400.0,0.009688531649203247,0.18711500861461114,0.26169792384309837,0.24942810465420673,2.226105445496396e-06,-0.7539149343520908,0.1499999999999999,0.3599999999999999,0.4414451196510573
2023-06-08,13.65,3.73,140.67,140.89,139.48,140.73,130.84,7368100.0,0.0002843130286445117,0.18635753360494212,0.25908289331971485,0.24881250110201664,-4.368898189610615e-07,-0.7948660526544301,0.1200000000000001,0.33999999999999986,0.25403866596617714
2023-06-09,13.83,3.75,140.35,141.8,140.21,141.01,131.1,7249100.0,0.00198962552405324,0.17640663590483086,0.2459078093064491,0.2487506160549448,-1.7537500445030663e-06,-0.8653956095343167,0.06000000000000005,0.29000000000000004,0.26170504839123593
2023-06-12,15.01,3.73,141.07,141.32,139.76,141.0,131.09,7596600.0,-7.091695624417138e-05,0.17524216575311485,0.24529325066764399,0.24873746624459633,-1.7744798018581865e-06,-0.8858545913147353,0.040000000000000036,0.22999999999999998,0.7086225384751265
2023-06-13,14.61,3.84,140.48,142.87,140.14,142.02,132.04,7701600.0,0.0072340425531916,0.17285288622539413,0.24000109829364813,0.24891784806975037,4.3795362717480304e-07,-0.8996449851151649,0.13999999999999968,0.2999999999999998,0.289482891677519
2023-06-14,13.88,3.83,143.0,143.61,140.7,141.49,131.55,9068700.0,-0.003731868750880163,0.13906535656516122,0.2334383383278334,0.24890555785304386,1.3859854074205201e-06,-0.908006003138617,0.040000000000000036,0.26000000000000023,0.5582135571077896
2023-06-15,14.5,3.72,140.59,143.4,140.03,143.09,133.04,9343100.0,0.011308219662166996,0.1419585397218071,0.23403063258838358,0.2492762996146543,8.275068866026025e-07,-0.8875090969874905,-0.009999999999999787,0.07000000000000028,0.48205237789901284
2023-06-16,13.54,3.77,143.05,143.97,142.5,143.26,133.2,13813500.0,0.0011880634565657466,0.14132303270530228,0.2312397875529817,0.24912890570155555,2.5141212472268302e-06,-0.8966446176394298,0.020000000000000018,0.06999999999999984,0.875923760504066
2023-06-19,14.19,3.7475,142.72000000000003,143.2425,141.405,142.7125,132.69,9774825.0,-0.0038217227418678723,0.138103608317905,0.2249745471418264,0.2491039169290145,2.4726642822270327e-06,-0.8935220442432725,0.01750000000000007,0.027499999999999858,0.46049149454579846
2023-06-20,13.88,3.74,142.61,143.0,141.04,142.53,132.52,8428600.0,-0.0012787947797144872,0.13107682565928475,0.22505099567800174,0.24911130016126365,2.8238248896750306e-06,-0.8896596835302678,-0.09999999999999964,0.040000000000000036,0.607927457123243
2023-06-21,13.2,3.72,142.9,144.02,141.69,142.32,132.32,9926500.0,-0.0014733740265208128,0.1249780448865624,0.22514867675891148,0.24879863056558266,1.768867826212883e-07,-0.8803803185712191,-0.10999999999999988,-0.009999999999999787,0.4447262231577919
2023-06-22,12.91,3.8,142.31,142.6,138.95,139.58,129.77,10075200.0,-0.01925238898257431,0.14700376887551336,0.2290317146204821,0.2501721348679027,-2.059354540995262e-06,-0.7990916336647598,0.07999999999999963,-0.03000000000000025,0.4366675588754075
2023-06-23,13.44,3.74,138.54,139.18,137.62,138.85,129.1,9919500.0,-0.005229975641209417,0.14572399344757705,0.22833816492552578,0.24879161580215242,1.6183057305885207e-06,-0.7141068206829789,-0.029999999999999805,-0.05999999999999961,0.4620689063313861
2023-06-26,14.25,3.72,138.87,140.01,137.69,139.19,129.41,8429700.0,0.0024486856319769768,0.14565400280547833,0.2283018532041044,0.24873304722936704,2.709541567447182e-07,-0.6592942695102715,-0.027499999999999858,0.002500000000000391,0.3617792100900642
2023-06-27,13.74,3.77,139.0,139.84,138.54,139.2,129.42,8154000.0,7.184424168404924e-05,0.1456684780832533,0.22628691128984835,0.24840624808057862,8.808559413875372e-07,-0.5724749475749649,0.029999999999999805,0.08000000000000007,0.3256316777464952
2023-06-28,13.43,3.71,139.16,139.21,137.96,138.59,128.85,7558600.0,-0.0043821839080459,0.1383110229382068,0.2260395657896956,0.24826352388344258,-3.0094746480635593e-06,-0.14596073802651485,-0.010000000000000231,0.06999999999999984,0.7251609448420133
2023-06-29,13.54,3.85,140.07,143.56,139.85,143.43,133.35,15423200.0,0.034923154628761166,0.17855496553164116,0.23611873876836442,0.2533449966437776,4.4109221296051436e-07,0.06318363146754986,0.050000000000000266,0.2400000000000002,0.9369028431416601
2023-06-30,13.59,3.81,144.6,146.0,143.66,145.44,135.22,14212800.0,0.014013804643379979,0.1702920960241769,0.23736436973734493,0.25152704143001736,-2.907486884529131e-07,0.0015274174466957593,0.06999999999999984,0.1200000000000001,0.881513871783825
2023-07-03,13.57,3.86,146.19,147.48,146.0,146.61,136.31,8021600.0,0.008044554455445718,0.16587797891440262,0.2376567496699796,0.251176493650939,-6.517978331344044e-07,0.023004080556729443,0.13999999999999968,0.16999999999999993,0.3434304023125936
2023-07-04,13.7,3.905,145.565,146.45499999999998,145.18,145.625,135.85500000000002,8478250.0,-0.006718504876884301,0.16920503818001545,0.23832265013025014,0.2513121982876973,0.00017045923342550728,0.01362583165737906,0.1349999999999998,0.20499999999999963,0.6063398801511599
2023-07-05,14.18,3.95,144.94,145.43,144.36,144.64,135.4,8934900.0,-0.006763948497854222,0.16970487208881432,0.2389847017790835,0.24757612772154186,0.0003405072649060148,0.061607643607925165,0.2400000000000002,0.16000000000000014,0.5571391144025685
2023-07-06,15.44,4.05,143.02,143.39,141.44,143.21,134.06,9709500.0,-0.009886615044247593,0.17439825813777285,0.24020715602853068,0.24721632738603053,0.0003427507546499009,0.1005494578257365,0.19999999999999973,0.31999999999999984,0.4870949306528934
2023-07-07,14.83,4.06,143.91,145.84,143.0,144.34,135.12,8981500.0,0.00789051043921507,0.17612285567539585,0.18535939037712904,0.24742690935289732,0.0003436872189855222,0.15175969501724365,0.24999999999999956,0.3099999999999996,0.4227303870781733
2023-07-10,15.07,4.01,144.5,145.99,144.5,145.15,135.88,9100100.0,0.005611750034640428,0.17672211717901073,0.18503540891038373,0.2464921166855362,0.0003445956751327361,0.2950239285470037,0.1499999999999999,0.2799999999999998,0.42587974616537205
2023-07-11,14.84,3.99,146.34,147.82,145.71,147.42,138.0,11260900.0,0.01563899414398895,0.18274860631678103,0.1863248251016645,0.24718718501627973,0.00034213481294768645,0.39775519092681016,0.08500000000000041,0.15000000000000036,0.6496500626358696
2023-07-12,13.54,3.86,147.45,149.87,147.0,148.15,138.69,11323200.0,0.00495183828517165,0.18177728939890636,0.18647102847353492,0.24719128469351215,0.0003434835196524266,0.29733982078613946,-0.0900000000000003,0.029999999999999805,0.64358190279462
2023-07-13,13.61,3.76,148.7,149.37,147.75,148.87,139.36,11234900.0,0.0048599392507593375,0.178988903291989,0.1864794458600301,0.24713599395770414,0.0003411360762930526,0.23139618462477549,-0.29000000000000004,0.03999999999999959,0.6234863503605594
2023-07-14,13.34,3.83,151.55,152.89,148.41,149.77,140.2,24494500.0,0.006045543091287797,0.17951134617694534,0.18666210605132252,0.24724719687077035,0.00033951380033261924,0.12529664630263984,-0.22999999999999954,0.06000000000000005,0.9739602242829251
2023-07-17,13.48,3.81,150.35,153.75,150.35,153.38,143.58,17262400.0,0.024103625559190656,0.1937182989340569,0.1925104437203117,0.24919659261713253,0.00034010437908377764,0.03921472183820086,-0.19999999999999973,0.0625,0.8209518730885533
2023-07-18,13.3,3.8,153.38,154.4,152.82,153.66,143.85,13491700.0,0.0018255313600208378,0.19297613571907304,0.18631168300670115,0.24909179211413113,0.00034296654053960764,-0.051286135079355276,-0.1900000000000004,0.05999999999999961,0.6315472204161259
2023-07-19,13.76,3.75,152.75,155.21,152.22,154.25,144.4,12510000.0,0.0038396459716256715,0.19195616324591022,0.18179706233636758,0.24907364845250002,0.00034395295297732776,-0.09308696560806021,-0.10999999999999988,0.029999999999999805,0.5661350338390001
2023-07-20,13.99,3.85,154.53,156.59,154.41,156.15,146.18,9935900.0,0.012317666126418159,0.1727643786682485,0.18151169977171577,0.2494782209985217,0.0003453799659673573,-0.17762523289621096,0.0900000000000003,0.050000000000000266,0.40963044727002457
2023-07-21,13.6,3.84,155.8,156.14,154.69,154.95,145.05,10636400.0,-0.007684918347742653,0.17502557124161278,0.18212896905397827,0.2489083580168541,0.0003397312081727721,-0.28340367361423874,0.009999999999999787,0.09999999999999964,0.5504649446792423
2023-07-24,13.91,3.86,154.97,158.79,154.73,158.0,147.91,14381400.0,0.019683768957728276,0.18153632625697655,0.18137376905660116,0.25029272161908517,0.0003437438206712384,-0.2380683199038793,0.04999999999999982,0.13999999999999968,0.657043156984961
2023-07-25,13.86,3.91,157.3,157.72,155.96,156.82,146.8,9944700.0,-0.007468354430379742,0.18692614509762584,0.1785270100065789,0.2500555913175499,0.00034164828254767965,-0.27765100387291525,0.11000000000000032,0.14000000000000012,0.6172919695946985
2023-07-26,13.19,3.86,156.71,158.25,156.28,157.76,147.68,8728600.0,0.005994133401351798,0.18283520116791738,0.17197799918928564,0.2498981859015075,0.0003427779319404523,-0.4678420651778268,0.10999999999999988,0.1499999999999999,0.3077555481272686
2023-07-27,14.41,4.01,157.77,158.78,155.55,156.02,146.06,10778400.0,-0.011029411764705732,0.15957246000840516,0.17099407112389625,0.249348980523331,0.00034574181451770827,-0.47065800025585514,0.1599999999999997,0.1599999999999997,0.5579546199098934
2023-07-28,13.33,3.96,157.28,157.6,156.44,156.91,146.89,9103800.0,0.005704396872195705,0.15551271815473036,0.1674494362634038,0.2493933619934285,0.00034419236555182644,-0.5496962957234199,0.1200000000000001,0.1499999999999999,0.35335212689197915
2023-07-31,13.63,3.97,157.18,159.38,157.15,157.96,147.87,8892700.0,0.006691734115097825,0.15510212936845472,0.16768573035901266,0.24911877466739993,0.0003423826586593737,-0.6005922652813291,0.11000000000000032,0.11000000000000032,0.33687317791750626
2023-08-01,13.93,4.05,157.43,158.0,156.15,157.18,147.14,6853900.0,-0.004937958976956147,0.15362532764708545,0.16770857143890242,0.24921395069251787,0.00017227291513196018,-0.6378644228890595,0.13999999999999968,0.14500000000000002,0.7627886744865519
2023-08-02,16.09,4.08,155.56,155.69,153.94,155.4,145.47,8299400.0,-0.01132459600458069,0.15858501428432287,0.1700220040957032,0.2497934674401898,-9.006405207567792e-07,-0.442978077518775,0.2200000000000002,0.1299999999999999,0.6860797166028952
2023-08-03,15.92,4.2,155.0,156.92,154.35,156.35,146.36,6084000.0,0.0061132561132559715,0.15044348820761994,0.16983153881841492,0.2490034160002394,-1.55552963160277e-07,-0.19034842239744515,0.1900000000000004,0.15000000000000036,0.22234212414198268
2023-08-04,17.1,4.05,156.4,157.8,155.7,156.02,146.06,6209400.0,-0.002110649184521751,0.1515865935610917,0.166509989916708,0.24902447189941032,2.082901977523699e-06,-0.004442419142378298,0.08999999999999986,-0.009999999999999787,0.7598449508232187
2023-08-07,15.77,4.09,156.6,157.7,156.6,156.76,146.75,7251800.0,0.004742981669016766,0.1514909546262599,0.16612826637095404,0.24816078476711875,5.021756512069153e-07,0.1581697185419265,0.11999999999999966,0.08000000000000007,0.29586840863507824
2023-08-08,15.99,4.02,154.32,155.98,152.59,155.88,145.92,8623400.0,-0.005613676958407754,0.14839643696328803,0.16587855588708103,0.2482114902878358,2.013827331337481e-07,0.26670162715849177,-0.03000000000000025,0.02999999999999936,0.6246656195612204
2023-08-09,15.96,4.0,155.32,155.52,153.47,153.79,143.97,6277800.0,-0.013407749550936598,0.15886416872542194,0.15831547913148555,0.2487769304874745,4.837455033213089e-08,0.16806860998231013,-0.08000000000000007,0.14000000000000012,0.725661831511707
2023-08-10,15.85,4.09,154.38,155.44,153.09,153.56,143.75,5995100.0,-0.001495545874244053,0.15890457513133666,0.15799219547297413,0.24859020921305153,-1.3752514125275894e-07,0.030939480891104605,-0.11000000000000032,0.33000000000000007,0.7217511308190286
2023-08-11,14.84,4.16,153.03,154.52,152.63,154.45,144.59,5180700.0,0.005795780151080843,0.15881433652498284,0.15799949796554283,0.2484112598031704,3.127660569379742e-06,-0.17232644873061428,0.11000000000000032,0.33000000000000007,0.2131054881548634
2023-08-14,14.82,4.19,153.61,154.92,152.92,154.77,144.89,5044300.0,0.0020718679184204003,0.13482880154595803,0.1566058493549287,0.2481533643064796,3.0416610950045884e-06,-0.27930080230091625,0.10000000000000053,0.38000000000000034,0.20474120384345987
2023-08-15,16.46,4.21,152.85,153.27,150.23,150.83,141.2,10300300.0,-0.025457129934741807,0.16305725121846262,0.16451037959137368,0.2508040778675481,-2.3798001204111684e-07,-0.5090500533456452,0.1900000000000004,0.41000000000000014,0.3313785054118492
2023-08-16,16.78,4.28,150.6,150.96,149.68,150.19,140.6,6978200.0,-0.0042431876947557345,0.16247828956467683,0.1634306532083951,0.25074235273487233,2.633526480166903e-07,-0.6347321252723118,0.28000000000000025,0.5300000000000002,0.6356331319741176
2023-08-17,17.89,4.3,150.88,151.26,148.4,148.63,139.14,9953900.0,-0.01038684333177975,0.157172735161972,0.16531555507014953,0.2507427705932152,-5.102293750280928e-08,-0.7258085209283396,0.20999999999999996,0.44999999999999973,0.3274337614792929
2023-08-18,17.3,4.26,147.65,149.5,147.44,148.97,139.46,8517500.0,0.0022875597120366464,0.15672618242467545,0.16452630999473009,0.24940460799889558,2.843081575926165e-06,-0.7844969170555988,0.09999999999999964,0.41999999999999993,0.538276787306012
2023-08-21,17.13,4.34,149.65,150.1,148.02,149.48,139.93,8327000.0,0.0034235080888769254,0.13629552092065025,0.16455131986420907,0.2492727322195879,-1.4622134876629556e-06,-0.7885509784423399,0.14999999999999947,0.48,0.5659032946528245
2023-08-22,16.97,4.34,149.26,149.64,145.85,146.38,137.03,9673300.0,-0.02073856034252075,0.14987453753511631,0.17072928025170628,0.2473793853808532,1.0722139527963303e-06,-0.767980673353367,0.1299999999999999,0.4299999999999997,0.25744507518866266
2023-08-23,15.98,4.19,146.35,147.59,145.46,147.37,137.96,7858000.0,0.006763219018991684,0.15053703228418197,0.16864313243131768,0.24735736215294582,2.2243544975764083e-06,-0.7050696068943412,-0.08999999999999986,0.3300000000000005,0.5070146515601761
2023-08-24,17.2,4.23,147.5,149.41,146.99,147.23,137.83,6534000.0,-0.0009499898215377112,0.1479535969093644,0.16672693924904988,0.23404756842468247,-4.115925654690766e-07,-0.7137470495303484,-0.0699999999999994,0.22000000000000064,0.6626610638185783
2023-08-25,15.68,4.25,147.28,148.62,145.85,147.05,137.66,6695500.0,-0.0012225769204644577,0.14464559783364092,0.16158386625417273,0.23136510564388,1.3026865626208916e-07,-0.6363073288248169,-0.009999999999999787,0.29000000000000004,0.6237981323237577
2023-08-28,15.08,4.2,147.57,148.61,147.13,147.56,138.14,5094100.0,0.003468208092485492,0.14215293942430093,0.160135811927252,0.22974453389835814,2.0563057207878543e-06,-0.47077483384957214,-0.13999999999999968,0.22999999999999998,0.20190321000364614
2023-08-29,14.45,4.12,147.71,148.85,147.18,148.76,139.26,6337000.0,0.008132285172133269,0.14769302026530645,0.16078946499596783,0.22715917238362682,7.779918347716741e-07,-0.2578766037554322,-0.21999999999999975,0.07000000000000028,0.36001865519982484
2023-08-30,13.88,4.12,148.62,149.15,147.19,148.16,138.7,6277300.0,-0.004033342296316134,0.14427909978893658,0.1601317331202341,0.21611426335527298,2.65613833593803e-06,-0.13400488272377756,-0.07000000000000028,0.040000000000000036,0.6344324807964683
2023-08-31,13.57,4.09,148.26,148.35,145.96,146.33,136.98,10933900.0,-0.012351511879049593,0.14481191715886332,0.16242095365507805,0.2153753217114603,-8.310745640560668e-08,0.01816534760722795,-0.14000000000000057,-0.11000000000000032,0.12178322262103645
2023-09-01,13.09,4.18,146.09,148.08,145.7,146.82,137.44,7903500.0,0.0033485956399916805,0.1466743431886523,0.16249083617078416,0.2077939115215401,-2.6586431611574922e-06,0.04756031704270453,-0.07000000000000028,0.1299999999999999,0.5585197608493502
2023-09-04,13.82,4.2475,146.89249999999998,148.1775,145.1825,145.605,136.3075,7866900.0,-0.008275439313445099,0.14483516194028245,0.16352902465733615,0.20782175013713772,7.048682874599699e-08,0.13559099561492094,0.04749999999999943,0.15749999999999975,0.4509241348878277
2023-09-05,14.01,4.27,147.16,148.21,145.01,145.2,135.93,7854700.0,-0.0027814978881219865,0.1446731913251841,0.16307795385271037,0.20449869587698977,2.7953175735506708e-06,0.18878297994067544,0.14999999999999947,0.25,0.44674617974920056
2023-09-06,14.45,4.3,144.7,145.54,144.11,144.96,135.7,8629200.0,-0.0016528925619833101,0.1399385895142149,0.16290740277540644,0.2007612129749254,-1.408876350716959e-06,0.21460121567718088,0.17999999999999972,0.2999999999999998,0.3564284262443509
2023-09-07,14.4,4.27,144.13,145.27,143.39,143.72,134.54,8373700.0,-0.008554083885209729,0.14122615633459232,0.16234031615839592,0.20117999699595113,5.14365319337351e-07,0.24832006954448305,0.17999999999999972,0.17999999999999972,0.40517866825306176
2023-09-08,13.84,4.26,143.37,144.12,142.65,143.83,134.64,7107900.0,0.0007653771221820538,0.13803710697420193,0.16233079906015568,0.1997598974825301,-2.961139505652799e-06,0.39712711984241367,0.08000000000000007,0.09999999999999964,0.39238733232679823
2023-09-11,13.8,4.29,144.75,145.05,143.69,144.46,135.23,6854200.0,0.004380171035250013,0.13951247940423422,0.1623509618019691,0.19576419332390274,-3.015221471558416e-06,0.6230091254568709,0.042500000000000426,0.09999999999999964,0.33144187370653483
2023-09-12,14.23,4.27,144.5,147.32,144.05,146.34,136.99,8363200.0,0.013013983109511296,0.12492726042129396,0.16440396388923134,0.1965110422937468,-2.434785644722659e-06,0.616470832424633,0.0,0.05999999999999961,0.5987048463598265
2023-09-13,13.48,4.25,147.34,147.7,145.82,146.41,137.06,8325900.0,0.000478338116714383,0.12466627103809136,0.16435293988833813,0.1965090491477696,-4.966567238973152e-07,0.5748318301448699,-0.04999999999999982,-0.03000000000000025,0.5810498837243574
2023-09-14,12.82,4.29,147.84,149.9,147.52,149.25,139.72,10034900.0,0.019397582132367974,0.13962811776889786,0.16357329409580262,0.19818669092280025,-1.4752762515501948e-07,0.3565810786289134,0.020000000000000462,-0.009999999999999787,0.8254742762036812
2023-09-15,13.79,4.33,148.92,149.73,148.31,148.81,139.31,19863400.0,-0.0029480737018425796,0.13984891257236765,0.16325855894891161,0.197648508182977,-7.654952584590368e-08,0.20818988863175555,0.07000000000000028,0.07000000000000028,0.022324482329263578
2023-09-18,14.0,4.32,148.16,149.14,147.75,149.12,139.6,6512400.0,0.0020831933337812636,0.13949206755499896,0.16324840461366244,0.1976232108080862,2.5075581065181485e-06,0.01032620811549698,0.03000000000000025,-0.019999999999999574,0.35351030225801905
2023-09-19,14.11,4.37,149.5,149.72,147.21,148.93,139.42,7943400.0,-0.0012741416309012266,0.11647872201074103,0.16331146138172914,0.1965080091035025,1.0334056344818432e-06,0.022583596002759016,0.10000000000000053,0.03000000000000025,0.5267076165045065
2023-09-20,15.14,4.35,149.65,150.25,148.14,148.3,138.83,7332000.0,-0.004230175250117485,0.11565969090374655,0.16328964991593595,0.19636048526679212,-2.2192385805142044e-07,0.0342973812560755,0.09999999999999964,0.15999999999999925,0.5741972303989208
2023-09-21,17.54,4.49,147.58,148.85,146.63,147.14,137.74,8052400.0,-0.0078219824679705,0.11919432014994297,0.14838052970169002,0.1967777183729199,-2.0855672643371736e-06,0.027727561820809387,0.20000000000000018,0.2599999999999998,0.5219757676439039
2023-09-22,17.2,4.44,147.29,147.51,145.19,145.73,136.42,7071700.0,-0.009582710343890133,0.1239281296107948,0.14705450061683265,0.19740472444822751,-1.5719738263086923e-06,-0.061924444824593666,0.11000000000000032,0.1900000000000004,0.6036207346605218
2023-09-25,16.9,4.55,145.35,146.52,143.7,146.45,137.1,7044700.0,0.004940643656076382,0.12464926854527734,0.14647248742881838,0.19747125441401078,-3.136020421234953e-07,-0.08586410601639978,0.22999999999999954,0.34999999999999964,0.38352206672706507
2023-09-26,18.94,4.56,144.6,145.84,144.23,144.93,135.67,7468400.0,-0.010378968931375798,0.1252628393531986,0.1473814317443336,0.19810510197606873,-1.6907273601818318e-06,-0.2000247205787371,0.1899999999999995,0.4399999999999995,0.5873596204555678
2023-09-27,18.22,4.61,145.19,146.09,144.51,145.78,136.47,6717800.0,0.005864900296694842,0.1272820592232842,0.14719194068235847,0.1982178012246548,-7.18752728501304e-07,-0.1998890847974706,0.2600000000000007,0.4900000000000002,0.349017126438993
2023-09-28,17.34,4.59,146.28,148.87,146.01,147.59,138.16,8868100.0,0.012415969268761096,0.12777655942551813,0.14777691533855739,0.1988555918047943,1.8481559633798382e-07,-0.1503359952131453,0.09999999999999964,0.5,0.5405092723671344
2023-09-29,17.52,4.59,148.6,148.76,144.86,145.02,135.76,11917800.0,-0.017413103868825774,0.1420102354605407,0.15145750329404872,0.1686155748727717,1.8426313674546614e-06,-0.18561494625464678,0.14999999999999947,0.41000000000000014,0.24418116407708187
2023-10-02,17.61,4.69,144.83,145.62,142.63,143.77,134.59,9170600.0,-0.00861950075851603,0.14226259077770856,0.1520616620716403,0.16876133853377567,1.2196676280051832e-07,-0.2743574704313907,0.14000000000000057,0.4425000000000008,0.45776220820201535
2023-10-03,19.78,4.81,143.2,143.59,142.35,142.71,133.6,9431100.0,-0.007372887250469473,0.14411960145107652,0.14916490618223252,0.16835997749546172,3.861835288776483e-07,-0.431206632090865,0.25,0.54,0.4423476956742846
2023-10-04,18.58,4.73,143.19,143.47,141.93,143.35,134.19,8128700.0,0.00448461915773235,0.14529408833029822,0.1490950585206809,0.16846490633191222,-1.0601286473677085e-06,-0.5074353795527031,0.1200000000000001,0.4300000000000006,0.4488747609898888
2023-10-05,18.49,4.72,142.04,143.1,140.83,142.9,134.76,8576200.0,-0.0031391698639692267,0.14256792617765873,0.14876644868767067,0.16847439709142947,0.0003691535814573044,-0.6132446435979882,0.1299999999999999,0.4500000000000002,0.5139324086346386
2023-10-06,17.45,4.78,142.91,145.88,142.14,145.1,136.84,10270600.0,0.015395381385584272,0.15302180482856523,0.15176458076772237,0.16988048509679546,0.00037220129213327846,-0.7192626511804963,0.1900000000000004,0.5200000000000005,0.6155482331136077
2023-10-09,17.7,4.69,143.66,145.4,143.5,144.77,136.52,6964900.0,-0.00227429359062703,0.1525969407663731,0.14288018721492757,0.16991523507529668,0.00036888994844749834,-0.8187450917771045,0.0,0.40000000000000036,0.6604255386292437
2023-10-10,17.03,4.66,145.42,146.77,145.28,145.65,137.35,11288800.0,0.006078607446294182,0.1467156195300337,0.14349411261886066,0.16703321602072657,0.000368900554379753,-0.8415476759305772,-0.14999999999999947,0.39000000000000057,0.6807293467086546
2023-10-11,16.09,4.58,146.51,147.23,145.02,146.15,137.83,8698200.0,0.00343288705801581,0.14726946893606718,0.14343972448409276,0.16493926371486542,0.0003703500761081002,-0.8893545520420288,-0.15000000000000036,0.33000000000000007,0.468765138276837
2023-10-12,16.69,4.7,146.3,146.96,145.13,145.81,137.5,10484400.0,-0.002326377009921332,0.12817542359511105,0.140809719619345,0.1639368601529713,0.0003664589852233946,-0.8765763350651095,-0.019999999999999574,0.41000000000000014,0.3845279276362756
2023-10-13,19.32,4.63,148.5,153.11,147.84,148.0,139.57,24494500.0,0.015019545984500393,0.14011485981130276,0.14392977842918347,0.16485559259365726,0.0003674993786605185,-0.7053104897180801,-0.15000000000000036,0.2999999999999998,0.9802270118127159
2023-10-16,17.21,4.71,149.45,149.52,146.72,147.85,139.43,12663500.0,-0.001013513513513531,0.13986602334773707,0.13750193428214386,0.1620458315505892,0.0003680966331900848,-0.6222731288775897,0.019999999999999574,0.3899999999999997,0.3145974512443287
2023-10-17,17.88,4.83,147.57,149.31,146.79,147.53,139.13,11482700.0,-0.0021643557659789536,0.13997625195506255,0.13687582786573563,0.16027291884408051,0.00036949874374938576,-0.4862137030592738,0.16999999999999993,0.45999999999999996,0.3940633201073412
2023-10-18,19.22,4.91,146.59,147.48,145.37,145.91,137.6,9620300.0,-0.010980817460855441,0.14438527790069675,0.13760027011418904,0.15801478844539552,0.0003687676781324534,-0.3350670976241414,0.33000000000000007,0.5600000000000005,0.5194861802629086
2023-10-19,21.4,4.98,145.48,147.02,144.88,145.29,137.01,11143600.0,-0.004249194709067261,0.14261791448528785,0.13623979886387377,0.15679192742408923,0.0003683085362639449,-0.274418987821565,0.28000000000000025,0.4900000000000002,0.43082566151868423
2023-10-20,21.71,4.93,144.57,145.14,142.12,142.95,134.81,13332900.0,-0.016105719595292167,0.14977083844504435,0.1388596449068615,0.15623835799556088,0.00037080150121227007,-0.40456528102268074,0.2999999999999998,0.4899999999999993,0.31688986247438683
2023-10-23,20.37,4.86,142.94,143.68,140.73,141.0,132.97,10133400.0,-0.01364113326337868,0.15457355530729283,0.1399754284828144,0.1575310127329502,0.00036822355200726297,-0.4699725144547961,0.15000000000000036,0.3100000000000005,0.5272456710057312
2023-10-24,18.97,4.83,141.19,141.73,140.36,141.17,133.13,8881400.0,0.0012056737588652666,0.15153488621711073,0.13996335053543107,0.1573598205783426,0.00037069958922507086,-0.46000210367600974,0.0,0.27000000000000046,0.3852131389160132
2023-10-25,20.19,4.95,140.57,141.18,139.51,140.4,132.4,8242600.0,-0.005454416660763517,0.14978271030657428,0.13876012693232365,0.15758293312343385,0.00036766560199283924,-0.5093631563881476,0.040000000000000036,0.33999999999999986,0.6621882084137461
2023-10-26,20.68,4.86,139.76,141.67,139.43,140.76,132.74,9109400.0,0.002564102564102555,0.14118520971815302,0.13810079216710794,0.15753671202111666,0.00036945372714727864,-0.537523309535352,-0.1200000000000001,0.27000000000000046,0.39205258993925446
2023-10-27,21.27,4.84,138.95,139.1,135.19,135.69,127.96,17434700.0,-0.03601875532821819,0.17815657289486128,0.154972054051232,0.16477964986796068,0.00036776094961405434,-0.6020064380637233,-0.08999999999999986,0.25,0.16175615432187002
2023-10-30,19.75,4.88,136.44,138.04,136.04,137.42,129.59,9855500.0,0.012749649937357166,0.18562016190580313,0.15737128779865128,0.16535746550105498,0.0003671352072937617,-0.5967408756759418,0.019999999999999574,0.1899999999999995,0.4266182270327493
2023-10-31,18.14,4.88,137.71,139.24,137.47,139.06,131.14,9672500.0,0.011934216271285214,0.19104328748943256,0.1598087749850371,0.16591511866778855,0.00036758157408130486,-0.5351383972587135,0.04999999999999982,0.07000000000000028,0.41436256588515913
2023-11-01,16.87,4.77,139.25,140.53,138.47,138.94,131.03,9432000.0,-0.0008629368617862898,0.18986288497175335,0.1579916620389441,0.15986142089423516,0.0003721968422670363,-0.42464540943467577,-0.1800000000000006,0.03999999999999915,0.605543110192284
2023-11-02,15.66,4.67,140.09,141.48,139.23,141.42,133.36,10186200.0,0.017849431409241223,0.20169709436298097,0.1629641754283421,0.1615649554044872,-1.6134041438631287e-06,-0.35126851938248504,-0.1900000000000004,-0.04999999999999982,0.4361209928375573
2023-11-03,14.91,4.57,142.19,143.77,141.85,143.0,134.85,9538700.0,0.011172394286522502,0.1978185788002341,0.16433361508089045,0.1623077160972501,-3.538419773518875e-06,-0.3076854067886545,-0.2699999999999996,-0.20999999999999996,0.397674607464021
2023-11-06,14.89,4.67,143.17,144.19,142.79,144.08,135.87,7625100.0,0.00755244755244755,0.19981645302045284,0.1651855726758525,0.16216351926625974,2.5039943233884364e-07,-0.30537782136773634,-0.20999999999999996,-0.020000000000000462,0.2828115897164935
2023-11-07,14.81,4.58,143.51,144.26,142.82,144.01,135.81,6297900.0,-0.0004858411993338141,0.19845083509950978,0.15721884743903855,0.16139405009115543,2.4095421279290986e-06,-0.29481177637639466,-0.2999999999999998,-0.08000000000000007,0.7626211392675956
2023-11-08,14.45,4.49,144.11,144.84,143.62,144.72,136.48,7618200.0,0.004930213179640264,0.19891415093680428,0.15746525086475188,0.16090154760593253,-5.148957376743812e-07,-0.2864497950435241,-0.27999999999999936,-0.08999999999999986,0.30750436077095794
2023-11-09,15.29,4.62,145.44,145.65,143.7,144.29,136.07,7992500.0,-0.002971254836926507,0.19900943223690704,0.1562189903077396,0.16096229947122534,1.2395460714853534e-06,-0.2828046487616817,-0.04999999999999982,-0.08000000000000007,0.6633658687554461
2023-11-10,14.17,4.61,144.94,146.48,144.08,146.43,138.09,7983300.0,0.014831242636357489,0.19881634245676308,0.15924233122380885,0.1617884495317302,2.0807406896361514e-07,-0.4072264458933774,0.040000000000000036,-0.019999999999999574,0.3141243443242084
2023-11-13,14.76,4.63,145.7,146.25,145.16,145.78,137.48,6676300.0,-0.004438981083111471,0.19931449401357335,0.15928562789159903,0.16191955966243887,7.693303535449836e-07,-0.4518234834779698,-0.040000000000000036,-0.08000000000000007,0.7655169694526861
2023-11-14,14.16,4.44,146.68,149.25,146.52,148.44,139.98,9927700.0,0.018246673069008068,0.21010563355655276,0.1580231447433523,0.16393769462772884,-2.9237291234884834e-06,-0.5467419678595486,-0.13999999999999968,-0.3899999999999997,0.5400549275115178
2023-11-15,14.18,4.53,148.46,150.16,148.46,149.74,141.21,8365300.0,0.008757747237941427,0.2076032420977469,0.15842491083501678,0.16316709452585382,-6.617692316079893e-07,-0.6355745770193897,0.040000000000000036,-0.3799999999999999,0.3892677940968006
2023-11-16,14.32,4.45,150.09,151.53,150.09,151.45,142.82,8126200.0,0.01141979431013751,0.20941255272706047,0.1600232015459341,0.16280727182088178,3.6984195571077015e-07,-0.7408809612711186,-0.16999999999999993,-0.5300000000000002,0.38004630057288397
2023-11-17,13.8,4.44,152.2,152.86,151.54,152.82,144.12,7812400.0,0.009045889732585133,0.19908981395842645,0.16092643253329786,0.16057944012430214,7.038025250649671e-07,-0.8037242699781654,-0.16999999999999993,-0.4899999999999993,0.36752116779986743
2023-11-20,13.41,4.42,152.08,153.75,151.92,153.29,144.56,7019000.0,0.003075513676220387,0.18866013835789588,0.16089951126998958,0.1598665571793196,-2.7241934730248828e-08,-0.8210346015707688,-0.20999999999999996,-0.4400000000000004,0.3071385855482297
2023-11-21,13.35,4.41,153.2,153.63,152.57,152.97,144.26,7083500.0,-0.0020875464805271138,0.18972530357854347,0.1602411754049929,0.1599174754773334,7.078205663813009e-07,-0.8284722640584089,-0.03000000000000025,-0.41999999999999993,0.6759309927631717
2023-11-22,12.85,4.42,153.41,153.88,152.9,153.33,144.6,5174500.0,0.00235340262796635,0.18651258292947262,0.1600011835872538,0.1594093260384467,2.335278312998179e-06,-0.8457910079919722,-0.11000000000000032,-0.5300000000000002,0.19694123733826785
2023-11-23,12.8,4.445,153.5,154.16,153.09,153.435,144.695,4335700.0,0.0006847974955976888,0.18688765868920126,0.15770038536886946,0.15940781333899243,7.524264328873098e-07,-0.8846163855797217,-0.004999999999999893,-0.41500000000000004,0.1768077383980486
2023-11-24,12.46,4.47,153.59,154.44,153.28,153.54,144.79,3496900.0,0.0006843288689020177,0.11207947892974754,0.15761381032073743,0.15939789687691136,-1.0767801872701987e-06,-0.8927648461468378,0.02999999999999936,-0.3700000000000001,0.09454037717655392
2023-11-27,12.69,4.39,153.43,153.53,152.71,153.19,144.46,6259100.0,-0.002279536277191574,0.11316141126200005,0.15661588429797624,0.1594543910948212,-5.004691139509631e-07,-0.9127743210187022,-0.03000000000000025,-0.4900000000000002,0.6679242783625648
2023-11-28,12.69,4.34,153.22,153.87,152.72,153.54,144.79,6582700.0,0.0022847444350153623,0.11101468765361851,0.15645202542182327,0.15918870497757498,-1.8326625988440703e-06,-0.9325006413858123,-0.07000000000000028,-0.54,0.3890404749523174
2023-11-29,12.98,4.27,154.17,155.63,154.0,154.32,145.53,9126100.0,0.005080109417741285,0.10884340627957231,0.1565766588736806,0.15918136369030356,-1.5113664531440918e-06,-0.922235991229317,-0.15000000000000036,-0.5,0.7336714527443967
2023-11-30,12.92,4.37,154.91,156.13,154.38,156.08,147.19,9869800.0,0.01140487299118731,0.1011056260943331,0.15666791953735348,0.15919497046987902,1.8764068588694726e-06,-0.9076773886539443,-0.07500000000000018,-0.2999999999999998,0.8132429826915163
2023-12-01,12.63,4.22,155.82,157.86,155.82,156.84,147.91,8916000.0,0.004869297796002092,0.09841109666187936,0.15681990572335297,0.15930457710089999,2.9695847163502265e-06,-0.9076281816378613,-0.25,-0.35000000000000053,0.7218841061586235
2023-12-04,13.08,4.28,156.02,158.05,155.88,157.99,148.99,9607500.0,0.007332313185411943,0.098327991060412,0.15716841239544896,0.1594385396986629,8.806251178217206e-07,-0.8772470248998941,-0.10999999999999943,-0.3899999999999997,0.7772952495243951
2023-12-05,12.85,4.18,157.26,158.5,156.97,157.97,148.97,9135600.0,-0.0001265902905247529,0.09808772813946964,0.1553684493367567,0.15941396980378889,-1.7149745087152723e-06,-0.8586353768859832,-0.16000000000000014,-0.40000000000000036,0.29104560033667154
2023-12-06,12.97,4.12,158.84,159.22,156.0,156.31,147.41,9366000.0,-0.010508324365385846,0.11185537368888336,0.15724364279835043,0.16023527407694185,-3.1481308349068374e-08,-0.8519661327228761,-0.14999999999999947,-0.3700000000000001,0.2795856433589692
2023-12-07,13.06,4.14,156.69,157.31,156.15,156.79,147.86,8130900.0,0.0030708208048109142,0.1089635808416655,0.15263908778731497,0.15755291767018142,7.130680803379974e-07,-0.7919653401396038,-0.23000000000000043,-0.4800000000000004,0.5656338693206299
2023-12-08,12.35,4.23,157.26,158.78,156.98,158.52,149.49,7369400.0,0.011033866955800775,0.10479674358624372,0.15383123968115683,0.157949385162534,-4.70392002149822e-07,-0.794493307746892,0.010000000000000675,-0.3799999999999999,0.46579154411084955
2023-12-11,12.63,4.23,158.52,159.3,158.15,159.1,150.04,8093900.0,0.0036588443098661827,0.0999844989923418,0.15390810587424372,0.15798012740063727,-5.409368167175188e-07,-0.7126053261930781,-0.04999999999999982,-0.39999999999999947,0.5555566737498633
2023-12-12,12.07,4.2,159.23,160.65,158.88,160.52,151.38,10223000.0,0.008925204274041532,0.08756675735552034,0.1546461728244181,0.15837100868766127,2.798649221985583e-06,-0.7001922829291609,0.020000000000000462,-0.2400000000000002,0.798283004673255
2023-12-13,12.19,4.04,160.52,162.03,159.77,161.06,151.89,12379100.0,0.0033640667829553106,0.08569909704753764,0.1542696312350971,0.1581866393260848,1.5963083783876452e-06,-0.6671180788436297,-0.08000000000000007,-0.4900000000000002,0.8932197401969048
2023-12-14,12.48,3.92,161.83,164.84,161.71,163.99,154.65,13643000.0,0.018191978144790788,0.09651636648339172,0.15680204003127507,0.1524087904025053,1.4747669344949975e-06,-0.6045638938911483,-0.21999999999999975,-0.5300000000000002,0.9014934632239158
2023-12-15,12.28,3.91,163.08,165.28,162.39,165.23,155.82,20309300.0,0.007561436672967714,0.0956273826573838,0.1553898645365781,0.15154101556810767,-1.1235884128435457e-06,-0.6242832504427858,-0.3200000000000003,-0.5300000000000002,0.9585653258285708
2023-12-18,12.56,3.95,165.92,167.13,165.63,166.23,156.76,8469600.0,0.006052169702838395,0.09585860733181809,0.15549201565119167,0.1513753311116444,-9.744365981667612e-07,-0.5647509264629781,-0.28000000000000025,-0.46999999999999975,0.47193216225168577
2023-12-19,12.53,3.93,166.0,168.47,165.55,168.45,158.86,10345700.0,0.013354990073993767,0.09832702338179844,0.15492321551344856,0.15197571073007568,4.471178055687197e-07,-0.49406100885523546,-0.27,-0.48,0.5889179403582819
2023-12-20,13.67,3.86,167.99,169.41,166.45,166.55,157.06,10734700.0,-0.011279311368358469,0.11363374571573809,0.1573250932514547,0.15262003497908114,-2.3254639412939594e-06,-0.1143220051242975,-0.18000000000000016,-0.56,0.40102748247534525
2023-12-21,13.65,3.89,166.84,168.09,165.68,167.5,157.96,7601700.0,0.005703992794956481,0.11298802882930022,0.15607280171042515,0.15188746836575293,3.718293183185839e-07,0.10583786415125701,-0.029999999999999805,-0.5550000000000002,0.3633975794907659
2023-12-22,13.03,3.9,167.5,168.23,167.23,167.4,157.86,6576300.0,-0.0005970149253731183,0.11363942803717662,0.15078087098802445,0.15161147839127073,-4.426284324621221e-08,0.10860544217972556,-0.010000000000000231,-0.5699999999999998,0.7267131906521455
2023-12-25,13.0,3.8925,167.47,168.635,167.1925,168.14249999999998,158.565,5156775.0,0.004435483870967705,0.11090678875783576,0.1490550275300557,0.15154989930403734,1.4552252424970825e-06,0.1337155183813927,-0.05750000000000011,-0.4974999999999996,0.20062293993850197
2023-12-26,12.99,3.89,167.46,168.77,167.18,168.39,158.8,4683600.0,0.0014719657433426292,0.11117783411401627,0.14760813426902508,0.15008922478605446,1.9770110261996265e-06,0.15029437822213235,-0.040000000000000036,-0.44999999999999973,0.1905372901021079
2023-12-27,12.43,3.79,167.84,169.47,167.58,169.4,159.75,6428600.0,0.005997980877724407,0.1112726297568898,0.14771426038197258,0.15015293423273485,-3.2826060369917087e-07,0.12684498287167548,-0.06999999999999984,-0.47999999999999954,0.2968485466912735
2023-12-28,12.47,3.84,169.35,170.66,169.0,170.3,160.6,6320100.0,0.005312868949232552,0.10846684608822638,0.1472704776807486,0.15017798784363842,-1.764699126827196e-08,0.10116358555204168,-0.050000000000000266,-0.5300000000000002,0.304396052840918
2023-12-29,12.45,3.88,170.0,170.69,169.63,170.1,160.41,6435100.0,-0.0011743981209630938,0.11022094508281759,0.1452000034904035,0.15004559958630798,-1.5629567940822487e-06,0.03677536957630807,-0.020000000000000018,-0.33999999999999986,0.6782198730235696
2024-01-01,13.0125,3.9325,169.3175,171.79999999999998,169.09,171.585,161.8125,9091825.0,0.008730158730158921,0.11087620796848602,0.14534300275637102,0.14667167761642236,6.021335510864035e-07,0.13754378107683943,0.040000000000000036,-0.34750000000000014,0.5047864781578673
2024-01-02,13.2,3.95,169.09,172.17,168.91,172.08,162.28,9977400.0,0.0028848675583530436,0.10984286640766557,0.14518987488346793,0.1466926789545584,1.1978533817236236e-06,0.2275032326505779,0.06000000000000005,-0.22999999999999954,0.5644637007017316
2024-01-03,14.04,3.91,171.86,172.04,170.37,171.33,161.57,9852300.0,-0.004358437935843784,0.10062156492627254,0.14592656773117335,0.14683600306783914,-1.481812245002212e-06,0.39254456888688316,0.1200000000000001,-0.20999999999999996,0.4460821769332664
2024-01-04,14.13,3.99,170.64,173.35,170.54,171.41,162.64,11972500.0,0.0004669351543802325,0.10157230089554735,0.14562804155227574,0.1458889143554786,0.0003070563736669196,0.5529990178168728,0.15000000000000036,-0.14999999999999947,0.6801274531271534
2024-01-05,13.35,4.05,171.47,173.38,171.47,172.27,163.46,10066000.0,0.00501721019777146,0.09863142143623534,0.14345246552016444,0.1454815888722698,0.00030877108353487005,0.5510206999272437,0.16999999999999993,-0.1800000000000006,0.5456369313046696
2024-01-08,13.08,4.01,172.02,172.36,169.49,172.02,163.22,11229900.0,-0.0014512103093979878,0.10064114440909204,0.14350201982041755,0.14291186586914095,0.0003069050334201684,0.5739348631384698,0.07749999999999968,-0.22000000000000064,0.38543225811684906
2024-01-09,12.76,4.02,171.62,171.79,170.1,170.66,161.93,9923600.0,-0.007906057435182023,0.10708940053602316,0.14478729410351251,0.14296655964331137,0.00030675195512334106,0.47629284223326546,0.0699999999999994,-0.1800000000000006,0.4743719493728411
2024-01-10,12.69,4.04,170.0,171.08,168.95,171.02,162.27,9670200.0,0.002109457400679693,0.10713924520007839,0.1420520843158261,0.14277524901516883,0.0003060176592248054,0.3445813310755012,0.1299999999999999,0.0,0.5176346857552441
2024-01-11,12.44,3.98,170.33,170.36,168.64,170.3,161.59,11919500.0,-0.004210033914162081,0.0937550328093415,0.14204393647276983,0.14192703664320994,0.000308024108165833,0.24890590226357567,-0.010000000000000231,0.06000000000000005,0.31849651586795896
2024-01-12,12.7,3.96,173.8,176.31,168.9,169.05,160.4,19436500.0,-0.007339988256018781,0.09670805099375235,0.13817291312838553,0.1422251529746551,0.0003065984977281944,0.1355849903967364,-0.08999999999999986,0.04999999999999982,0.04215999060910648
2024-01-15,13.25,4.0425,167.10250000000002,170.145,165.45000000000002,168.255,159.65,17763925.0,-0.004702750665483646,0.0970283311540213,0.13479307442944685,0.14216053164372308,0.00030892438522240326,0.03459471101804954,0.03250000000000064,0.09250000000000025,0.10574200312195647
2024-01-16,13.84,4.07,164.87,168.09,164.3,167.99,159.4,17206400.0,-0.0015749903420402278,0.08474007509464845,0.13507005849666237,0.14196820101995808,0.00030734132429658946,-0.0845940175575315,0.05000000000000071,0.14000000000000012,0.15039951405537566
2024-01-17,14.79,4.1,167.34,169.07,166.49,167.09,158.54,11107500.0,-0.005357461753675796,0.07661774671378331,0.13504446881845558,0.14116842689684742,0.0003080429684455321,-0.2024957959117594,0.05999999999999961,0.23999999999999977,0.44023300519445235
2024-01-18,14.13,4.14,167.12,167.53,165.24,167.42,158.86,9382300.0,0.0019749835418036987,0.07415101461608214,0.13505688036643107,0.14095612290042075,0.0003089028045157649,-0.2473406995752819,0.1599999999999997,0.24999999999999956,0.44931222072945226
2024-01-19,13.3,4.15,167.55,170.57,167.08,170.31,161.6,13115700.0,0.017261975869071966,0.09612825568047892,0.11151605276725317,0.14294604931775254,0.0003100144363475554,-0.2793173852442777,0.1900000000000004,0.25000000000000044,0.6549588077580686
2024-01-22,13.19,4.11,170.46,171.98,169.71,170.11,161.41,12837500.0,-0.0011743291644646936,0.09543581700181633,0.11039856959705754,0.14285502215705756,0.0003084254844547774,-0.30934485096138853,0.0674999999999999,0.21750000000000025,0.37792684457271375
2024-01-23,12.55,4.14,169.67,169.75,168.44,168.99,160.35,8360800.0,-0.006583975074951565,0.09868713670764159,0.11093980006767709,0.14295303168657528,0.00030877038612079353,-0.2907692473295386,0.0699999999999994,0.24999999999999956,0.6812675046084024
2024-01-24,13.14,4.18,169.36,171.01,168.86,170.5,161.78,9967100.0,0.008935439966861969,0.10148867608444216,0.11119471116327537,0.14194235592415466,0.00030868171022226944,-0.3322618732792849,0.08000000000000007,0.3899999999999997,0.4059913112684218
2024-01-25,13.45,4.14,172.31,172.99,170.91,172.94,164.09,8873500.0,0.014310850439882783,0.1118316376760284,0.10945926203098671,0.14321994042255812,0.0003066992630673837,-0.28846571855511566,0.0,0.2999999999999998,0.31709008771080693
2024-01-26,13.26,4.15,172.61,173.06,171.78,172.28,163.47,7443000.0,-0.0038163524921938086,0.11283675782576347,0.10921304293064676,0.14322017680527055,0.0003090372194195612,-0.30567245991959197,0.0,0.27000000000000046,0.7760154930002767
2024-01-29,13.6,4.08,172.24,172.84,171.3,172.73,163.9,6971200.0,0.002612026932899969,0.10906046645591147,0.10882771364505599,0.14323126496565394,0.00030930864008613666,-0.24734911609538113,-0.03000000000000025,0.14749999999999996,0.21259358215711968
2024-01-30,13.31,4.06,172.83,176.76,172.83,176.27,167.25,10822100.0,0.02049441324610668,0.13031953700962362,0.1142735492079022,0.14074442578355084,0.00030639461352766073,-0.20171147242022205,-0.08000000000000007,0.10999999999999943,0.457068671365975
2024-01-31,14.35,3.99,176.2,178.3,174.34,174.36,165.44,11521800.0,-0.010835649855335583,0.1359151098729367,0.11788262086236102,0.14161961070844487,0.0003079178515715153,-0.06734252382400585,-0.1899999999999995,0.08000000000000007,0.49681322309319503
2024-02-01,13.88,3.87,173.64,174.84,171.43,173.73,164.84,9354800.0,-0.003613214039917545,0.13686049680196885,0.11803194870438359,0.14077519245765782,-3.939374081551872e-07,-0.028481778393572948,-0.2699999999999996,-0.1200000000000001,0.6447417928717034
2024-02-02,13.85,4.03,173.3,175.82,173.26,174.73,165.79,8607600.0,0.005756058251309426,0.1371938015883565,0.11562894467566197,0.14091428124417668,-1.2645257862875515e-06,0.034199094639702346,-0.1200000000000001,-0.019999999999999574,0.3128197599037706
2024-02-05,13.67,4.17,173.86,175.09,172.92,174.5,165.58,7820200.0,-0.0013163166027584383,0.13716600106832752,0.11494883017438168,0.14093535126770498,2.0746227176182686e-06,0.07195470445640711,0.08999999999999986,0.16000000000000014,0.7200434401778795
2024-02-06,13.06,4.09,174.61,175.87,173.76,175.1,166.14,6764800.0,0.0034383954154726393,0.13353235312501932,0.1104943850980466,0.13722450912527046,-8.646990404148624e-07,0.015582333306529215,0.03000000000000025,0.07000000000000028,0.2385367916517537
2024-02-07,12.83,4.09,175.69,175.87,173.96,175.43,166.46,7225500.0,0.001884637350085816,0.1335170729130786,0.10980197314804523,0.1370125571577074,1.692061916230836e-06,-0.06523714101934575,0.09999999999999964,0.04999999999999982,0.27375615429345623
2024-02-08,12.79,4.15,175.0,175.31,173.57,174.8,165.86,6060300.0,-0.003591175967622373,0.1331955839113216,0.10899702601492975,0.13716555638024777,4.6503436418321445e-08,-0.1705886986729648,0.28000000000000025,0.17000000000000037,0.7628186075681506
2024-02-09,12.93,4.17,175.0,175.1,173.67,175.01,166.06,6296700.0,0.0012013729977116139,0.1292055973182503,0.10814116879904037,0.1371098161367804,1.4948349755683487e-06,-0.2923762906690426,0.13999999999999968,0.20999999999999996,0.2534294085188048
2024-02-12,13.93,4.17,174.78,176.81,173.7,175.79,166.8,8539300.0,0.004456888177818419,0.12719939791118914,0.10822132509921692,0.13714752413482925,1.0823217336253244e-07,-0.2717408087854878,0.0,0.1274999999999995,0.4211654201014242
2024-02-13,15.85,4.31,175.32,176.23,172.62,174.26,165.35,8397600.0,-0.008703566755788206,0.13243183271159695,0.11020035351717593,0.13759195683506004,1.849515946117375e-07,-0.08866442117847367,0.21999999999999975,0.23999999999999932,0.5696347861930056
2024-02-14,14.38,4.27,175.07,176.1,174.42,176.03,167.03,7056700.0,0.010157236313554474,0.13265736233166017,0.11140140933703292,0.13795102440765908,2.233608285756583e-06,0.16454657069436268,0.17999999999999972,0.16999999999999993,0.3007833305889448
2024-02-15,14.01,4.24,176.15,180.21,176.15,179.87,170.67,8723400.0,0.02181446344373117,0.14901715836214968,0.11827450613041611,0.1395748004199413,-1.0089382978584193e-06,0.3371753661767843,0.08999999999999986,0.10000000000000053,0.4982017906101326
2024-02-16,14.24,4.3,179.61,179.98,178.16,179.03,169.87,8152600.0,-0.004670039472952747,0.14261390065082755,0.11916605309152027,0.13986488924561374,-1.1891797735197328e-06,0.37469587717235336,0.1299999999999999,0.14999999999999947,0.5480981811430893
2024-02-19,14.71,4.2775,179.29500000000002,180.34,178.3475,179.555,170.3725,9289150.0,0.0029324694185333122,0.14193954534282338,0.11873416935688384,0.1391143575856816,1.615724910919436e-07,0.43330819618389355,0.10749999999999993,0.16749999999999954,0.6638951872414306
2024-02-20,15.42,4.27,179.19,180.46,178.41,179.73,170.54,9668000.0,0.00097463172843959,0.1378281092776793,0.1187830307801555,0.13895959286109216,-2.6141113723121554e-07,0.4450917225189909,-0.040000000000000036,0.1299999999999999,0.706763313708479
2024-02-21,15.34,4.32,179.95,180.99,178.52,180.9,171.65,7024000.0,0.006509764646970506,0.13673553839487151,0.1189436865813406,0.13903134335319678,5.522139464642084e-07,0.5078955178013128,0.05000000000000071,0.14000000000000057,0.30274125345623604
2024-02-22,14.54,4.33,181.82,183.42,181.24,183.07,173.71,9296500.0,0.01199557766721937,0.1344227538812861,0.11913477266416289,0.13895295495389337,2.415582508530356e-06,0.4913039422104612,0.08999999999999986,0.1900000000000004,0.6717152009425065
2024-02-23,13.75,4.26,183.81,185.2,183.19,183.99,174.58,7105800.0,0.005025400120172607,0.13222325057703588,0.1191474012310201,0.1390062397404228,-3.3697515884889563e-07,0.35652640781109346,-0.040000000000000036,0.10999999999999943,0.3169998576997823
2024-02-26,13.74,4.28,183.75,184.46,182.48,183.36,173.98,7145400.0,-0.0034240991358225337,0.13437415059163488,0.119397116808983,0.139194162285099,-1.8940503067610415e-06,0.2764296883052819,0.002500000000000391,0.20000000000000018,0.6792567451313488
2024-02-27,13.43,4.31,183.31,183.54,182.24,183.45,174.07,5717100.0,0.0004908376963348449,0.11759351971148649,0.11934551474557568,0.13828096817026458,2.1291581638660516e-06,0.18321324391867075,0.040000000000000036,0.25,0.17042147396455734
2024-02-28,13.84,4.27,183.43,185.2,182.96,184.38,174.95,6131600.0,0.005069501226492301,0.1076572215484535,0.11631188415811862,0.13833944931264874,7.45743709740232e-07,0.17609623300785404,-0.05000000000000071,0.27999999999999936,0.2153797793235232
2024-02-29,13.4,4.25,185.66,186.43,183.85,186.06,176.54,9643000.0,0.009111617312072884,0.10704666786595185,0.11703241577333678,0.13638321503002043,2.67312145219023e-07,0.08856642266731193,-0.08000000000000007,0.3799999999999999,0.8217764305953364
2024-03-01,13.11,4.19,185.7,186.44,185.1,185.29,175.81,6311800.0,-0.004138449962377777,0.10994897755494369,0.11664928432005572,0.13648324063806117,8.523984444952503e-08,0.0011410461691511874,-0.0699999999999994,0.16000000000000014,0.7366650001512676
2024-03-04,13.49,4.22,184.71,187.59,184.27,186.68,177.13,7063600.0,0.007501754007231964,0.10985459491957787,0.11705912759091036,0.13672720735806349,-2.085528222250943e-06,-0.06297682178162035,-0.0600000000000005,0.04999999999999982,0.3999968566742194
2024-03-05,14.46,4.13,186.36,189.3,186.36,188.55,178.91,6617800.0,0.01001714163274059,0.11233759138245288,0.11732844984712745,0.13714868976653588,2.3049261817953416e-06,-0.0735682640267847,-0.17999999999999972,0.040000000000000036,0.3216533256430555
2024-03-06,14.5,4.11,189.25,190.07,187.63,189.53,179.84,7572900.0,0.005197560328825235,0.11223094613634617,0.11743204701915078,0.13692136863820642,2.6541900297605283e-07,-0.11636477759093738,-0.15999999999999925,0.020000000000000462,0.4965250960460317
2024-03-07,14.44,4.09,189.91,190.5,186.63,187.87,178.26,7618300.0,-0.008758507887933309,0.1181463164142212,0.1152573348568133,0.13707148464616234,-4.334352150359155e-07,-0.237938366480981,-0.16000000000000014,-0.0600000000000005,0.5102467543017539
2024-03-08,14.74,4.09,188.44,190.46,187.92,188.22,178.59,6172200.0,0.0018629903656783853,0.11798857040945114,0.11473549176242188,0.136009408233679,-1.2433275058121307e-06,-0.3683708371218816,-0.10000000000000053,-0.08000000000000007,0.23008937365262383
2024-03-11,15.22,4.1,187.28,188.44,186.22,188.29,178.66,5762600.0,0.0003719052172987958,0.11851758823131447,0.11451108122718787,0.1359735195558514,-2.0777069231758816e-07,-0.33458780347806805,-0.1200000000000001,-0.07000000000000028,0.20257015277125245
2024-03-12,13.84,4.16,188.95,190.16,187.91,189.84,180.13,5708400.0,0.008231982580062747,0.11042111808179338,0.11283025004116594,0.13501835993831562,-9.39971562941011e-07,-0.16542200238978416,0.03000000000000025,-0.14999999999999947,0.2201381659346689
2024-03-13,13.75,4.19,190.36,191.73,189.84,191.38,181.59,7795500.0,0.008112094395280156,0.10921772347011806,0.11003233669422628,0.13518360359465553,-1.4290409721395836e-06,-0.20713344508377884,0.08000000000000007,-0.07999999999999918,0.5690527039021581
2024-03-14,14.4,4.29,191.03,191.63,187.1,187.97,178.36,10310900.0,-0.01781795380917539,0.11495036059663047,0.11728350182639417,0.13747616608127483,1.2053799521571928e-06,-0.22590780200962052,0.20000000000000018,0.04999999999999982,0.12658121744200365
2024-03-15,14.41,4.31,186.48,190.94,186.48,190.3,180.57,17214200.0,0.01239559504176202,0.11730164582795731,0.11908693485650579,0.13530665793046198,1.834693813673738e-06,-0.2136449610131875,0.21999999999999975,0.009999999999999787,0.9718295314209852
2024-03-18,14.33,4.34,190.63,192.7,189.89,192.66,182.81,9013800.0,0.012401471361008776,0.12186707755311349,0.12084121063295426,0.1351421720580872,7.369386503697228e-07,-0.12675283174293694,0.2400000000000002,0.0625,0.6011007787304137
2024-03-19,13.82,4.3,192.71,193.93,192.38,193.79,183.88,8478700.0,0.00586525485310907,0.121729216859764,0.12104793889801407,0.13445854830519668,-2.936707632406055e-07,0.02673386660829357,0.13999999999999968,0.03000000000000025,0.5572716502127134
2024-03-20,13.04,4.27,194.19,196.56,193.61,196.33,186.29,9367000.0,0.013106971463956008,0.1258587060962652,0.12282105667263815,0.13529400031221195,-2.721188506527028e-07,0.017945125088629277,0.07999999999999918,-0.05000000000000071,0.6286939469962963
2024-03-21,12.92,4.27,196.52,199.43,196.33,199.06,188.88,11203800.0,0.013905159680130286,0.1276116647270824,0.12490872289926495,0.13599954928454033,-6.520035088108944e-07,-0.1499413744145593,-0.020000000000000462,-0.0600000000000005,0.7615253543545039
2024-03-22,13.06,4.22,199.01,200.48,196.54,196.62,186.56,8108800.0,-0.01225761077062193,0.14029286491680942,0.12836946201646146,0.1364802380334289,-1.0853435922053567e-06,-0.2716730415335727,-0.08999999999999986,-0.040000000000000036,0.503665012918933
2024-03-25,13.19,4.25,196.6,196.94,194.36,194.82,184.86,8620000.0,-0.009154714678059284,0.1453529508278023,0.1298562698397371,0.13735899588713218,1.6906839682362396e-06,-0.35146639436755334,-0.08999999999999986,-0.03000000000000025,0.4625730676441947
2024-03-26,13.24,4.24,194.59,196.66,194.06,195.73,185.72,5961500.0,0.004670978338979559,0.1451241705122384,0.1299509004353079,0.13729678615883212,-5.679081011122911e-07,-0.47634633527995274,-0.05999999999999961,-0.0699999999999994,0.29750129860911334
2024-03-27,12.78,4.2,196.5,199.6,196.38,199.52,189.32,8725800.0,0.019363408777397506,0.15592345381252068,0.13388592247392217,0.1394492489422161,1.142666679110338e-06,-0.5814660835776628,-0.0699999999999994,-0.0699999999999994,0.5347865749390992
2024-03-28,13.01,4.2,199.49,200.72,198.54,200.3,190.06,8628300.0,0.003909382518043403,0.15475031070457484,0.1338400837613655,0.1392720409100011,2.264763186571317e-06,-0.6803066946306091,-0.0699999999999994,-0.04999999999999982,0.5305002381474632
2024-03-29,13.17,4.2325,199.615,200.775,198.5475,199.96,189.7375,8298475.0,-0.0016974538192711108,0.15333833388682927,0.13403672341739523,0.13824054373712724,2.1246822787091e-06,-0.8295563844539663,0.012500000000000178,0.04249999999999954,0.5111857968803736
2024-04-01,13.65,4.33,199.99,200.94,198.57,198.94,188.77,7309000.0,-0.005101020204040907,0.1558746373692699,0.13470589065537278,0.13859002950495344,1.903462686064783e-06,-0.8868490608639278,0.08000000000000007,0.11000000000000032,0.608323530683375
2024-04-02,14.61,4.36,198.39,199.78,198.08,198.86,188.69,7014700.0,-0.00040213129586796903,0.15423764495884879,0.13310749210653078,0.13848753913464107,-7.631017826192909e-07,-0.7587373657261982,0.1200000000000001,0.23000000000000043,0.6381319513486925
2024-04-03,14.33,4.36,199.04,199.56,197.7,198.3,188.16,9353400.0,-0.00281605149351305,0.1551440296045151,0.13356485638198629,0.13730120458449463,-4.3055213030385173e-07,-0.6845967968949284,0.16000000000000014,0.25,0.41932035664826645
2024-04-04,16.35,4.31,199.15,199.68,195.55,195.65,186.73,9243800.0,-0.013363590519415047,0.16027759768297115,0.1368082658210051,0.1388897062813554,0.00029302248660769136,-0.48708558623231546,0.10999999999999943,0.21999999999999975,0.43775565249261134
2024-04-05,16.03,4.39,196.16,198.12,195.11,197.45,188.44,6532300.0,0.009200102223357876,0.1622501176352212,0.13600051408458713,0.1365239370014422,0.00029150410475007325,-0.32910464129110323,0.15749999999999975,0.2999999999999998,0.3013064683957398
2024-04-08,15.19,4.42,197.62,198.98,197.62,198.48,189.43,8001000.0,0.005216510508989636,0.16233995184584518,0.13523410158276275,0.13445404076647138,0.00029234969359425155,-0.17715941309533062,0.08999999999999986,0.3200000000000003,0.423492764825758
2024-04-09,14.98,4.36,198.07,198.88,194.91,197.15,188.16,7351500.0,-0.006700927045546035,0.16421957102904838,0.1363446921734875,0.1351500689156471,0.00029238024784948856,-0.18236264392834617,0.0,0.20000000000000018,0.6533157557012671
2024-04-10,15.8,4.55,195.55,197.07,194.18,195.47,186.55,7681400.0,-0.008521430382957162,0.16652824103433905,0.1372949218959548,0.13562012630047626,0.0002909483982120875,-0.22285057318487472,0.1899999999999995,0.35999999999999943,0.6198467681233397
2024-04-11,14.91,4.56,196.0,196.57,193.24,195.43,186.52,10137700.0,-0.00020463498235023803,0.15098689800584492,0.1374136232222143,0.13568955587244078,0.00029158053620704784,-0.2495139933440656,0.25,0.2699999999999996,0.36123361602147885
2024-04-12,17.31,4.5,188.32,188.93,182.54,182.79,174.45,24494500.0,-0.06467788978150757,0.27635606947367136,0.19191646305631022,0.15762363350691094,0.0002900238685730139,-0.5716927589073333,0.11000000000000032,0.1900000000000004,0.01757861974458227
2024-04-15,19.23,4.63,184.5,187.46,182.2,182.89,174.55,14766600.0,0.0005470758794243746,0.27139975950042544,0.19185589775256554,0.15693959189675694,0.0002911486236460148,-0.7536429990934458,0.20999999999999996,0.29000000000000004,0.7897657135851559
2024-04-16,18.4,4.67,182.9,183.16,179.65,180.8,172.55,16451800.0,-0.011427634096998096,0.27130951960729155,0.19295766639273815,0.15759498001609548,0.00029021662567245144,-0.8209600972905773,0.3099999999999996,0.3700000000000001,0.17712317723367763
2024-04-17,18.21,4.59,181.37,182.42,179.2,180.08,171.87,9017100.0,-0.0039823008849557695,0.2642761354185435,0.1925616420746472,0.15778972552664253,0.00029232511453911036,-0.8540631008960349,0.040000000000000036,0.3200000000000003,0.5480696798861772
2024-04-18,18.0,4.64,181.1,183.36,179.97,181.25,172.98,9557700.0,0.0064971123944912446,0.25880592135350905,0.19091088485553429,0.1562576306803209,0.00029050430572838957,-0.8659974073644742,0.08000000000000007,0.3700000000000001,0.4880272067227412
2024-04-19,18.71,4.62,182.4,185.88,181.41,185.8,177.33,13402300.0,0.025103448275862084,0.2773531072835146,0.1969913683301425,0.1592425385533682,0.0002939305711423812,-0.8762897713585336,0.1200000000000001,0.40000000000000036,0.6852904040624477
2024-04-22,16.94,4.62,185.99,190.13,185.98,189.41,180.77,11529700.0,0.01942949407965555,0.2868938985982858,0.20044108568979724,0.1610028272006801,0.0002902902941654739,-0.8946383587218902,-0.009999999999999787,0.3700000000000001,0.577596895602384
2024-04-23,15.69,4.61,191.13,192.23,190.52,192.14,183.38,9144400.0,0.014413177762525597,0.29160514233422863,0.1983716828859648,0.16189547065262253,0.0002924615095872163,-0.9084216784180373,-0.05999999999999961,0.3700000000000001,0.4302690754774788
2024-04-24,15.97,4.65,190.53,193.23,190.17,193.08,184.27,6964900.0,0.004892266056000905,0.28274933411398157,0.19680134757421353,0.16189425287453543,0.00028951225920331725,-0.9113433060049595,0.0600000000000005,0.4500000000000002,0.3174474364768029
2024-04-25,15.37,4.7,192.25,193.94,191.18,193.37,184.55,9802300.0,0.0015019680961259052,0.2822689671256968,0.19648176101329193,0.16170626495865817,0.0002904207095596245,-0.9086752640147232,0.0600000000000005,0.5,0.47072206994840315
2024-04-26,15.03,4.67,193.57,194.87,193.06,193.49,184.66,6413700.0,0.0006205719604903681,0.2823787688215423,0.19632901862926866,0.16071876198608884,0.0002891639789178224,-0.9032931223740257,0.04999999999999982,0.4375,0.2941379582696387
2024-04-29,14.67,4.63,193.48,194.26,192.43,193.28,184.46,5387800.0,-0.001085327407101211,0.282057040606143,0.1963140399087404,0.16049091421503175,0.00028918290974258576,-0.8885518939523619,0.009999999999999787,0.2999999999999998,0.744249597940505
2024-04-30,15.65,4.69,192.81,194.99,191.64,191.74,182.99,8153700.0,-0.007967715231788075,0.28301870858421063,0.19729216531501928,0.1595040804109277,0.0002901913799704892,-0.8779308079425777,0.08000000000000007,0.33000000000000007,0.6128553460397551
2024-05-01,15.39,4.63,192.27,194.46,190.79,191.86,183.11,7445300.0,0.0006258475018254828,0.2830969499296308,0.19730104532429912,0.1592296565442402,0.0002913251478366463,-0.8623123417104461,-0.020000000000000462,0.2699999999999996,0.35578404189766155
2024-05-02,14.68,4.58,193.07,193.5,189.52,191.66,182.92,6501700.0,-0.0010424267695194889,0.27960215911144004,0.19708526542784846,0.15871131762717788,-5.217562737469539e-07,-0.8601622181051961,-0.1200000000000001,0.27000000000000046,0.6822133081335671
2024-05-03,13.49,4.5,192.0,192.53,188.46,190.51,181.82,8922800.0,-0.006000208702911403,0.2775337130303174,0.19770117320083241,0.15879739419647698,9.121372835263486e-07,-0.8198373874929397,-0.16999999999999993,0.11000000000000032,0.5635892721692142
2024-05-06,13.49,4.49,191.73,192.2,189.82,192.0,183.24,7911100.0,0.007821111752663867,0.27853910217146194,0.1980365248218442,0.1590212347457198,-1.490930435088522e-06,-0.8059048153284901,-0.13999999999999968,0.07000000000000028,0.3816086104044138
2024-05-07,13.23,4.47,191.7,192.93,191.65,191.75,183.0,7688800.0,-0.0013020833333333703,0.2778625420602389,0.19697794200274385,0.15898329600273578,-1.70418058556554e-06,-0.7881655410437388,-0.22000000000000064,0.10999999999999943,0.6313213906563299
2024-05-08,13.0,4.48,191.0,196.65,191.0,195.65,186.73,9227600.0,0.02033898305084758,0.2865772244753002,0.19993420518337357,0.161204408230327,2.1999167977626576e-06,-0.8294578579991434,-0.14999999999999947,-0.0699999999999994,0.4479336030320406
2024-05-09,12.69,4.45,195.17,197.59,195.1,197.5,188.49,7977300.0,0.009455660618451267,0.2884395492934625,0.19623111768596704,0.16154379163723054,-1.4917101540112832e-06,-0.8555470944602246,-0.1299999999999999,-0.10999999999999943,0.3855283689205291
2024-05-10,12.55,4.5,198.54,199.34,198.27,198.77,189.7,7529800.0,0.006430379746835468,0.1536617959304182,0.1960259915782111,0.1616473532105241,-2.3539006899220283e-07,-0.8713346072735086,0.0,0.0,0.3583286224066564
2024-05-13,13.6,4.48,198.8,199.85,198.04,198.73,189.67,7049200.0,-0.0002012376113096348,0.15392328158300406,0.19605531470670945,0.16155325751580027,6.127036560776844e-07,-0.8565906759062556,-0.009999999999999787,-0.14999999999999947,0.6648149079609633
2024-05-14,13.42,4.45,199.0,201.58,198.16,201.51,192.32,8596200.0,0.013988829064560004,0.14591648583485983,0.19763786915493234,0.16245051867205193,1.3024718288678904e-06,-0.8231217285567031,-0.019999999999999574,-0.21999999999999975,0.525338605778136
2024-05-15,12.45,4.36,202.01,202.69,199.77,202.11,192.89,8370000.0,0.0029775197260681896,0.14197047284132153,0.1974249919815367,0.1624034581226842,-1.4599521545977101e-06,-0.8048770010073482,-0.1200000000000001,-0.22999999999999954,0.49878810324739487
2024-05-16,12.42,4.38,202.22,204.48,201.99,202.47,193.24,8497900.0,0.0017812082529315987,0.14265952933720352,0.19630663779387855,0.1618592080330044,2.126589113710109e-06,-0.773752421161319,-0.07000000000000028,-0.2599999999999998,0.5239131206641803
2024-05-17,11.99,4.42,203.81,205.05,202.81,204.79,195.45,9260500.0,0.011458487677186602,0.1250377273254319,0.19720480359891102,0.1623681849693216,-1.1021377763487106e-06,-0.7463109943439115,-0.08000000000000007,-0.20000000000000018,0.6971255381724731
2024-05-20,12.15,4.44,204.39,205.88,195.4,195.58,186.66,17373300.0,-0.044972899067337146,0.2075695849153072,0.2191280136969644,0.17603696608939223,3.8777311396342994e-07,-0.6847231061202387,-0.040000000000000036,-0.17999999999999972,0.022751889762987847
2024-05-21,11.86,4.41,197.0,199.9,196.6,199.52,190.42,14420800.0,0.020145209121587015,0.21315294140153862,0.2225426689134251,0.17799710786089573,-9.273745623594731e-07,-0.6859606893693645,-0.040000000000000036,-0.20000000000000018,0.8909873141789892
2024-05-22,12.29,4.43,199.0,200.94,197.69,198.31,189.27,9425300.0,-0.006064554931836441,0.21470550191869814,0.22294913244346468,0.17745088297232345,2.282319677454625e-06,-0.6942078841268,0.0699999999999994,-0.22000000000000064,0.4423520387648466
2024-05-23,12.77,4.47,197.81,198.3,196.07,196.92,187.94,8069400.0,-0.007009227976400689,0.21678083504346152,0.22298865696674489,0.17792843932850602,5.117726548597989e-07,-0.6911621841023995,0.08999999999999986,-0.23000000000000043,0.5590692994301155
2024-05-24,11.93,4.46,197.75,200.76,197.56,200.71,191.56,7356200.0,0.01924639447491372,0.22622492995265572,0.22579922423784815,0.17920835390981155,2.4767558473803853e-06,-0.7028273762471414,0.040000000000000036,-0.20999999999999996,0.3716165634933984
2024-05-27,12.36,4.52,199.3325,200.4975,198.385,199.8025,190.69,7021700.0,-0.0045214488565592514,0.22715949329038554,0.22576379829733137,0.17944307000017867,1.348797541456115e-06,-0.6970274972608607,0.07999999999999918,-0.11000000000000032,0.6689878964589867
2024-05-28,12.92,4.54,199.86,200.41,198.66,199.5,190.4,6910200.0,-0.001513995070131835,0.22463529352161965,0.22508355444429082,0.1792230647740905,1.083598637352523e-06,-0.6686910646325883,0.1299999999999999,-0.15000000000000036,0.6712448432079109
2024-05-29,14.28,4.61,198.0,198.99,196.89,198.11,189.07,6120000.0,-0.0069674185463658445,0.22689384701392915,0.22550458090373185,0.17966637750502365,-1.3118169634174226e-06,-0.5684384503970024,0.1800000000000006,-0.019999999999999574,0.7253776487900477
2024-05-30,14.47,4.55,198.56,199.85,198.4,199.33,190.24,6829100.0,0.006158194942203821,0.22717797788283428,0.22486409714463554,0.17818031419522515,-6.173414233701102e-08,-0.36945811094687925,0.08000000000000007,-0.03000000000000025,0.32844546578288253
2024-05-31,12.92,4.51,199.3,203.3,198.35,202.63,193.39,14417900.0,0.01655546079365866,0.23064290531924264,0.2270854322304046,0.1792811122067089,7.36216360691655e-07,-0.30072511888085546,0.04999999999999982,0.009999999999999787,0.8628404705596687
2024-06-03,13.11,4.41,202.31,202.42,199.19,201.82,192.61,6444300.0,-0.003997433746236956,0.2313099641582957,0.2273408003999956,0.17936379581198333,-5.091723816630366e-07,-0.20892323552116981,-0.10999999999999943,-0.08000000000000007,0.6965236176421364
2024-06-04,13.16,4.33,200.16,201.98,198.28,199.16,190.08,6848300.0,-0.013180061440887902,0.23772091221219563,0.22876665394694082,0.17982816410131694,2.1404143221936956e-06,-0.16651172625993982,-0.20999999999999996,-0.13999999999999968,0.6628941863660496
2024-06-05,12.63,4.29,199.76,199.82,196.92,197.26,188.26,8351600.0,-0.009540068286804648,0.2307143880715407,0.2292506006992645,0.179584722896708,-1.751889611573132e-06,-0.13633904026931987,-0.3200000000000003,-0.1900000000000004,0.5406748179807903
2024-06-06,12.58,4.28,197.26,198.02,195.33,196.91,187.93,7640300.0,-0.0017743080198722172,0.22837196488089473,0.22607853023220426,0.17953882372908397,8.208369356388356e-07,-0.12240517324075226,-0.2699999999999996,-0.16999999999999993,0.5968847028801582
2024-06-07,12.22,4.43,197.43,200.92,197.01,199.95,190.83,6964500.0,0.015438525214565013,0.23393315234292555,0.22682553490806606,0.18065893936388505,1.007523149282319e-06,-0.1322855279528012,-0.08000000000000007,-0.07000000000000028,0.353503120862615
2024-06-10,12.74,4.47,199.24,200.84,198.44,199.61,190.51,6070800.0,-0.0017004251062764375,0.2340447890867635,0.2256164662330889,0.18066999996653305,3.1431655572733416e-08,-0.108972939746476,0.05999999999999961,-0.010000000000000675,0.7049686785303682
2024-06-11,12.85,4.39,197.91,197.94,193.6,194.36,185.5,9235300.0,-0.026301287510645754,0.2462269143416681,0.23200637276523375,0.1851061563524625,1.05671284756359e-06,-0.16084688853840526,0.05999999999999961,-0.0600000000000005,0.46318255544407533
2024-06-12,12.04,4.31,196.0,196.72,191.31,191.53,182.79,12751300.0,-0.014560609178843498,0.2496642938365008,0.23233827890533196,0.1863858818133256,-7.234856941540357e-07,0.009308754951236323,0.019999999999999574,-0.05000000000000071,0.23642916158827876
2024-06-13,11.94,4.24,192.32,194.58,190.88,193.66,184.83,8587800.0,0.011120973215684282,0.253985028994698,0.23168007637811203,0.1868538026369173,-4.38313905160026e-07,0.11800102882715365,-0.040000000000000036,-0.13999999999999968,0.46744501671930544
2024-06-14,12.66,4.2,191.45,194.86,191.42,193.78,184.94,6874000.0,0.0006196426727254067,0.24917998907347028,0.2303528582123489,0.18682480185217804,-5.784329970281998e-07,0.24872095711882078,-0.22999999999999954,-0.21999999999999975,0.3492805019714433
2024-06-17,12.75,4.28,193.48,195.58,192.64,194.98,186.09,8725400.0,0.006192589534523618,0.19396404011010285,0.2299336257704162,0.1866430563586259,7.084030713533363e-07,0.21354401873949153,-0.1899999999999995,-0.16000000000000014,0.5267361624178718
2024-06-18,12.3,4.22,194.6,197.96,194.13,197.0,188.01,9023000.0,0.01036003692686438,0.18324313692051267,0.23070899030037384,0.18710523409598626,-1.3122507459162324e-06,0.2720864589727894,-0.16999999999999993,-0.1900000000000004,0.5973534720371834
2024-06-19,12.48,4.234999999999999,195.495,198.705,195.12,197.835,188.81,8877050.0,0.004238578680203053,0.18279617921092642,0.22740543248523304,0.18697935944585953,-1.7614066238735849e-06,0.28102581008954114,-0.07500000000000018,-0.19500000000000028,0.5844098410061757
2024-06-20,13.28,4.25,196.39,199.45,196.11,198.67,189.61,8731100.0,0.004220688957969898,0.18147284474049358,0.22742940987361482,0.18702437770901587,-5.1313492183124866e-08,0.28886080822162513,0.009999999999999787,-0.21999999999999975,0.5636073176062513
2024-06-21,13.2,4.25,196.71,197.17,194.22,196.3,187.35,20972100.0,-0.011929330044797792,0.17227799417045633,0.2287122405293996,0.18792136239556023,-2.7819367970916e-07,0.36654087383238504,0.04999999999999982,-0.20999999999999996,0.031862495461201
2024-06-24,13.33,4.25,197.81,199.23,197.1,198.88,189.81,9785900.0,0.01314314824248597,0.17884814785207184,0.2300957363365707,0.188680620171806,1.1286052951642312e-07,0.4214791299829162,-0.03000000000000025,-0.2699999999999996,0.5549795035304942
2024-06-25,12.84,4.23,198.09,200.07,197.74,198.07,189.04,6862500.0,-0.004072807723250249,0.17933300193063417,0.2302528796699424,0.18836689006292287,1.2625366939245098e-06,0.424026207095183,0.010000000000000675,-0.3099999999999996,0.6475005507153011
2024-06-26,12.55,4.32,197.45,197.94,196.28,197.43,188.43,7758600.0,-0.0032311808956428933,0.17797555141648572,0.23027643591970992,0.18847801313118473,2.3808211955300695e-06,0.4601876169140482,0.08500000000000085,-0.29000000000000004,0.5945253160130429
2024-06-27,12.24,4.29,197.44,199.86,196.9,199.17,190.09,7913500.0,0.008813250265916839,0.17945952105477286,0.22924906708299858,0.18862122414280344,7.114736283619915e-07,0.43832844515129205,0.040000000000000036,-0.2599999999999998,0.4117667172602519
2024-06-28,12.44,4.36,200.01,202.6,199.3,202.26,193.03,15307600.0,0.015514384696490469,0.17822108590855143,0.23064510931404364,0.18929105800654966,-1.7796377291046105e-06,0.3312291664531539,0.11000000000000032,-0.14999999999999947,0.8505398109939905
2024-07-01,12.22,4.48,202.84,207.09,202.66,205.45,196.08,10205800.0,0.015771778898447497,0.18603022284834878,0.23257203785520575,0.19017816156983053,1.442178145572015e-06,0.06967268049392951,0.23000000000000043,0.07000000000000028,0.5596839912374777
2024-07-02,12.03,4.43,205.29,208.86,204.77,208.83,199.31,7802900.0,0.016451691409102187,0.18589886720113116,0.23426648334494854,0.1913040054694089,2.1851242812953586e-07,-0.16939055210775653,0.1999999999999993,0.09999999999999964,0.3843265089950093
2024-07-03,12.09,4.36,209.55,210.38,207.65,208.69,199.17,5560900.0,-0.0006704017621990133,0.1809178508369048,0.2334448327685098,0.19104848830731655,3.7551782793299183e-07,-0.2679439829252566,0.040000000000000036,0.07000000000000028,0.741196724849274
2024-07-04,12.26,4.32,208.27,208.875,206.085,206.74,197.85,6827000.0,-0.009344003066749651,0.18544074657302198,0.2344289603155445,0.19174535574824164,0.00013640902614070471,-0.2990610592726138,0.03000000000000025,0.040000000000000036,0.6633036650474297
2024-07-05,12.48,4.28,206.99,207.37,204.52,204.79,196.53,8093100.0,-0.009432136983651085,0.18343550780375317,0.19172394811049434,0.19109763882654182,0.00027610092333726357,-0.29563034655301645,-0.08000000000000007,-0.14999999999999947,0.5844794084904961
2024-07-08,12.37,4.28,205.04,206.9,203.97,205.17,196.9,8707000.0,0.0018555593534841375,0.18310828142102653,0.19170127946753424,0.19105457789866695,0.0002762746559723639,-0.30905418285997854,-0.20000000000000018,-0.1899999999999995,0.44785055900240667
2024-07-09,12.51,4.3,205.63,209.76,205.45,207.63,199.26,9058900.0,0.011990057025881073,0.15436157476639095,0.19070539240381912,0.19125829538929662,0.00027588588223555476,-0.26115327207199146,-0.1299999999999999,-0.08999999999999986,0.4738000061404393
2024-07-10,12.85,4.28,206.14,207.97,205.58,207.8,199.42,8328500.0,0.0008187641477628294,0.13964195334331006,0.19027458800331434,0.19097764868745684,0.00027756050459088464,-0.32818323596915744,-0.08000000000000007,-0.02999999999999936,0.4357109215034001
2024-07-11,12.92,4.2,206.21,208.1,205.38,207.45,199.09,10658100.0,-0.0016843118383061961,0.13852229323417584,0.1902719362536413,0.19014985084334365,0.00027709155753134486,-0.42772605206692044,-0.1200000000000001,-0.040000000000000036,0.40121532527927867
2024-07-12,12.46,4.18,204.0,207.45,202.1,204.94,196.68,15443400.0,-0.012099301036394228,0.14897057473088707,0.18648599073507727,0.1910253397691559,0.00027802346729230985,-0.44847699947909275,-0.10000000000000053,-0.020000000000000462,0.16956044403298529
2024-07-15,13.12,4.23,207.19,211.61,206.72,210.05,201.58,10719700.0,0.024934127061579048,0.16817247253162526,0.18904444065835269,0.19401098186208227,0.0002757461051065002,-0.2913601411072812,-0.04999999999999982,-0.04999999999999982,0.561463406874726
2024-07-16,13.19,4.17,210.0,213.74,208.08,213.62,205.01,11557000.0,0.016995953344441705,0.17318966199065144,0.18985310705479003,0.19335868733453573,0.000278811557729991,-0.1731664392240315,-0.1299999999999999,-0.04999999999999982,0.6089897726822973
2024-07-17,14.48,4.16,213.8,217.56,213.27,216.87,208.13,11572500.0,0.015213931279842718,0.17761936290910763,0.19173134715004567,0.19347371499391125,0.0002782276373940851,0.22483484242574386,-0.1200000000000001,-0.07499999999999929,0.6008772542027842
2024-07-18,15.93,4.2,215.63,216.64,209.24,209.98,201.51,12415100.0,-0.031770184903398446,0.21975493161029294,0.20385046854955186,0.19938351485727743,0.0002755089304069813,0.332877774346909,0.0,-0.04999999999999982,0.3571274535383007
2024-07-19,16.52,4.25,211.2,212.35,208.92,209.78,201.32,8095900.0,-0.0009524716639679465,0.21331461567550644,0.20390348851298795,0.19932864266350792,0.00027547642125799743,0.40388723544196936,0.07000000000000028,0.0,0.6411892743299001
2024-07-22,14.91,4.26,210.46,212.17,209.71,210.28,201.8,7663200.0,0.002383449327867382,0.21020111195015345,0.2038446504047934,0.19928596472576388,0.00027614104169779163,0.4739149589840789,0.02999999999999936,0.009999999999999787,0.33305292852691465
2024-07-23,14.72,4.25,211.02,211.48,209.35,210.33,201.85,5557300.0,0.0002377782004945317,0.20886423651762423,0.2029104789939517,0.1992785922346721,0.0002758312475796554,0.5163113781820108,0.08000000000000007,0.019999999999999574,0.19608037198929318
2024-07-24,18.04,4.28,209.55,212.03,208.07,208.59,200.18,7119000.0,-0.008272714306090445,0.21163613779814866,0.20391454021916994,0.19979168295371605,0.0002755748926724699,0.44381094827484463,0.1200000000000001,-0.040000000000000036,0.695903479937761
2024-07-25,18.46,4.27,208.65,210.19,208.05,208.67,200.26,6403800.0,0.0003835274941270672,0.2105921113033741,0.2038602510327479,0.19965919717014854,0.0002765592839325759,0.3649918557751218,0.0699999999999994,-0.020000000000000462,0.26236351392385354
2024-07-26,16.39,4.2,209.24,213.16,208.62,212.24,203.68,8027800.0,0.017108352901710866,0.21197845712470184,0.20572142184948403,0.20092595581524889,0.00027742192549460866,0.38027201368613395,-0.04999999999999982,-0.16000000000000014,0.4047791966480787
2024-07-29,16.6,4.17,212.65,213.61,210.55,210.85,202.35,6533600.0,-0.006549189596683047,0.20821142213491786,0.2060580675378666,0.20123766842193683,0.0002769739660187842,0.3659084316106739,-0.08999999999999986,-0.3100000000000005,0.7100776459914557
2024-07-30,17.69,4.15,213.23,215.79,212.96,215.19,206.51,8850700.0,0.02058335309461712,0.2126474035349375,0.20957231672517607,0.20253422527062112,0.0002747116504376479,0.4607204057742122,-0.09999999999999964,-0.27999999999999936,0.49911710127124376
2024-07-31,16.36,4.09,214.78,216.39,212.67,212.8,204.22,9071600.0,-0.011106464055021026,0.21729238939482587,0.20772610757598903,0.20302882881919354,0.00027719421657819155,0.48382322276337125,-0.1900000000000004,-0.27000000000000046,0.4962120816789645
2024-08-01,18.59,3.99,213.2,213.83,206.38,207.96,199.57,10918600.0,-0.022744360902255623,0.23060455409141975,0.21286788130137108,0.20393006746763875,0.00013879875770103633,0.3669790454510939,-0.27999999999999936,-0.33000000000000007,0.33069095326811476
2024-08-02,23.39,3.8,203.88,204.67,196.89,199.14,191.11,18041700.0,-0.04241200230813624,0.27473617056184585,0.23031579003736483,0.21338225191021457,5.52997196151539e-07,-0.2317858399352985,-0.40000000000000036,-0.4800000000000004,0.06261597753242389
2024-08-05,35.49250000000001,3.78,194.05,196.17,190.9,194.9,187.04,13927000.0,-0.02129155368082747,0.2834103401893358,0.23446573965528136,0.21578643349950535,-1.059352128424118e-06,-0.6907393252129793,-0.3900000000000001,-0.5000000000000004,0.22630246725614866
2024-08-06,27.71,3.9,195.4,202.6,194.0,200.34,192.26,10605800.0,0.027911749615187276,0.2993292542815161,0.2397452836161898,0.2193403102070308,-1.0076015230953139e-06,-0.7593520891386389,-0.25000000000000044,-0.3999999999999999,0.5414531990506191
2024-08-07,27.85,3.96,203.51,205.75,200.2,200.4,192.32,9204400.0,0.0002994908655287176,0.2992789140039854,0.23966679410473543,0.21919458988569193,4.105482790506265e-07,-0.8070574185189361,-0.1299999999999999,-0.3200000000000003,0.42837559834950073
2024-08-08,23.79,3.99,202.47,204.91,201.79,204.06,195.83,7761200.0,0.0182634730538922,0.30750439842358773,0.24256131415209345,0.2200500211876259,-1.6883063091943652e-06,-0.8376751154716633,0.0,-0.20999999999999996,0.33421631250616113
2024-08-09,20.37,3.94,203.47,206.47,202.9,205.8,197.5,5540200.0,0.00852690385180832,0.30602608578100726,0.24205639209113902,0.22024403347790653,-1.3512521290393042e-06,-0.9050674783519997,0.14000000000000012,-0.23999999999999977,0.21807299743259545
2024-08-12,20.71,3.9,206.41,207.14,203.66,206.19,197.88,6936000.0,0.0018950437317784008,0.29212728905903634,0.22300803835336816,0.22015107161033723,1.099432638324016e-06,-0.91656274853917,0.1200000000000001,-0.3300000000000005,0.31986556515646714
2024-08-13,18.12,3.85,207.73,208.09,205.4,207.94,199.56,6387800.0,0.008487317522673177,0.286778491906802,0.21998781021027755,0.2204109680252999,2.6734458319910284e-07,-0.9099368629085852,-0.04999999999999982,-0.31999999999999984,0.3009429610292809
2024-08-14,16.19,3.83,207.74,210.76,207.12,210.24,201.76,6999800.0,0.011060882947004025,0.2839930639880508,0.22050969382186217,0.22080772292726814,-1.7824000485777703e-06,-0.9167794147604711,-0.1299999999999999,-0.33000000000000007,0.3589119909959401
2024-08-15,15.23,3.92,213.0,213.89,211.1,211.55,203.02,7001000.0,0.006230974124809663,0.26121132079640585,0.22010696953962333,0.2206283026587003,8.201285885078846e-07,-0.9193638626169933,-0.07000000000000028,-0.28000000000000025,0.3755533170451652
2024-08-16,14.8,3.89,211.69,214.09,211.59,213.97,205.34,7931200.0,0.011439376034034554,0.26398489702524186,0.2179576865567686,0.2209895579799394,-2.4962588003329954e-07,-0.9216170774942481,-0.04999999999999982,-0.3599999999999999,0.45096632670328013
2024-08-19,14.65,3.86,214.0,215.53,213.82,215.45,206.76,6090800.0,0.0069168575033882185,0.26476159321983495,0.21794477353804578,0.22095640612230447,-3.646218176223126e-07,-0.9244811395646454,-0.040000000000000036,-0.3999999999999999,0.316422662421159
2024-08-20,15.88,3.82,215.0,216.0,213.68,214.52,205.87,5640000.0,-0.004316546762589857,0.2655074901228103,0.21817766329964117,0.2207340774036462,-2.5953081747576157e-07,-0.928268377887764,-0.03000000000000025,-0.43000000000000016,0.7151035992445989
2024-08-21,16.27,3.79,214.43,215.0,212.84,214.6,205.95,5202300.0,0.00037292560134249975,0.26321431955610636,0.2175066567937472,0.22065850851941596,5.617542577218693e-07,-0.9277221253933277,-0.040000000000000036,-0.4900000000000002,0.26734824211443653
2024-08-22,17.55,3.86,214.58,216.8,214.34,216.63,207.9,5247100.0,0.009459459459459474,0.2646471594045141,0.2179182469396618,0.22050841299816648,1.9517593466966687e-07,-0.9104183624671093,-0.06000000000000005,-0.4099999999999997,0.2767887667071312
2024-08-23,15.86,3.81,217.6,219.19,216.5,218.31,209.51,7214000.0,0.007755158565295739,0.25960279877296905,0.21605653032570474,0.2207063694014736,1.1488921202507107e-06,-0.9001557235068963,-0.08000000000000007,-0.3900000000000001,0.41894545667142236
2024-08-26,16.15,3.82,219.01,219.68,218.05,219.17,210.33,5105200.0,0.003939352297192,0.25793289442685047,0.21583207811431868,0.22073399339989247,-1.0923287345643295e-06,-0.8909738390781201,-0.040000000000000036,-0.3500000000000001,0.27881080934483354
2024-08-27,15.43,3.83,219.51,220.42,218.47250000000003,220.18,211.3,5185200.0,0.004608294930875667,0.24879106947121218,0.2137447061570724,0.22055760378336517,3.027588433290873e-07,-0.8878663246170004,0.010000000000000231,-0.3200000000000003,0.298924703650809
2024-08-28,17.11,3.84,219.25,221.70499999999998,218.47250000000003,220.99249999999998,211.71999999999994,6506400.0,0.003690162594240931,0.2445402108287193,0.21247229709709042,0.22036279811708853,-8.538805781695414e-05,-0.866259482769997,0.04999999999999982,-0.25,0.3982392549579479
2024-08-29,15.65,3.87,220.685,221.70499999999998,218.47250000000003,220.99249999999998,211.71999999999994,6416100.0,0.0,0.22668545659551786,0.21236934205595986,0.21859556608843317,-8.409866466639882e-05,-0.8684984491265544,0.010000000000000231,-0.1200000000000001,0.5
2024-08-30,15.0,3.91,220.685,221.70499999999998,218.47250000000003,220.99249999999998,211.71999999999994,8574100.0,0.0,0.15100079474552686,0.2105499389606782,0.21801785467109588,-8.518793035987571e-05,-0.8760480542005307,0.10000000000000009,0.11000000000000032,0.5
2024-09-02,15.55,3.8575,220.685,221.70499999999998,218.47250000000003,220.99249999999998,211.71999999999994,8860600.0,0.0,0.11625768786610695,0.21045952607480925,0.21742549912948997,-8.492831449844474e-05,-0.8430408343958706,0.03750000000000009,0.07750000000000012,0.5
2024-09-03,20.72,3.84,220.685,221.70499999999998,218.47250000000003,220.3,211.42,8956100.0,-0.0031335905064650005,0.08879465706928699,0.20245779398796898,0.21741102644039087,1.3323135883092086e-06,-0.7200360356077803,0.009999999999999787,-0.06000000000000005,0.17211581520437824
2024-09-04,21.32,3.77,220.685,221.70499999999998,217.21,219.33,210.49,7389500.0,-0.004403086699954595,0.09338836581152654,0.19992683304793635,0.21685402229178208,9.171034936583667e-07,-0.4874768807095521,-0.06999999999999984,-0.18999999999999995,0.37307282877430104
2024-09-05,19.9,3.73,220.15,220.8,216.03,217.63,208.85,8067900.0,-0.007750877672913048,0.08819332331423403,0.2001273422693432,0.21639885079744745,-5.012993110564689e-07,-0.2682915130078813,-0.14000000000000012,-0.26000000000000023,0.2607154023763928
2024-09-06,22.38,3.72,217.6,218.74,211.09,212.46,203.89,7777000.0,-0.02375591600422733,0.1279891020314678,0.206976239245222,0.21850351969669218,-1.9698310486648828e-07,-0.20678302853110878,-0.18999999999999995,-0.21999999999999975,0.3253066127434475
2024-09-09,19.45,3.7,215.19,218.15,214.18,216.81,208.07,8935100.0,0.020474442247952584,0.14444323528914216,0.2103659027797322,0.21987622396839326,-3.3105731579996523e-07,-0.03993808614935212,-0.15749999999999975,-0.19999999999999973,0.8153059757301945
2024-09-10,19.08,3.65,218.6,218.64,200.61,205.56,197.27,24494500.0,-0.05188875051888753,0.23935606813246457,0.23665798344903502,0.23276854261963287,-1.3527914313915534e-06,-0.10322797274257925,-0.18999999999999995,-0.20000000000000018,0.01750670690697594
2024-09-11,17.69,3.65,205.25,207.7,201.83,207.23,198.87,13658700.0,0.008124148667055797,0.2377017388232028,0.2370314162403952,0.23140728223503243,-2.0780665804798204e-07,-0.1494983570540632,-0.1200000000000001,-0.18000000000000016,0.7793947157414131
2024-09-12,17.07,3.68,207.65,208.78,204.89,206.6,198.27,9054400.0,-0.0030401003715677666,0.23643662224380255,0.23706197875497748,0.23140469593344803,2.49292976250981e-07,-0.17427839742375784,-0.04999999999999982,-0.23999999999999977,0.4572243268177657
2024-09-13,16.56,3.66,206.86,207.85,203.02,204.32,196.08,10226700.0,-0.011035818005808329,0.23410646745972666,0.23686463424074886,0.23197593865401783,3.4734536302205574e-07,-0.13814983228623579,-0.06000000000000005,-0.22999999999999998,0.397704050773974
2024-09-16,17.14,3.63,205.83,208.21,205.59,207.86,199.48,8634900.0,0.017325763508222458,0.24225610741060133,0.23794982794400416,0.233146432120021,1.1145955078450954e-06,-0.12569445516335362,-0.07000000000000028,-0.22999999999999998,0.5045187647594634
2024-09-17,17.61,3.65,207.73,209.93,207.66,209.25,200.81,7573300.0,0.00668719330318468,0.24381081838924892,0.2380211881613317,0.23331629370947074,-4.762860869644836e-07,-0.12866804643219226,0.0,-0.16999999999999993,0.43671354807921775
2024-09-18,18.23,3.7,209.01,211.34,206.7,207.53,199.16,8259900.0,-0.008219832735961718,0.24501388128056967,0.2386212190237312,0.23361178671550556,-1.102639142974704e-06,-0.1415765628669171,0.050000000000000266,-0.08999999999999986,0.5327465031649877
2024-09-19,16.33,3.73,209.78,211.91,207.34,210.48,201.99,11635200.0,0.014214812316291514,0.24840797109903592,0.239636651026778,0.23356742552503393,-1.7943801493225387e-06,-0.11477918418893357,0.04999999999999982,-0.1299999999999999,0.6474715383445326
2024-09-20,16.15,3.73,209.93,211.42,209.5,211.09,202.58,20885000.0,0.0028981375902699114,0.24664645436555022,0.2377681020982034,0.23326111763710777,-1.0943086771186828e-07,-0.0659751989090088,0.06999999999999984,-0.08000000000000007,0.907088963265417
2024-09-23,15.89,3.75,211.0,211.8,209.99,211.44,202.91,7223500.0,0.0016580605428964112,0.2461037577580205,0.23572890687738648,0.23317107623595565,-2.9284376594218563e-07,-0.015196801698263627,0.1200000000000001,-0.06999999999999984,0.36266441870746635
2024-09-24,15.39,3.74,211.15,212.95,210.37,211.59,203.06,7323200.0,0.000709421112372377,0.2451703823984507,0.2334004340547172,0.2329244640326951,1.022768882025238e-06,0.06624164349981838,0.0900000000000003,-0.08999999999999986,0.35985689599895815
2024-09-25,15.41,3.79,211.68,212.24,208.61,210.19,201.71,8976500.0,-0.006616569781180637,0.24479833636862766,0.23382662539471688,0.2327811212935454,8.42370367091394e-05,0.11253856212023716,0.08999999999999986,-0.04999999999999982,0.5629393727353186
2024-09-26,15.37,3.79,211.13,211.7,209.01,209.78,201.32,7807500.0,-0.0019506161092345264,0.24464387390710626,0.23302356132645055,0.2328094518826402,8.509607575595823e-05,0.22030974623078037,0.06000000000000005,-0.08000000000000007,0.6287120778832067
2024-09-27,16.96,3.75,210.65,212.44,209.33,210.5,202.01,7032500.0,0.0034321670321288966,0.24540844697352981,0.23220683228445188,0.21232786169711582,8.485750778673973e-05,0.37563566692457967,0.020000000000000018,-0.16000000000000014,0.3377885760350906
2024-09-30,16.73,3.81,206.31,210.96,205.26,210.86,202.36,8663800.0,0.0017102137767222025,0.24569720082549712,0.23220357269072936,0.2123262069225484,8.597428380833217e-05,0.5548308137958644,0.06000000000000005,-0.047499999999999876,0.42133888481867715
2024-10-01,19.26,3.74,208.9,209.09,206.19,207.04,198.69,8540100.0,-0.01811628568718593,0.25210211260789495,0.23406494137335562,0.21339223432767626,-1.1304177735371735e-06,0.42009988738141507,0.0,-0.09999999999999964,0.5839691346831226
2024-10-02,18.9,3.79,207.08,208.95,205.69,207.29,198.93,5810900.0,0.0012074961360124536,0.2524676024287494,0.23407167457009231,0.2132567702996988,-1.3235864865401847e-06,0.21106255321140233,0.0,0.020000000000000018,0.2890048144009387
2024-10-03,20.49,3.85,206.17,206.49,204.34,205.23,196.95,7251300.0,-0.00993776834386606,0.2531666376868914,0.23494496464194056,0.21373204651577954,-6.631177289495582e-08,-0.06346671938415725,0.06000000000000005,0.1200000000000001,0.6413974294142311
2024-10-04,19.21,3.98,209.3,211.67,206.91,211.22,203.95,10211700.0,0.029186766067339054,0.2645537683779216,0.24107226818790548,0.21478141757578753,0.0003083357482972615,-0.22767620674901468,0.22999999999999998,0.2599999999999998,0.5054378672929697
2024-10-07,22.64,4.03,211.03,213.33,209.69,210.93,203.67,6718900.0,-0.001372976043935159,0.25307143615653627,0.23570743330743396,0.2131437407467593,0.0003070267535827842,-0.2929934800607269,0.2200000000000002,0.33000000000000007,0.6666277004150356
2024-10-08,21.42,4.04,210.58,211.33,208.38,210.75,203.49,6021800.0,-0.0008533636751528739,0.1682591456575105,0.23309219178338583,0.21225363427354593,0.0003063935485210223,-0.14673377794311404,0.2999999999999998,0.3900000000000001,0.7128208483713008
2024-10-09,20.86,4.06,209.7,214.24,209.38,213.42,206.07,7024000.0,0.012669039145907446,0.17144694390386858,0.2324346327948807,0.21286478158072666,0.00030753975743504915,-0.00038207420727295595,0.2699999999999996,0.4099999999999997,0.3690463426138661
2024-10-10,20.93,4.09,214.81,214.81,211.47,212.84,205.51,7927100.0,-0.0027176459563301725,0.17133678277434286,0.22299347856730492,0.21292837748986024,0.000306389695380227,0.06876908677550755,0.23999999999999977,0.4099999999999997,0.5589228110993036
2024-10-11,20.46,4.08,215.67,221.70499999999998,215.16,220.99249999999998,211.71999999999994,18320700.0,0.03830342040969725,0.20872238820142588,0.2361577806289747,0.21972146447024016,-8.249959323667899e-05,0.16302647790689487,0.10000000000000009,0.41999999999999993,0.9161454192789203
2024-10-14,19.7,4.0425,220.685,221.70499999999998,218.47250000000003,220.99249999999998,211.71999999999994,9048900.0,0.0,0.20304668442214674,0.23614770313928493,0.21970314787455664,-8.319247713842182e-05,0.19431132551460642,0.012500000000000178,0.41250000000000053,0.5
2024-10-15,20.64,4.03,220.685,221.70499999999998,218.47250000000003,220.99249999999998,211.71999999999994,9235800.0,0.0,0.20288666372622927,0.23615121771617892,0.21930113237714088,-8.220616122361912e-05,0.2622947815535149,-0.009999999999999787,0.38000000000000034,0.5
2024-10-16,19.58,4.02,220.685,221.70499999999998,218.47250000000003,220.99249999999998,211.71999999999994,6382500.0,0.0,0.19902088147079805,0.2353809712198776,0.2193069564389947,-8.23629732509823e-05,0.27712150964731275,-0.040000000000000036,0.3199999999999994,0.5
2024-10-17,19.11,4.09,220.685,221.70499999999998,218.47250000000003,220.99249999999998,211.71999999999994,6470200.0,0.0,0.19496143275000366,0.23538707488972305,0.21928884142219623,-8.210998653345735e-05,0.25799311784702295,0.0,0.3599999999999999,0.5
2024-10-18,18.03,4.08,220.685,221.70499999999998,218.47250000000003,220.99249999999998,211.71999999999994,7000500.0,0.0,0.1951563165285636,0.2330060434168653,0.21903908936267102,-8.324664682373694e-05,0.20166109049883182,0.0,0.3500000000000001,0.5
2024-10-21,18.37,4.19,220.685,221.70499999999998,218.47250000000003,220.99249999999998,211.71999999999994,5870000.0,0.0,0.19532471711243832,0.23251214918023158,0.2188416168574019,-8.179533002869999e-05,0.1555389279227122,0.14749999999999996,0.4400000000000004,0.5
2024-10-22,18.2,4.2,220.685,221.70499999999998,218.47250000000003,220.99249999999998,211.71999999999994,9586800.0,0.0,0.1954167143317889,0.22886365205090503,0.2188173733780003,-8.328541730086014e-05,0.09258784834998614,0.16999999999999993,0.45999999999999996,0.5
2024-10-23,19.24,4.24,220.685,221.70499999999998,218.47250000000003,220.99249999999998,211.71999999999994,6180500.0,0.0,0.19283049523996504,0.22757650961958448,0.21704342886402653,-8.168928060161007e-05,0.015448981737700136,0.22000000000000064,0.4500000000000002,0.5
2024-10-24,19.08,4.21,220.685,221.70499999999998,218.47250000000003,220.99249999999998,211.71999999999994,6002200.0,0.0,0.19234660870536674,0.22226689710770894,0.21670566065146418,-8.25483196484289e-05,-0.12580754010783324,0.1200000000000001,0.41999999999999993,0.5
2024-10-25,20.33,4.25,220.685,221.70499999999998,218.47250000000003,220.99249999999998,211.71999999999994,6369700.0,0.0,0.19255326219694813,0.20295118626581593,0.21656662713642846,-8.23097516792104e-05,-0.20145049786451244,0.16999999999999993,0.5,0.5
2024-10-28,19.8,4.28,220.685,221.70499999999998,218.47250000000003,220.99249999999998,211.71999999999994,6843000.0,0.0,0.1927423663732886,0.19720564275242092,0.2165645059231544,-8.342652770080284e-05,-0.3589001247480377,0.08999999999999986,0.4700000000000002,0.5
2024-10-29,19.34,4.28,220.685,221.70499999999998,218.47250000000003,220.99249999999998,211.71999999999994,6580000.0,0.0,0.17724786887856583,0.18980269047547385,0.21573198755418477,-8.242286665080534e-05,-0.44455694258554007,0.08000000000000007,0.54,0.5
2024-10-30,20.35,4.29,220.685,221.70499999999998,218.47250000000003,220.99249999999998,211.71999999999994,7110900.0,0.0,0.17749078535203852,0.18981317044371063,0.21571329452198093,-8.244362590532073e-05,-0.566069480513148,0.04999999999999982,0.5,0.5
2024-10-31,23.16,4.28,220.685,221.70499999999998,218.47250000000003,220.99249999999998,211.71999999999994,7829900.0,0.0,0.17107667590721448,0.18667137498796108,0.2157122241706633,-8.16617789398566e-05,-0.43993529975182716,0.07000000000000028,0.43000000000000016,0.5
2024-11-01,21.88,4.37,220.685,221.70499999999998,218.47250000000003,220.99249999999998,211.71999999999994,6923500.0,0.0,0.14253246331136746,0.18609755421774096,0.21515412236374015,-0.00039041281821821093,-0.49924721221313595,0.1200000000000001,0.3900000000000001,0.5
2024-11-04,21.98,4.31,220.685,221.70499999999998,218.47250000000003,219.78,211.71999999999994,8229600.0,-0.005486611536590469,0.14467089986388432,0.18660343831793563,0.20475097814589288,-0.00011457332523673314,-0.3399512107871631,0.02999999999999936,0.27999999999999936,0.455922317390679
2024-11-05,20.49,4.26,220.03,221.70499999999998,218.47250000000003,220.99249999999998,211.71999999999994,5600700.0,0.005516880516880374,0.1447157219201556,0.18620226372265694,0.20295228972363252,-0.0003873816573213951,-0.2521410760705631,-0.020000000000000462,0.21999999999999975,0.31523746506309597
2024-11-06,16.27,4.42,220.685,221.70499999999998,218.47250000000003,220.99249999999998,211.71999999999994,23987800.0,0.0,0.139709500055377,0.18504695555191053,0.20269957514672693,-0.0003878614076903819,-0.2121092004960682,0.1299999999999999,0.3600000000000003,0.5
2024-11-07,15.2,4.31,220.685,221.70499999999998,218.47250000000003,220.99249999999998,211.71999999999994,16451100.0,0.0,0.13887949354133955,0.18472040801348127,0.2023684660914522,-0.0003878675636497242,-0.30942842658500147,0.02999999999999936,0.21999999999999975,0.5
2024-11-08,14.94,4.3,220.685,221.70499999999998,218.47250000000003,220.99249999999998,211.71999999999994,9502100.0,0.0,0.028336126659384724,0.18338778937616176,0.20061659361948062,1.5134490144896872e-06,-0.3028721653367308,-0.07000000000000028,0.21999999999999975,0.5
2024-11-11,14.97,4.3975,220.685,221.70499999999998,218.47250000000003,220.99249999999998,211.71999999999994,9017100.0,0.0,0.028336126659384724,0.1829181268467546,0.20046563550488178,1.5134490144896872e-06,-0.2997713944138549,0.08750000000000036,0.35499999999999954,0.5
2024-11-12,14.71,4.43,220.685,221.70499999999998,218.47250000000003,220.99249999999998,211.71999999999994,6861000.0,0.0,0.028336126659384724,0.1826474639645856,0.2004387141056301,1.5134490144896872e-06,-0.3085794733829567,0.16999999999999993,0.39999999999999947,0.5
2024-11-13,14.02,4.44,220.685,221.70499999999998,218.47250000000003,220.99249999999998,211.71999999999994,11472600.0,0.0,0.028336126659384724,0.18265070361335634,0.20011122786594515,1.5134490144896872e-06,-0.309197504794789,0.020000000000000462,0.4200000000000008,0.5
2024-11-14,14.31,4.43,220.685,221.70499999999998,218.47250000000003,220.99249999999998,211.71999999999994,10172200.0,0.0,0.028336126659384724,0.18170732735258283,0.19997340153502113,1.5134490144896872e-06,-0.31264393664797935,0.1200000000000001,0.33999999999999986,0.5
2024-11-15,16.14,4.43,220.685,221.70499999999998,218.47250000000003,220.99249999999998,211.71999999999994,11518800.0,0.0,0.028336126659384724,0.18105994653613552,0.19867050452835178,1.5134490144896872e-06,-0.31620548613064714,0.1299999999999999,0.34999999999999964,0.5
2024-11-18,15.58,4.42,220.685,221.70499999999998,218.47250000000003,220.99249999999998,211.71999999999994,9051400.0,0.0,0.028336126659384724,0.180898682848524,0.19855045383158576,1.5134490144896872e-06,-0.3214324821964107,0.022499999999999964,0.22999999999999954,0.5
2024-11-19,16.35,4.39,220.685,221.70499999999998,218.47250000000003,220.99249999999998,211.71999999999994,6792700.0,0.0,0.028336126659384724,0.18066565791676145,0.19749623934033034,1.5134490144896872e-06,-0.3263748898751218,-0.040000000000000036,0.1899999999999995,0.5
2024-11-20,17.16,4.41,220.685,221.70499999999998,218.47250000000003,220.99249999999998,211.71999999999994,9015300.0,0.0,0.028336126659384724,0.18051289088529288,0.19690674459529822,1.5134490144896872e-06,-0.3361833730808347,-0.03000000000000025,0.16999999999999993,0.5
2024-11-21,16.87,4.43,220.685,221.70499999999998,218.47250000000003,220.99249999999998,211.71999999999994,8783500.0,0.0,0.028336126659384724,0.18051289088529288,0.19687013320791538,1.5134490144896872e-06,-0.3461483658164075,0.0,0.21999999999999975,0.5
2024-11-22,15.24,4.41,220.685,221.70499999999998,218.47250000000003,220.99249999999998,211.71999999999994,7997300.0,0.0,0.028336126659384724,0.18051289088529288,0.1957468353096705,1.5134490144896872e-06,-0.36926169769864914,-0.019999999999999574,0.16000000000000014,0.5
2024-11-25,14.6,4.27,220.685,221.70499999999998,218.47250000000003,220.99249999999998,211.71999999999994,10295400.0,0.0,0.028336126659384724,0.18051289088529288,0.19571432102446112,1.5134490144896872e-06,-0.38903008704777664,-0.15000000000000036,-0.010000000000000675,0.5
2024-11-26,14.1,4.3,220.685,221.70499999999998,218.47250000000003,220.99249999999998,211.71999999999994,6212100.0,0.0,0.028336126659384724,0.18038999966263694,0.19163516650235088,1.5134490144896872e-06,-0.40594173538794337,-0.08999999999999986,0.019999999999999574,0.5
2024-11-27,14.1,4.25,220.685,221.70499999999998,218.47250000000003,220.99249999999998,211.71999999999994,5472300.0,0.0,0.028336126659384724,0.18014437320898088,0.19026512804127454,1.5134490144896872e-06,-0.4388530528287985,-0.16000000000000014,-0.040000000000000036,0.5
2024-11-28,13.9,4.215,220.685,221.70499999999998,218.47250000000003,220.99249999999998,211.71999999999994,5483550.0,0.0,0.028336126659384724,0.179383862311961,0.18972691953547371,1.5134490144896872e-06,-0.5514723429861731,-0.21499999999999986,-0.06500000000000039,0.5
2024-11-29,13.51,4.18,220.685,221.70499999999998,218.47250000000003,220.99249999999998,211.71999999999994,5494800.0,0.0,0.028336126659384724,0.17223034871205956,0.18973286498220068,1.5134490144896872e-06,-0.6824932982364352,-0.23000000000000043,-0.1900000000000004,0.5
2024-12-02,13.34,4.19,220.685,221.70499999999998,218.47250000000003,220.99249999999998,211.71999999999994,8899700.0,0.0,0.019582983175029413,0.16723623522489092,0.18959767972243982,-0.000274330576829529,4.1091542931963645e-08,-0.07999999999999918,-0.11999999999999922,0.5
2024-12-03,13.3,4.23,220.685,221.70499999999998,218.47250000000003,220.99249999999998,211.71999999999994,6657700.0,0.0,2.3461400576809998e-08,0.12692846483145345,0.1891217460171999,0.0,0.0,-0.0699999999999994,-0.02999999999999936,0.5
2024-12-04,13.45,4.19,220.685,221.70499999999998,218.47250000000003,220.99249999999998,211.71999999999994,7346300.0,0.0,2.3461400576809998e-08,0.12613550575625285,0.18906915285104792,0.0,0.0,-0.05999999999999961,-0.22999999999999954,0.5
2024-12-05,13.54,4.17,220.685,221.70499999999998,218.47250000000003,220.99249999999998,211.71999999999994,6572500.0,0.0,2.3461400576809998e-08,0.12586259054430474,0.18901552338686461,0.0,0.0,-0.04499999999999993,-0.13999999999999968,0.5
2024-12-06,12.77,4.15,220.685,221.70499999999998,218.47250000000003,220.99249999999998,211.71999999999994,5519700.0,0.0,2.3461400576809998e-08,0.12330365542366967,0.1880812883490189,0.0,0.0,-0.02999999999999936,-0.14999999999999947,0.5
2024-12-09,14.19,4.2,220.685,221.70499999999998,218.47250000000003,220.99249999999998,211.71999999999994,7076500.0,0.0,2.3461400576809998e-08,0.11873599888907724,0.18725544598717173,0.0,0.0,0.009999999999999787,-0.1974999999999998,0.5
2024-12-10,14.18,4.22,220.685,221.70499999999998,218.47250000000003,220.99249999999998,211.71999999999994,9108300.0,0.0,2.3461400576809998e-08,0.118169197330246,0.18711713901652124,0.0,5.33384325737492e-08,-0.010000000000000675,-0.20999999999999996,0.5
2024-12-11,13.58,4.26,220.685,221.70499999999998,218.47250000000003,220.99249999999998,211.71999999999994,7884400.0,0.0,2.3461400576809998e-08,0.11663941650196238,0.18702162303235514,0.0,-5.279063186606654e-08,0.0699999999999994,-0.1800000000000006,0.5
2024-12-12,13.92,4.32,220.685,221.70499999999998,218.47250000000003,220.99249999999998,211.71999999999994,6113800.0,0.0,2.3461400576809998e-08,0.11339212130661763,0.18667860796205105,0.0,0.0,0.15000000000000036,-0.10999999999999943,0.5
2024-12-13,13.81,4.4,220.685,221.70499999999998,218.47250000000003,220.99249999999998,211.71999999999994,10392700.0,0.0,2.3461400576809998e-08,0.11332268286004808,0.18546275454967392,0.0,-5.4789797103841377e-08,0.25,-0.02999999999999936,0.5
2024-12-16,14.69,4.39,220.685,221.70499999999998,218.47250000000003,220.99249999999998,211.71999999999994,9032000.0,0.0,2.3461400576809998e-08,0.11331931941177341,0.18417153076168202,0.0,5.6163045261137176e-08,0.1899999999999995,-0.03000000000000025,0.5
2024-12-17,15.87,4.4,220.685,221.70499999999998,218.47250000000003,220.99249999999998,211.71999999999994,8083600.0,0.0,2.3461400576809998e-08,0.11333003519129695,0.1827245310036734,0.0,-5.8010179165687846e-08,0.1800000000000006,0.010000000000000675,0.5
2024-12-18,27.62,4.5,220.685,221.70499999999998,218.47250000000003,220.99249999999998,211.71999999999994,11322400.0,0.0,2.3461400576809998e-08,0.11229971328203603,0.1827177251962298,0.0,0.0,0.2400000000000002,0.08999999999999986,0.5
2024-12-19,24.09,4.57,220.685,221.70499999999998,218.47250000000003,220.99249999999998,211.71999999999994,11790800.0,0.0,2.3461400576809998e-08,0.11216227435095179,0.18214780598480712,0.0,0.0,0.25,0.14000000000000057,0.5
2024-12-20,18.36,4.52,220.685,221.70499999999998,218.47250000000003,220.99249999999998,211.71999999999994,24494500.0,0.0,2.3461400576809998e-08,0.11205082092479474,0.18155724258249528,0.0,0.0,0.11999999999999922,0.10999999999999943,0.5
2024-12-23,16.78,4.59,220.685,221.70499999999998,218.47250000000003,220.99249999999998,211.71999999999994,8611500.0,0.0,2.3461400576809998e-08,0.112048591003564,0.18155214561265778,0.0,0.0,0.20000000000000018,0.3200000000000003,0.5
2024-12-24,14.27,4.59,220.685,221.70499999999998,218.47250000000003,220.99249999999998,211.71999999999994,3729100.0,0.0,2.3461400576809998e-08,0.10490417984172984,0.18080091504832188,0.0,1.762434703746995e-08,0.1899999999999995,0.29000000000000004,0.5
2024-12-25,14.5,4.585,220.685,221.70499999999998,218.47250000000003,220.99249999999998,211.71999999999994,4090450.0,0.0,2.3461400576809998e-08,0.10492850190537822,0.18080256293492813,0.0,-1.7654099611332486e-08,0.08499999999999996,0.33499999999999996,0.5
2024-12-26,14.73,4.58,220.685,221.70499999999998,218.47250000000003,220.99249999999998,211.71999999999994,4451800.0,0.0,2.3461400576809998e-08,0.10241454578890241,0.18077440999596256,0.0,-1.7717159582118053e-08,0.009999999999999787,0.3650000000000002,0.5
2024-12-27,15.95,4.62,220.685,221.70499999999998,218.47250000000003,220.99249999999998,211.71999999999994,5730200.0,0.0,2.3461400576809998e-08,0.08427508027931446,0.17982343148676913,0.0,0.0,0.10000000000000053,0.4400000000000004,0.5
2024-12-30,17.4,4.55,220.685,221.70499999999998,218.47250000000003,220.99249999999998,211.71999999999994,5723800.0,0.0,2.3461400576809998e-08,0.08417303722931418,0.17630110535322685,0.0,-1.7954702716863927e-08,-0.040000000000000036,0.35999999999999943,0.5
2024-12-31,17.35,4.58,220.685,221.70499999999998,218.47250000000003,220.99249999999998,211.71999999999994,4871000.0,0.0,2.3461400576809998e-08,0.08412000472732149,0.17464299885869938,0.0,0.0,-0.009999999999999787,0.34999999999999964,0.5
