,VIX_Close,10Y_Treasury,Open,High,Low,Close,Adj Close,Volume
2018-01-01,9.77,2.46,107.63,108.02,106.81,107.95,85.52,13578800.0
2018-01-02,9.77,2.46,107.63,108.02,106.81,107.95,85.52,13578800.0
2018-01-03,9.15,2.44,107.86,108.49,107.48,108.06,85.6,11901000.0
2018-01-04,9.22,2.46,108.36,110.03,108.2,109.04,86.83,12953700.0
2018-01-05,9.22,2.47,109.26,109.55,107.78,108.34,86.27,14155000.0
2018-01-08,9.52,2.49,108.15,108.68,107.7,108.5,86.4,12466500.0
2018-01-09,10.08,2.55,108.72,109.63,108.49,109.05,86.84,13292300.0
2018-01-10,9.82,2.55,109.47,110.7,109.39,110.25,87.79,15834500.0
2018-01-11,9.88,2.54,110.67,110.93,110.05,110.84,88.26,13676800.0
2018-01-12,10.16,2.55,111.65,112.85,110.84,112.67,89.72,18884200.0
2018-01-15,11.285,2.5425,111.545,113.285,111.01249999999999,112.37,89.48,21748525.0
2018-01-16,11.66,2.54,111.51,113.43,111.07,112.27,89.4,22703300.0
2018-01-17,11.91,2.57,111.89,113.3,111.31,112.99,89.97,14940300.0
2018-01-18,12.22,2.62,112.76,113.72,112.27,113.26,90.19,14572900.0
2018-01-19,11.27,2.64,113.94,114.34,112.8,113.01,89.99,18785500.0
2018-01-22,11.03,2.66,112.66,114.39,112.5,114.33,91.04,12475700.0
2018-01-23,11.1,2.63,113.67,114.64,113.35,114.21,90.95,12320800.0
2018-01-24,11.47,2.65,114.86,116.0,114.66,115.67,92.11,15904500.0
2018-01-25,11.58,2.63,116.04,116.17,115.08,115.7,92.13,13510000.0
2018-01-26,11.08,2.66,115.7,116.32,114.96,116.32,92.63,13883900.0
2018-01-29,13.84,2.7,116.02,117.35,116.02,116.2,92.53,11679900.0
2018-01-30,14.79,2.73,115.53,116.6,114.98,115.11,91.66,14279100.0
2018-01-31,13.54,2.72,115.65,116.66,115.16,115.67,92.11,13141400.0
2018-02-01,13.47,2.78,115.77,116.99,115.48,116.87,93.06,13800600.0
2018-02-02,17.31,2.84,116.49,116.92,114.09,114.28,91.0,16477300.0
2018-02-05,35.49250000000001,2.77,113.0,114.59,103.98,108.8,86.64,24494500.0
2018-02-06,29.98,2.79,106.85,112.48,106.61,112.11,89.27,24494500.0
2018-02-07,27.73,2.84,111.55,114.45,111.15,112.87,89.88,21878300.0
2018-02-08,33.46,2.85,113.11,113.11,107.84,107.88,85.91,24494500.0
2018-02-09,29.06,2.83,109.1,111.05,106.23,110.04,87.63,24494500.0
2018-02-12,25.61,2.86,111.17,112.73,110.07,111.74,88.98,18043300.0
2018-02-13,24.97,2.83,111.32,113.05,110.8,112.43,89.53,16358200.0
2018-02-14,19.26,2.91,112.63,115.27,112.53,115.03,91.6,15186900.0
2018-02-15,19.13,2.9,115.74,115.99,114.22,115.51,91.98,12130200.0
2018-02-16,19.46,2.87,114.55,116.07,114.5,114.68,91.32,13214300.0
2018-02-19,20.315,2.8775,114.625,115.56,114.10249999999999,114.7025,91.33500000000001,13399700.0
2018-02-20,20.6,2.88,114.65,115.39,113.97,114.71,91.34,13461500.0
2018-02-21,20.02,2.94,115.0,117.45,114.67,115.19,91.73,14212500.0
2018-02-22,18.72,2.92,115.5,116.43,114.76,114.98,91.56,17070400.0
2018-02-23,16.49,2.88,115.31,117.39,115.31,117.31,93.41,12162500.0
2018-02-26,15.8,2.86,118.14,118.9,117.32,118.77,94.58,16511200.0
2018-02-27,18.59,2.9,118.91,119.33,117.35,117.36,93.45,17563300.0
2018-02-28,19.85,2.87,117.82,118.49,115.34,115.5,91.97,17735600.0
2018-03-01,22.47,2.81,115.48,116.64,112.65,113.43,90.33,18690000.0
2018-03-02,19.59,2.86,112.39,113.56,111.12,113.32,90.24,18353700.0
2018-03-05,18.73,2.88,112.05,115.93,111.89,115.06,91.62,13933000.0
2018-03-06,18.36,2.88,115.64,115.82,114.32,115.16,91.7,10674400.0
2018-03-07,17.76,2.89,113.75,115.1,113.11,114.73,91.36,13006500.0
2018-03-08,16.54,2.86,115.11,115.23,113.21,114.74,91.37,11173700.0
2018-03-09,14.64,2.9,116.55,118.08,115.67,118.04,94.0,15366600.0
2018-03-12,15.78,2.87,118.0,118.75,117.25,117.66,93.69,12339300.0
2018-03-13,16.35,2.84,118.2,118.47,115.83,116.25,92.57,13312300.0
2018-03-14,17.23,2.81,116.56,116.59,114.6,114.95,91.54,12905100.0
2018-03-15,16.59,2.82,115.87,116.0,114.83,115.24,91.77,8748000.0
2018-03-16,15.8,2.85,115.34,116.6,115.34,115.44,91.93,19888900.0
2018-03-19,19.02,2.85,115.1,115.45,113.3,114.53,91.2,13214900.0
2018-03-20,18.2,2.89,114.87,115.45,114.45,114.64,91.29,9921200.0
2018-03-21,17.86,2.89,114.81,116.63,114.21,114.74,91.37,13633000.0
2018-03-22,23.34,2.83,113.2,113.6,109.54,109.95,87.55,22550400.0
2018-03-23,24.87,2.82,110.27,110.92,106.76,107.01,85.21,23081500.0
2018-03-26,21.03,2.85,109.19,111.16,108.65,110.31,87.84,20217500.0
2018-03-27,22.5,2.78,111.07,111.69,107.3,108.17,86.14,18039900.0
2018-03-28,22.87,2.77,108.28,109.17,106.65,108.0,86.0,19189300.0
2018-03-29,19.97,2.74,108.5,110.78,107.78,109.97,87.57,13274600.0
2018-03-30,20.8825,2.7375000000000003,108.865,110.7675,107.355,109.44,87.1475,14661575.0
2018-04-02,23.62,2.73,109.96,110.73,106.08,107.85,85.88,18822500.0
2018-04-03,21.1,2.79,108.36,109.5,107.26,109.33,87.06,14050700.0
2018-04-04,20.06,2.79,107.1,111.21,107.02,110.99,88.38,15302600.0
2018-04-05,18.94,2.83,111.63,112.83,111.39,111.88,89.54,16627000.0
2018-04-06,21.49,2.77,110.55,111.55,107.82,109.09,87.31,18906000.0
2018-04-09,21.77,2.78,110.01,112.98,109.89,110.4,88.36,15974300.0
2018-04-10,20.47,2.8,112.13,112.87,111.42,112.51,90.05,13951400.0
2018-04-11,20.24,2.79,111.66,111.81,110.52,110.62,88.53,14503300.0
2018-04-12,18.49,2.83,111.56,114.39,111.5,113.37,90.74,16435500.0
2018-04-13,17.41,2.82,115.02,115.15,109.05,110.3,88.28,24494500.0
2018-04-16,16.56,2.83,110.94,111.47,109.79,110.21,88.21,16580500.0
2018-04-17,15.25,2.82,111.37,111.92,109.99,110.21,88.21,15501400.0
2018-04-18,15.6,2.87,110.53,111.07,108.89,109.32,87.49,16081400.0
2018-04-19,15.96,2.92,109.53,111.87,109.5,111.72,89.41,17911000.0
2018-04-20,16.88,2.96,112.3,112.74,110.88,111.47,89.21,15584400.0
2018-04-23,16.34,2.98,111.57,111.95,110.63,110.93,88.78,11285800.0
2018-04-24,18.02,3.0,111.75,112.9,109.59,110.41,88.37,16453100.0
2018-04-25,17.84,3.03,110.27,110.53,108.6,109.99,88.03,13548200.0
2018-04-26,16.24,3.0,109.97,110.82,109.34,110.1,88.12,10299500.0
2018-04-27,15.41,2.96,109.55,110.16,109.13,109.4,87.56,9384000.0
2018-04-30,15.93,2.95,109.75,110.3,108.75,108.78,87.06,13744900.0
2018-05-01,15.49,2.97,108.45,108.97,107.54,108.78,87.06,10503400.0
2018-05-02,15.97,2.97,108.11,109.49,107.73,107.92,86.37,12162100.0
2018-05-03,15.9,2.94,107.59,107.77,105.18,107.24,85.83,15379100.0
2018-05-04,14.77,2.95,106.43,108.74,105.98,108.43,86.78,11967900.0
2018-05-07,14.75,2.95,108.76,109.68,108.36,109.37,87.53,9356700.0
2018-05-08,14.71,2.97,109.53,111.34,109.28,110.99,88.83,12543200.0
2018-05-09,13.42,3.0,111.44,113.64,111.03,113.41,90.77,11368100.0
2018-05-10,13.23,2.97,113.19,114.44,112.75,114.29,91.47,9159700.0
2018-05-11,12.65,2.97,114.49,114.73,113.67,113.86,91.13,10253000.0
2018-05-14,12.93,3.0,114.11,114.7,113.74,113.9,91.16,8710700.0
2018-05-15,14.63,3.08,113.91,113.91,112.57,113.03,90.46,11536200.0
2018-05-16,13.42,3.09,112.89,113.69,112.63,113.34,90.71,7571100.0
2018-05-17,13.43,3.11,113.2,113.41,112.2,112.96,90.41,8617200.0
2018-05-18,13.42,3.06,112.75,112.8,110.84,111.13,88.94,11806300.0
2018-05-21,13.08,3.06,112.05,112.54,111.92,112.15,89.76,9441900.0
2018-05-22,13.22,3.06,112.35,114.29,112.29,113.01,90.45,11507600.0
2018-05-23,12.58,3.01,112.51,112.77,111.12,112.49,90.03,11453900.0
2018-05-24,12.53,2.98,112.14,112.15,110.12,111.23,89.02,14084800.0
2018-05-25,13.22,2.93,110.46,111.08,110.2,110.66,88.57,8283500.0
2018-05-28,16.07,2.81,109.5,109.67,106.27,107.11250000000001,85.72749999999999,24494500.0
2018-05-29,17.02,2.77,109.18,109.2,104.96,105.93,84.78,24494500.0
2018-05-30,14.94,2.84,107.64,108.6,106.65,108.35,86.72,17490800.0
2018-05-31,15.43,2.83,107.95,108.19,106.42,107.01,85.65,19808200.0
2018-06-01,13.46,2.89,108.34,108.94,107.8,108.4,86.76,13594200.0
2018-06-04,12.74,2.94,108.99,109.26,108.27,108.45,86.8,9415400.0
2018-06-05,12.4,2.92,108.24,108.31,107.07,107.84,86.31,10415200.0
2018-06-06,11.64,2.97,108.66,110.74,108.48,110.36,88.33,15453600.0
2018-06-07,12.13,2.93,111.18,111.5,110.03,110.8,88.68,13444400.0
2018-06-08,12.18,2.93,110.62,111.14,110.06,111.11,88.93,10383200.0
2018-06-11,12.35,2.96,111.12,111.91,110.77,110.83,88.7,12642900.0
2018-06-12,12.34,2.96,111.14,111.53,109.52,110.19,88.19,15294100.0
2018-06-13,12.94,2.98,110.46,111.45,109.58,109.97,88.01,14979700.0
2018-06-14,12.12,2.94,110.28,110.36,107.78,108.03,86.46,20487300.0
2018-06-15,11.98,2.93,107.8,108.38,106.27,107.9,86.36,24494500.0
2018-06-18,12.31,2.92,107.26,108.4,106.69,108.18,86.58,9786800.0
2018-06-19,13.35,2.89,106.9,107.88,106.6,107.55,86.08,12707200.0
2018-06-20,12.79,2.93,108.18,108.64,107.44,107.54,86.07,8876900.0
2018-06-21,14.64,2.9,107.1,108.21,106.53,107.51,86.05,11048700.0
2018-06-22,13.77,2.9,108.16,108.37,105.51,105.75,84.64,19478900.0
2018-06-25,17.33,2.87,105.66,105.7,103.96,104.79,83.87,16907600.0
2018-06-26,15.92,2.88,104.71,105.21,103.11,104.86,83.92,17086800.0
2018-06-27,17.91,2.83,104.68,105.92,103.23,103.24,82.63,16276800.0
2018-06-28,16.85,2.84,103.68,105.46,103.51,104.93,83.98,14491300.0
2018-06-29,16.09,2.85,106.68,106.9,104.15,104.2,83.4,18972400.0
2018-07-02,15.6,2.87,103.72,105.09,103.38,105.08,84.1,11130000.0
2018-07-03,16.14,2.83,105.41,105.78,103.52,103.61,82.92,8311700.0
2018-07-04,15.555,2.835,104.77,105.08,103.525,103.66499999999999,83.19,9517550.0
2018-07-05,14.97,2.84,104.13,104.38,103.53,103.72,83.46,10723400.0
2018-07-06,13.37,2.82,103.12,104.5,102.2,104.06,83.74,12173700.0
2018-07-09,12.69,2.86,104.71,107.46,104.71,107.28,86.33,13900800.0
2018-07-10,12.64,2.87,108.02,108.4,106.53,106.62,85.8,14575900.0
2018-07-11,13.63,2.85,106.31,107.06,106.21,106.39,85.61,10186500.0
2018-07-12,12.58,2.85,107.42,107.56,105.97,106.85,85.98,12456800.0
2018-07-13,12.18,2.83,107.3,107.8,105.14,106.36,85.59,21289100.0
2018-07-16,12.83,2.85,107.05,110.77,106.98,110.58,88.98,24494500.0
2018-07-17,12.06,2.86,110.69,110.93,109.75,110.5,88.92,14821900.0
2018-07-18,12.1,2.88,110.42,112.12,110.2,111.53,89.75,14244900.0
2018-07-19,12.87,2.84,111.06,111.09,109.73,109.89,88.43,16775300.0
2018-07-20,12.86,2.89,110.0,111.74,109.78,111.28,89.55,13578100.0
2018-07-23,12.62,2.96,111.06,114.24,110.93,113.35,91.21,18140000.0
2018-07-24,12.41,2.95,113.55,114.78,113.42,114.15,91.86,14000400.0
2018-07-25,12.29,2.94,113.88,115.52,113.38,115.18,92.68,13329100.0
2018-07-26,12.14,2.98,115.42,115.59,114.58,114.85,92.42,11897800.0
2018-07-27,13.03,2.96,115.18,116.3,114.81,116.03,93.37,12802700.0
2018-07-30,14.26,2.98,116.28,117.61,116.06,116.73,93.93,13411600.0
2018-07-31,12.83,2.96,117.08,117.08,114.82,114.95,92.5,15843800.0
2018-08-01,13.15,3.0,115.75,116.69,115.28,115.66,93.07,13531600.0
2018-08-02,12.19,2.98,114.57,116.25,114.33,116.15,93.47,11058100.0
2018-08-03,11.64,2.95,116.0,117.13,115.94,117.09,94.22,11016100.0
2018-08-06,11.27,2.94,116.79,117.53,116.18,117.12,94.25,9857400.0
2018-08-07,10.93,2.98,117.74,118.29,117.33,117.55,94.59,10562100.0
2018-08-08,10.85,2.96,117.33,118.27,117.28,117.79,94.79,8997100.0
2018-08-09,11.27,2.93,117.51,117.72,116.7,116.88,94.05,9694200.0
2018-08-10,13.16,2.87,115.5,115.95,114.68,115.73,93.13,12630600.0
2018-08-13,14.78,2.88,115.56,115.88,113.82,113.89,91.65,10336300.0
2018-08-14,13.31,2.89,114.27,115.04,113.65,114.65,92.26,10597600.0
2018-08-15,14.64,2.86,113.82,114.33,112.97,113.7,91.49,10152100.0
2018-08-16,13.45,2.87,114.35,115.31,114.3,114.77,92.35,10118600.0
2018-08-17,12.64,2.87,114.64,115.07,114.3,114.77,92.35,8505100.0
2018-08-20,12.49,2.82,114.59,115.05,114.11,114.62,92.23,8618700.0
2018-08-21,12.86,2.85,115.37,116.39,114.88,115.32,92.8,10976700.0
2018-08-22,12.25,2.82,115.31,115.41,114.78,114.97,92.52,8314700.0
2018-08-23,12.41,2.82,114.96,115.15,114.43,114.73,92.32,9265400.0
2018-08-24,11.99,2.82,114.98,115.22,114.45,114.68,92.28,8845700.0
2018-08-27,12.16,2.85,115.22,117.28,115.17,116.71,93.92,13768000.0
2018-08-28,12.5,2.88,117.0,117.03,115.97,116.14,93.46,8302600.0
2018-08-29,12.25,2.89,116.35,116.37,115.36,115.76,93.15,7221700.0
2018-08-30,13.53,2.86,115.59,116.04,114.98,115.19,92.69,8991800.0
2018-08-31,12.86,2.86,114.83,114.84,113.82,114.58,92.2,13065700.0
2018-09-03,13.085,2.8899999999999997,114.4625,115.14,113.6775,115.00750000000001,92.545,10897075.0
2018-09-04,13.16,2.9,114.34,115.24,113.63,115.15,92.66,10174200.0
2018-09-05,13.91,2.9,115.0,115.7,114.25,114.59,92.21,11462400.0
2018-09-06,14.65,2.88,114.5,114.7,113.5,114.1,91.82,9877600.0
2018-09-07,14.88,2.94,114.5,114.77,113.63,114.32,91.99,10955600.0
2018-09-10,14.16,2.94,114.85,114.97,113.66,113.71,91.5,8276900.0
2018-09-11,13.22,2.98,113.54,114.58,113.18,114.43,92.08,9333800.0
2018-09-12,13.14,2.97,114.25,114.88,112.85,113.08,91.0,10800800.0
2018-09-13,12.37,2.97,113.37,114.13,112.67,113.52,91.35,12470800.0
2018-09-14,12.07,2.99,113.81,114.49,113.23,113.5,91.33,10337900.0
2018-09-17,13.68,2.99,113.79,114.43,113.3,113.84,91.61,9561300.0
2018-09-18,12.79,3.05,114.33,114.66,113.56,114.3,91.98,7944200.0
2018-09-19,11.75,3.08,114.44,118.06,114.44,117.62,94.65,16052800.0
2018-09-20,11.8,3.07,118.5,119.24,118.08,118.63,95.46,15590000.0
2018-09-21,11.68,3.07,119.13,119.23,117.74,117.85,94.83,24494500.0
2018-09-24,12.2,3.08,117.76,118.46,116.43,116.72,93.92,12492500.0
2018-09-25,12.42,3.1,117.04,117.97,116.32,116.39,93.66,9308300.0
2018-09-26,12.89,3.06,116.75,116.87,114.66,115.02,92.56,14023600.0
2018-09-27,12.41,3.06,115.42,115.76,114.16,114.52,92.15,13283000.0
2018-09-28,12.12,3.05,113.65,114.24,112.52,112.84,90.8,15815100.0
2018-10-01,12.0,3.09,113.37,114.61,113.04,113.5,91.33,10146300.0
2018-10-02,12.05,3.05,113.36,114.12,112.81,113.97,91.71,13753100.0
2018-10-03,11.61,3.15,114.94,115.66,114.48,115.04,92.57,17142000.0
2018-10-04,14.22,3.19,114.55,116.81,114.21,115.27,93.41,16357400.0
2018-10-05,14.82,3.23,115.83,116.1,114.02,114.62,92.88,13777600.0
2018-10-08,15.69,3.215,114.25,115.78,113.35,115.32,93.45,14370900.0
2018-10-09,15.95,3.21,114.67,115.03,113.67,114.52,92.8,14069500.0
2018-10-10,22.96,3.22,114.7,114.95,111.47,111.47,90.33,23086400.0
2018-10-11,24.98,3.14,110.97,111.47,107.38,108.13,87.62,24494500.0
2018-10-12,21.31,3.15,110.37,110.83,105.6,106.95,86.66,24494500.0
2018-10-15,21.3,3.16,107.2,108.85,106.32,106.34,86.17,18903200.0
2018-10-16,17.62,3.16,107.16,108.78,106.73,108.62,88.02,19302800.0
2018-10-17,17.4,3.19,108.38,110.8,108.23,109.83,89.0,18794500.0
2018-10-18,20.06,3.17,109.02,109.84,107.81,108.09,87.59,17582500.0
2018-10-19,19.89,3.2,107.65,109.22,107.27,107.91,87.44,15234500.0
2018-10-22,19.64,3.2,108.15,108.34,106.11,106.36,86.19,16199100.0
2018-10-23,20.71,3.17,104.2,106.16,103.7,105.25,85.29,21407500.0
2018-10-24,25.23,3.1,104.76,105.03,102.91,103.29,83.7,23168900.0
2018-10-25,24.22,3.14,104.18,105.9,103.72,104.86,84.97,17464700.0
2018-10-26,24.16,3.08,104.0,104.56,102.73,103.42,83.8,19174900.0
2018-10-29,24.7,3.08,104.46,106.63,103.7,104.85,84.96,18445200.0
2018-10-30,23.35,3.12,105.71,106.98,104.86,106.7,86.46,18019700.0
2018-10-31,21.23,3.15,108.08,110.48,107.79,109.02,88.34,20860000.0
2018-11-01,19.34,3.14,109.62,110.22,108.32,108.98,88.31,13065000.0
2018-11-02,19.51,3.22,109.9,110.81,107.49,108.38,87.82,19009200.0
2018-11-05,19.96,3.2,108.61,109.29,108.42,109.09,88.4,10276400.0
2018-11-06,19.91,3.22,108.67,109.67,107.76,109.6,88.81,10825000.0
2018-11-07,16.36,3.22,110.37,111.73,109.35,111.48,90.34,12679600.0
2018-11-08,16.72,3.24,111.01,112.93,111.0,112.38,91.07,11662500.0
2018-11-09,17.36,3.19,112.23,112.36,110.83,111.29,90.18,10432200.0
2018-11-12,20.45,3.1525,111.42,111.94,108.6,108.95,88.29,13279700.0
2018-11-13,20.02,3.14,109.1,111.12,109.1,109.59,88.8,13746100.0
2018-11-14,21.25,3.12,110.23,110.71,105.98,107.33,86.97,18361400.0
2018-11-15,19.98,3.11,108.24,110.08,106.81,110.07,89.19,19100000.0
2018-11-16,18.14,3.08,109.45,110.76,108.55,109.99,89.13,13798600.0
2018-11-19,20.1,3.06,109.96,111.2,109.53,110.83,89.81,13987000.0
2018-11-20,22.48,3.06,109.78,110.49,107.98,108.45,87.88,18936200.0
2018-11-21,20.8,3.06,109.03,109.61,107.64,107.64,87.22,10619600.0
2018-11-22,21.16,3.0549999999999997,107.88499999999999,108.5,106.85,107.14500000000001,86.82,8554000.0
2018-11-23,21.52,3.05,106.74,107.39,106.06,106.65,86.42,6488400.0
2018-11-26,18.9,3.07,107.72,109.98,107.45,109.26,88.54,13948300.0
2018-11-27,19.02,3.06,108.76,110.03,108.63,109.72,88.91,9238200.0
2018-11-28,18.49,3.06,109.8,111.4,108.87,110.94,89.9,13977300.0
2018-11-29,18.79,3.03,110.27,110.8,109.64,110.06,89.19,11144300.0
2018-11-30,18.07,3.01,109.85,111.32,109.58,111.19,90.1,18652700.0
2018-12-03,16.44,2.98,112.38,112.89,111.74,112.24,90.95,16034500.0
2018-12-04,20.74,2.91,111.6,111.6,106.73,107.23,86.89,23555900.0
2018-12-05,20.965,2.89,108.30499999999999,108.47999999999999,104.805,106.21000000000001,86.065,24494500.0
2018-12-06,21.19,2.87,105.01,105.36,102.88,105.19,85.24,24494500.0
2018-12-07,23.23,2.85,105.16,106.98,102.91,103.29,83.7,19248600.0
2018-12-10,22.64,2.85,102.87,103.49,99.28,101.36,82.14,23636400.0
2018-12-11,21.76,2.89,103.13,103.66,100.21,100.37,81.33,16860700.0
2018-12-12,21.46,2.91,101.66,102.9,100.06,101.02,81.86,22621500.0
2018-12-13,20.65,2.91,101.55,101.97,100.67,101.12,81.94,17250900.0
2018-12-14,21.63,2.89,99.99,101.94,99.86,100.29,81.27,19879500.0
2018-12-17,24.52,2.86,99.77,100.56,98.44,99.01,80.23,24494500.0
2018-12-18,25.58,2.82,99.42,100.89,98.12,98.54,79.85,20837200.0
2018-12-19,25.58,2.77,98.41,100.58,96.6,97.29,78.84,24494500.0
2018-12-20,28.38,2.79,96.61,98.28,95.69,96.45,78.16,24494500.0
2018-12-21,30.11,2.79,96.68,98.43,93.69,94.17,76.31,24494500.0
2018-12-24,35.49250000000001,2.74,92.89,94.22,92.14,92.14,74.66,17009300.0
2018-12-25,33.24,2.7750000000000004,92.78999999999999,95.09,91.625,94.05,76.21000000000001,19776100.0
2018-12-26,30.41,2.81,92.69,95.96,91.11,95.96,77.76,22542900.0
2018-12-27,29.96,2.77,94.82,97.15,93.55,97.04,78.63,20304700.0
2018-12-28,28.34,2.72,97.95,98.32,96.44,96.83,78.46,17963300.0
2018-12-31,25.42,2.69,97.59,98.81,96.77,97.62,79.1,13237200.0
2019-01-01,24.32,2.675,96.77000000000001,99.295,96.355,98.465,79.785,14454050.0
2019-01-02,23.22,2.66,95.95,99.78,95.94,99.31,80.47,15670900.0
2019-01-03,25.45,2.56,98.64,98.89,96.69,97.11,79.33,16286400.0
2019-01-04,21.38,2.67,99.11,100.93,98.28,100.69,82.25,16935200.0
2019-01-07,21.4,2.7,100.43,101.47,99.71,100.76,82.31,15430700.0
2019-01-08,20.47,2.73,101.63,101.82,99.55,100.57,82.16,13578800.0
2019-01-09,19.98,2.74,100.81,101.49,99.93,100.4,82.02,14230300.0
2019-01-10,19.5,2.74,100.02,100.73,99.27,100.39,82.01,14376100.0
2019-01-11,18.19,2.71,99.89,100.17,98.95,99.91,81.62,15439900.0
2019-01-14,19.07,2.71,98.87,101.36,98.66,100.94,82.46,21258500.0
2019-01-15,18.6,2.72,98.89,102.47,98.6,101.68,83.06,24494500.0
2019-01-16,19.04,2.73,102.25,103.45,101.8,102.5,83.73,18533000.0
2019-01-17,18.06,2.75,102.11,103.5,101.92,102.92,84.08,14247600.0
2019-01-18,17.8,2.79,103.77,104.9,102.83,104.59,85.44,16428700.0
2019-01-21,20.05,2.7525000000000004,103.2525,103.9175,102.30499999999999,103.35249999999999,84.42750000000001,16919950.0
2019-01-22,20.8,2.74,103.08,103.59,102.13,102.94,84.09,17083700.0
2019-01-23,19.52,2.76,103.44,103.7,101.97,102.68,83.88,12146700.0
2019-01-24,18.89,2.72,102.13,103.09,101.94,102.74,83.93,11296800.0
2019-01-25,17.42,2.76,103.51,104.31,102.74,103.39,84.46,14369400.0
2019-01-28,18.87,2.75,102.89,104.24,102.59,103.88,84.86,12283100.0
2019-01-29,19.13,2.72,103.88,105.11,103.73,104.17,85.1,9743300.0
2019-01-30,17.66,2.7,104.14,105.24,103.78,104.41,85.29,12526300.0
2019-01-31,16.57,2.63,103.41,103.8,102.73,103.5,84.55,17520600.0
2019-02-01,16.14,2.7,104.0,104.85,103.52,103.88,84.86,13000800.0
2019-02-04,15.73,2.73,103.79,104.25,103.01,104.25,85.16,9871500.0
2019-02-05,15.57,2.71,104.52,104.55,103.29,103.79,84.79,12763000.0
2019-02-06,15.38,2.7,103.71,104.62,103.47,103.74,84.75,8745000.0
2019-02-07,16.37,2.65,103.25,103.5,101.44,102.38,83.64,13177500.0
2019-02-08,15.72,2.63,102.08,102.34,100.06,101.36,82.8,12892600.0
2019-02-11,15.97,2.65,101.76,102.01,100.77,100.88,82.41,10978500.0
2019-02-12,15.43,2.68,101.95,102.92,101.89,102.6,83.82,12852300.0
2019-02-13,15.65,2.71,102.9,103.85,102.9,103.09,84.22,10754100.0
2019-02-14,16.22,2.66,102.47,103.1,101.35,102.42,83.67,11518500.0
2019-02-15,14.91,2.66,103.9,105.7,103.66,105.55,86.23,14716900.0
2019-02-18,14.887500000000001,2.6525,104.6575,105.4525,103.77250000000001,105.27250000000001,85.9975,13252900.0
2019-02-19,14.88,2.65,104.91,105.37,103.81,105.18,85.92,12764900.0
2019-02-20,14.02,2.65,105.21,105.8,104.88,105.69,86.34,10030300.0
2019-02-21,14.46,2.69,105.45,105.99,104.96,105.47,86.16,8400100.0
2019-02-22,13.51,2.65,105.7,106.09,104.78,105.0,85.78,10647300.0
2019-02-25,14.85,2.67,105.75,107.27,105.69,106.1,86.67,11230700.0
2019-02-26,15.17,2.64,104.5,105.47,103.94,105.29,86.01,15465400.0
2019-02-27,14.7,2.69,105.18,105.38,104.51,105.16,85.91,9968800.0
2019-02-28,14.78,2.73,105.01,105.21,104.18,104.36,85.25,15156900.0
2019-03-01,13.57,2.76,105.1,105.91,104.2,104.43,85.31,13813300.0
2019-03-04,14.63,2.72,104.92,105.92,103.27,104.19,85.11,12466300.0
2019-03-05,14.74,2.72,104.13,104.55,103.26,104.11,85.05,10856600.0
2019-03-06,15.74,2.69,103.86,104.57,103.55,103.72,84.73,9070800.0
2019-03-07,16.59,2.64,103.25,103.47,102.16,102.97,84.12,12705700.0
2019-03-08,16.05,2.62,101.99,103.23,101.99,103.01,84.15,10582400.0
2019-03-11,14.33,2.64,103.98,104.55,103.66,104.35,85.24,9763200.0
2019-03-12,13.77,2.61,104.59,104.79,103.75,104.04,84.99,10219100.0
2019-03-13,13.41,2.61,104.19,104.98,103.95,104.39,85.28,13022200.0
2019-03-14,13.5,2.63,104.5,105.87,104.46,105.34,86.05,10926500.0
2019-03-15,12.88,2.59,105.41,106.8,105.23,106.55,87.04,24494500.0
2019-03-18,13.1,2.6,106.55,107.79,106.5,107.19,87.56,12935500.0
2019-03-19,13.56,2.61,108.2,108.4,106.55,106.8,87.25,12889300.0
2019-03-20,13.91,2.54,106.43,106.65,104.41,104.52,85.38,14920700.0
2019-03-21,13.63,2.54,103.49,103.49,102.28,102.87,84.04,19751000.0
2019-03-22,16.48,2.44,101.82,102.32,99.52,99.76,81.5,24494500.0
2019-03-25,16.33,2.43,99.59,100.57,98.09,98.93,80.82,21032300.0
2019-03-26,14.68,2.41,99.82,100.4,98.82,99.92,81.63,15987100.0
2019-03-27,15.15,2.39,99.88,100.45,99.08,99.58,81.35,12753200.0
2019-03-28,14.43,2.39,100.0,100.8,99.74,100.71,82.27,12454100.0
2019-03-29,13.71,2.41,101.54,101.99,100.59,101.23,82.7,14523400.0
2019-04-01,13.4,2.49,102.15,104.68,102.12,104.64,85.48,17499300.0
2019-04-02,13.36,2.48,104.6,105.44,104.33,105.14,85.89,10295400.0
2019-04-03,13.74,2.52,105.81,106.36,104.79,105.35,86.06,11499200.0
2019-04-04,13.58,2.51,104.55,105.73,104.45,105.56,86.89,11952100.0
2019-04-05,12.82,2.5,105.8,106.11,104.99,105.31,86.69,9933700.0
2019-04-08,13.18,2.52,105.11,105.65,104.91,105.65,86.97,8056300.0
2019-04-09,14.28,2.51,105.08,105.2,104.25,104.87,86.33,9092200.0
2019-04-10,13.3,2.48,105.13,105.72,104.47,105.34,86.71,10882300.0
2019-04-11,13.02,2.51,105.71,106.73,105.56,106.23,87.44,11183800.0
2019-04-12,12.01,2.56,109.44,111.85,108.88,111.21,91.54,24494500.0
2019-04-15,12.32,2.55,110.92,111.0,109.12,109.94,90.5,15163800.0
2019-04-16,12.18,2.6,109.9,111.39,109.86,111.1,91.45,11583200.0
2019-04-17,12.6,2.59,111.7,114.66,111.01,114.3,94.09,17791900.0
2019-04-18,12.09,2.57,114.53,114.95,113.33,113.46,93.4,12501900.0
2019-04-19,12.1725,2.5749999999999997,114.105,114.69500000000001,113.1625,113.49499999999999,93.42750000000001,11370400.0
2019-04-22,12.42,2.59,112.83,113.93,112.66,113.6,93.51,7975900.0
2019-04-23,12.28,2.57,113.0,114.37,112.85,113.74,93.63,9193100.0
2019-04-24,13.14,2.53,113.26,114.15,112.81,113.55,93.47,9245700.0
2019-04-25,13.25,2.54,113.01,114.15,112.5,113.61,93.52,9311800.0
2019-04-26,12.73,2.51,113.95,114.58,113.6,114.47,94.23,7889300.0
2019-04-29,13.11,2.54,114.6,117.16,114.45,116.12,95.59,14242200.0
2019-04-30,13.12,2.51,116.43,116.72,115.26,116.05,95.53,11389100.0
2019-05-01,14.8,2.52,115.72,117.0,115.11,115.16,94.8,10412900.0
2019-05-02,14.42,2.55,115.17,115.78,114.58,115.41,95.0,8613300.0
2019-05-03,12.87,2.54,116.0,116.68,115.67,116.12,95.59,8185400.0
2019-05-06,15.44,2.51,114.18,115.47,113.72,115.09,94.74,9387000.0
2019-05-07,19.32,2.45,114.03,114.03,112.29,113.21,93.19,15017700.0
2019-05-08,19.4,2.49,112.66,113.67,112.46,112.61,92.7,9575800.0
2019-05-09,19.1,2.45,111.14,112.74,110.58,112.52,92.62,12205900.0
2019-05-10,16.04,2.47,111.75,112.84,110.54,112.51,92.61,13189000.0
2019-05-13,20.55,2.4,110.08,110.45,108.98,109.45,90.1,13783700.0
2019-05-14,18.06,2.42,109.55,111.72,109.5,110.32,90.81,10503600.0
2019-05-15,16.44,2.37,109.21,110.9,108.61,109.9,90.47,10142000.0
2019-05-16,15.29,2.4,110.62,112.17,110.59,111.31,91.63,9672700.0
2019-05-17,15.96,2.39,110.0,111.75,109.83,110.77,91.18,9570100.0
2019-05-20,16.31,2.41,110.58,111.81,110.37,111.35,91.66,8518200.0
2019-05-21,14.95,2.43,111.44,111.92,111.22,111.73,91.97,7967900.0
2019-05-22,14.75,2.39,111.4,111.79,110.75,110.82,91.22,7918900.0
2019-05-23,16.92,2.31,109.64,109.79,107.5,108.64,89.43,14558000.0
2019-05-24,15.85,2.32,109.52,109.96,109.19,109.71,90.31,8537300.0
2019-05-27,17.0875,2.275,109.28,109.8625,108.6275,108.8175,89.575,10883450.0
2019-05-28,17.5,2.26,109.2,109.83,108.44,108.52,89.33,11665500.0
2019-05-29,17.9,2.25,107.45,108.4,107.06,108.22,89.08,9966400.0
2019-05-30,17.3,2.22,108.65,109.18,106.54,107.06,88.13,10367800.0
2019-05-31,18.71,2.14,105.56,106.59,104.84,105.96,87.22,10952800.0
2019-06-03,18.86,2.07,105.8,106.86,105.3,106.46,87.63,11680700.0
2019-06-04,16.97,2.12,107.85,109.9,107.13,109.74,90.33,12858600.0
2019-06-05,16.09,2.12,109.86,110.38,108.64,110.13,90.65,8340500.0
2019-06-06,15.93,2.12,110.15,110.87,108.93,110.37,90.85,8726700.0
2019-06-07,16.3,2.09,109.7,110.02,108.96,109.16,89.86,10618900.0
2019-06-10,15.94,2.15,110.75,111.21,110.22,110.34,90.83,11380600.0
2019-06-11,15.99,2.15,110.82,111.57,110.37,110.68,91.11,9847700.0
2019-06-12,15.91,2.13,110.7,110.9,108.89,109.27,89.95,9670500.0
2019-06-13,15.82,2.1,109.46,110.16,109.05,109.54,90.17,8406900.0
2019-06-14,15.28,2.09,109.57,110.3,108.63,109.82,90.4,9077400.0
2019-06-17,15.35,2.09,109.7,110.37,109.06,109.22,89.91,8128600.0
2019-06-18,15.15,2.06,109.01,111.41,108.98,110.71,91.13,11057300.0
2019-06-19,14.33,2.03,110.82,111.59,109.7,109.91,90.47,13126500.0
2019-06-20,14.75,2.01,110.88,111.09,109.03,110.19,90.7,13638000.0
2019-06-21,15.4,2.07,110.19,111.67,109.09,109.44,90.09,24494500.0
2019-06-24,15.26,2.02,109.28,109.77,108.54,108.66,89.44,13039600.0
2019-06-25,16.28,2.0,108.68,108.98,107.67,107.76,88.7,18660100.0
2019-06-26,16.21,2.05,108.3,109.31,108.16,108.48,89.3,10324600.0
2019-06-27,15.82,2.01,108.84,109.55,108.44,108.84,89.59,10906600.0
2019-06-28,15.08,2.0,111.04,112.43,110.9,111.8,92.03,21634700.0
2019-07-01,14.06,2.03,113.23,114.52,113.08,113.68,93.58,12724500.0
2019-07-02,12.93,1.98,113.51,114.2,113.22,113.8,93.68,10174900.0
2019-07-03,12.57,1.96,113.34,113.87,112.26,112.82,93.53,6849400.0
2019-07-04,12.925,2.0,113.425,114.07,112.59,113.155,93.805,7389400.0
2019-07-05,13.28,2.04,113.51,114.27,112.92,113.49,94.08,7929400.0
2019-07-08,13.96,2.05,112.96,113.48,112.5,112.87,93.57,6917200.0
2019-07-09,14.09,2.07,112.28,113.49,112.15,113.35,93.97,8947300.0
2019-07-10,13.03,2.07,113.37,113.83,112.74,113.02,93.69,9242300.0
2019-07-11,12.93,2.13,113.37,114.36,113.12,114.1,94.59,11595200.0
2019-07-12,12.39,2.12,114.13,115.35,113.93,115.3,95.58,10783400.0
2019-07-15,12.68,2.09,115.54,115.57,113.53,113.9,94.42,12946600.0
2019-07-16,12.86,2.13,113.48,115.5,112.92,115.12,95.43,16945000.0
2019-07-17,13.97,2.06,114.43,114.94,113.73,113.99,94.5,13120900.0
2019-07-18,13.53,2.04,113.93,115.07,113.55,114.67,95.06,9397200.0
2019-07-19,14.45,2.05,114.89,115.12,113.4,113.54,94.12,10402800.0
2019-07-22,13.53,2.05,112.91,114.45,112.77,114.27,94.73,9061100.0
2019-07-23,12.61,2.08,114.88,116.45,114.82,116.36,96.46,12752200.0
2019-07-24,12.07,2.05,115.58,116.88,115.52,116.83,96.85,10011000.0
2019-07-25,12.74,2.08,116.89,117.24,115.32,115.71,95.92,10138400.0
2019-07-26,12.16,2.08,115.77,116.51,115.53,116.22,96.35,12800400.0
2019-07-29,12.83,2.06,116.46,117.18,115.79,115.85,96.04,8500400.0
2019-07-30,13.94,2.06,115.19,116.08,114.76,115.59,95.82,7121100.0
2019-07-31,16.12,2.02,116.1,116.18,114.86,116.0,96.16,13648000.0
2019-08-01,17.87,1.9,115.33,116.8,112.6,112.94,93.63,15664500.0
2019-08-02,17.61,1.86,112.4,113.43,111.4,112.93,93.62,11025500.0
2019-08-05,24.59,1.75,110.79,110.98,108.27,109.57,90.83,15855300.0
2019-08-06,20.17,1.73,110.05,110.5,108.34,110.43,91.55,10203500.0
2019-08-07,19.49,1.71,108.0,108.28,105.94,108.03,89.56,17320900.0
2019-08-08,16.91,1.72,109.05,110.08,108.72,109.86,91.07,10903300.0
2019-08-09,17.97,1.74,109.35,110.45,108.29,109.74,90.97,9980800.0
2019-08-12,21.09,1.65,108.44,108.51,107.21,107.68,89.27,9393700.0
2019-08-13,17.52,1.68,107.95,110.33,107.03,109.34,90.64,12124700.0
2019-08-14,22.1,1.59,106.3,106.91,104.45,104.8,86.88,19491800.0
2019-08-15,21.18,1.52,104.82,106.38,104.34,105.2,87.21,13365600.0
2019-08-16,18.47,1.55,106.37,107.98,105.87,107.72,89.3,11830600.0
2019-08-19,16.88,1.6,109.63,109.75,108.42,108.69,90.1,8265400.0
2019-08-20,17.5,1.55,107.85,108.44,107.24,107.31,88.96,8374000.0
2019-08-21,15.8,1.59,108.21,108.43,107.45,107.61,89.21,8189300.0
2019-08-22,16.68,1.62,108.37,109.27,107.93,108.72,90.13,9343400.0
2019-08-23,19.87,1.52,108.0,108.78,105.11,106.02,87.89,14762300.0
2019-08-26,19.32,1.54,106.62,106.99,106.01,106.87,88.59,8209500.0
2019-08-27,20.31,1.49,107.35,107.56,104.84,105.74,87.66,14331800.0
2019-08-28,19.35,1.47,105.08,107.21,105.04,106.8,88.54,10585500.0
2019-08-29,17.88,1.5,108.14,109.89,108.02,109.22,90.54,10002200.0
2019-08-30,18.98,1.5,109.84,110.56,109.47,109.86,91.07,10170300.0
2019-09-02,19.490000000000002,1.4775,109.19500000000001,109.3825,107.85749999999999,108.885,90.2675,9944175.0
2019-09-03,19.66,1.47,108.98,108.99,107.32,108.56,90.0,9868800.0
2019-09-04,17.33,1.47,109.45,110.22,108.56,109.87,91.08,6929200.0
2019-09-05,16.27,1.57,111.25,113.72,111.2,112.37,93.15,13224700.0
2019-09-06,15.0,1.55,112.66,112.98,111.96,112.61,93.35,7836600.0
2019-09-09,15.27,1.63,113.71,116.06,113.6,115.4,95.67,13985100.0
2019-09-10,15.2,1.72,116.3,117.27,115.73,116.87,96.88,14333100.0
2019-09-11,14.61,1.75,116.89,117.2,115.38,117.19,97.15,9919200.0
2019-09-12,14.22,1.79,116.55,118.47,115.92,117.91,97.75,12283500.0
2019-09-13,13.74,1.9,119.0,120.4,118.75,120.23,99.67,16257200.0
2019-09-16,14.67,1.84,118.9,119.87,118.38,119.16,98.78,11993900.0
2019-09-17,14.44,1.81,118.42,118.61,117.24,118.57,98.29,10735400.0
2019-09-18,13.95,1.8,118.32,120.08,117.75,119.76,99.28,10665600.0
2019-09-19,14.05,1.79,119.7,120.34,119.09,119.38,98.96,9382600.0
2019-09-20,15.32,1.74,119.74,120.34,118.87,118.9,98.57,21862800.0
2019-09-23,14.91,1.72,117.78,119.12,117.68,118.88,98.55,9135100.0
2019-09-24,17.05,1.64,118.75,119.26,117.04,117.33,97.27,11696500.0
2019-09-25,15.96,1.73,117.27,118.36,117.12,118.0,97.82,9389400.0
2019-09-26,16.07,1.7,117.88,118.05,116.95,117.03,97.02,9899200.0
2019-09-27,17.22,1.69,117.96,118.64,117.28,117.72,97.59,10207800.0
2019-09-30,16.24,1.68,118.36,118.77,117.22,117.69,97.56,9755000.0
2019-10-01,18.56,1.65,118.4,119.0,115.41,115.55,95.79,11250300.0
2019-10-02,20.56,1.6,114.81,114.9,112.93,113.25,93.88,12548700.0
2019-10-03,19.12,1.54,112.27,112.91,110.52,112.19,93.75,12735200.0
2019-10-04,17.04,1.52,112.34,114.94,112.27,114.62,95.78,9453100.0
2019-10-07,17.86,1.56,114.19,115.5,114.07,114.37,95.57,6771600.0
2019-10-08,20.28,1.54,113.06,113.06,111.66,111.82,93.44,10806300.0
2019-10-09,18.64,1.59,112.67,113.16,112.07,112.63,94.12,7273700.0
2019-10-10,17.57,1.67,113.14,115.4,113.0,114.21,95.44,10994100.0
2019-10-11,15.58,1.76,116.03,117.99,115.87,116.14,97.05,15076500.0
2019-10-14,14.57,1.7675,115.85,116.87,115.66,116.45,97.31,8779000.0
2019-10-15,13.54,1.77,118.85,121.59,117.87,119.96,100.24,23379000.0
2019-10-16,13.68,1.75,119.96,120.62,119.38,119.68,100.01,11087700.0
2019-10-17,13.79,1.76,120.75,121.57,119.88,120.35,100.57,10818500.0
2019-10-18,14.25,1.76,120.0,121.02,119.86,120.56,100.74,10417400.0
2019-10-21,14.0,1.8,122.05,123.77,121.99,123.55,103.24,12714600.0
2019-10-22,14.46,1.78,123.45,125.1,123.12,124.79,104.28,12549100.0
2019-10-23,14.01,1.77,124.2,125.15,124.17,125.12,104.55,8828300.0
2019-10-24,13.71,1.77,125.29,125.66,124.07,125.03,104.48,8020500.0
2019-10-25,12.65,1.8,125.0,126.65,124.75,126.03,105.31,9055700.0
2019-10-28,13.11,1.85,126.57,127.21,126.4,126.51,105.72,9522200.0
2019-10-29,13.2,1.84,126.06,127.42,125.94,126.43,105.65,9797300.0
2019-10-30,12.33,1.78,126.05,126.26,124.92,125.73,105.06,8513700.0
2019-10-31,13.22,1.69,125.49,125.73,123.86,124.92,104.39,11589100.0
2019-11-01,12.3,1.73,126.2,127.99,126.02,127.8,106.79,11682600.0
2019-11-04,12.83,1.79,129.08,129.42,128.56,128.82,107.65,9159900.0
2019-11-05,13.1,1.86,129.39,130.3,128.84,129.1,107.88,13747600.0
2019-11-06,12.62,1.81,128.69,129.84,128.58,129.3,108.05,11231100.0
2019-11-07,12.73,1.92,130.43,131.29,129.92,130.0,108.63,13528900.0
2019-11-08,12.07,1.94,129.88,130.4,129.25,130.38,108.95,9293400.0
2019-11-11,12.69,1.925,129.6,130.1,129.35,129.92,108.57,8679000.0
2019-11-12,12.68,1.92,129.63,130.62,129.01,129.16,107.93,9099000.0
2019-11-13,13.0,1.88,128.13,128.82,127.42,128.48,107.36,8023300.0
2019-11-14,13.05,1.82,127.72,128.84,127.59,128.6,107.46,8483400.0
2019-11-15,12.05,1.84,129.23,129.53,128.4,129.53,108.24,10163600.0
2019-11-18,12.46,1.81,129.56,130.65,128.99,130.62,109.15,8749300.0
2019-11-19,12.86,1.79,130.99,131.25,130.18,130.58,109.12,8824500.0
2019-11-20,12.78,1.73,130.3,130.62,128.94,129.63,108.32,11782800.0
2019-11-21,13.13,1.77,130.0,130.72,129.39,129.93,108.57,7705500.0
2019-11-22,12.34,1.77,130.15,131.22,130.1,130.79,109.29,8167900.0
2019-11-25,11.87,1.76,131.25,132.07,130.87,131.49,109.88,10068500.0
2019-11-26,11.54,1.74,131.82,131.82,130.36,131.67,110.03,10490700.0
2019-11-27,11.75,1.77,132.29,132.43,131.65,132.06,110.35,6607900.0
2019-11-28,12.184999999999999,1.775,132.07999999999998,132.42000000000002,131.55,131.91,110.225,6159950.0
2019-11-29,12.62,1.78,131.87,132.41,131.45,131.76,110.1,5712000.0
2019-12-02,14.91,1.83,132.31,132.74,131.35,131.47,109.86,8615600.0
2019-12-03,15.96,1.72,129.77,129.96,128.59,129.78,108.45,10361300.0
2019-12-04,14.8,1.77,130.38,132.47,129.99,132.34,110.59,10318200.0
2019-12-05,14.52,1.8,132.68,133.31,132.18,133.06,111.19,9587400.0
2019-12-06,13.62,1.84,134.69,135.78,134.65,135.04,112.84,10170600.0
2019-12-09,15.86,1.83,134.63,135.46,134.41,134.41,112.32,8498200.0
2019-12-10,15.68,1.85,133.25,134.77,132.88,134.5,112.39,7532900.0
2019-12-11,14.99,1.79,134.29,135.02,134.01,134.18,112.12,9011900.0
2019-12-12,13.94,1.9,134.49,138.47,134.21,138.02,115.33,13717400.0
2019-12-13,12.63,1.82,137.95,138.83,136.22,136.81,114.32,10592100.0
2019-12-16,12.14,1.89,138.38,138.84,137.32,137.34,114.77,11372000.0
2019-12-17,12.29,1.89,137.73,138.67,137.23,138.18,115.47,11546800.0
2019-12-18,12.58,1.92,138.15,139.02,137.72,138.04,115.35,10381500.0
2019-12-19,12.5,1.92,137.76,138.22,137.1,137.35,114.77,9350400.0
2019-12-20,12.51,1.92,138.02,138.88,136.9,137.24,114.68,24494500.0
2019-12-23,12.61,1.93,137.6,137.91,136.88,137.2,114.65,9738400.0
2019-12-24,12.67,1.9,137.33,137.63,137.06,137.58,114.97,3324300.0
2019-12-25,12.66,1.9,137.61,138.36499999999998,137.42000000000002,138.31,115.58,5047600.0
2019-12-26,12.65,1.9,137.89,139.1,137.78,139.04,116.19,6770900.0
2019-12-27,13.43,1.88,139.3,139.77,138.67,139.14,116.27,7868200.0
2019-12-30,14.82,1.9,139.9,140.08,138.47,138.63,115.84,6963000.0
2019-12-31,13.78,1.92,138.51,139.48,138.29,139.4,116.49,7201600.0
2020-01-01,13.125,1.9,139.14999999999998,140.29,138.77499999999998,140.245,117.195,9002650.0
2020-01-02,12.47,1.88,139.79,141.1,139.26,141.09,117.9,10803700.0
2020-01-03,14.02,1.8,137.5,139.23,137.08,138.34,116.34,10386800.0
2020-01-06,13.85,1.81,136.56,138.27,136.5,138.23,116.25,10259000.0
2020-01-07,13.79,1.83,137.28,137.86,135.82,135.88,114.27,10531300.0
2020-01-08,13.45,1.87,135.7,137.58,135.6,136.94,115.17,9695300.0
2020-01-09,12.54,1.85,138.05,138.23,137.04,137.44,115.59,9469000.0
2020-01-10,12.56,1.83,137.21,137.25,135.81,136.07,114.43,10190900.0
2020-01-13,12.32,1.85,136.19,137.2,135.76,137.2,115.38,12355200.0
2020-01-14,12.39,1.82,137.94,140.76,137.69,138.8,116.73,24494500.0
2020-01-15,12.42,1.79,137.85,138.6,136.15,136.72,114.98,16293400.0
2020-01-16,12.32,1.81,137.45,137.9,136.84,137.25,115.43,10783800.0
2020-01-17,12.1,1.84,137.54,138.29,137.32,138.2,116.23,14697700.0
2020-01-20,12.6625,1.795,137.2775,138.125,136.8475,137.18,115.3675,10030075.0
2020-01-21,12.85,1.78,137.19,138.07,136.69,136.84,115.08,8474200.0
2020-01-22,12.91,1.77,137.24,137.4,136.38,136.68,114.95,7549100.0
2020-01-23,12.98,1.74,135.71,136.74,134.72,136.54,114.83,9345700.0
2020-01-24,14.56,1.7,136.37,136.43,132.32,133.15,111.98,15166400.0
2020-01-27,18.23,1.61,130.27,132.94,129.71,132.03,111.04,12860500.0
2020-01-28,16.28,1.65,132.84,134.97,132.48,134.43,113.06,13062800.0
2020-01-29,16.39,1.6,134.81,135.54,133.69,134.23,112.89,9326000.0
2020-01-30,15.49,1.57,132.69,136.13,132.69,135.89,114.28,9048900.0
2020-01-31,18.84,1.51,134.49,134.83,131.47,132.36,111.31,12785200.0
2020-02-03,17.97,1.54,132.66,134.24,132.66,133.37,112.16,10021100.0
2020-02-04,16.05,1.61,135.55,136.6,135.08,135.29,113.78,9157100.0
2020-02-05,15.15,1.66,136.57,137.73,136.01,137.59,115.71,10150700.0
2020-02-06,14.96,1.65,138.24,138.29,137.11,137.61,115.73,8992300.0
2020-02-07,15.47,1.59,136.73,137.67,136.3,137.17,115.36,6379800.0
2020-02-10,15.04,1.56,136.95,137.85,136.75,137.74,115.84,5960700.0
2020-02-11,15.18,1.59,138.26,138.82,137.78,138.0,116.06,6578600.0
2020-02-12,13.74,1.62,138.6,139.29,137.8,138.0,116.06,7958000.0
2020-02-13,14.15,1.61,137.75,138.34,136.4,137.88,115.96,7447500.0
2020-02-14,13.68,1.59,137.84,138.19,136.94,137.46,115.6,6627600.0
2020-02-17,14.5425,1.56,137.465,137.83,135.5225,136.095,114.45249999999999,8404200.0
2020-02-18,14.83,1.55,137.34,137.71,135.05,135.64,114.07,8996400.0
2020-02-19,14.38,1.56,136.91,138.39,136.34,137.49,115.63,7071200.0
2020-02-20,15.56,1.52,137.17,138.36,136.53,137.49,115.63,7422800.0
2020-02-21,17.08,1.46,136.55,136.92,134.92,135.81,114.22,9772800.0
2020-02-24,25.03,1.38,131.44,133.2,130.8,132.16,111.15,13618400.0
2020-02-25,27.85,1.33,131.0,132.23,125.59,126.26,106.18,20797200.0
2020-02-26,27.56,1.33,126.93,128.95,126.34,126.64,106.5,24494500.0
2020-02-27,35.49250000000001,1.3,122.91,125.62,121.3,121.37,102.07,23005500.0
2020-02-28,35.49250000000001,1.13,117.52,118.49,112.66,116.11,97.65,24494500.0
2020-03-02,33.42,1.1,116.63,121.58,114.46,121.52,102.2,24494500.0
2020-03-03,35.49250000000001,1.02,120.97,122.95,116.24,116.96,98.36,24494500.0
2020-03-04,31.99,1.02,118.33,120.19,114.7,119.85,100.79,24494500.0
2020-03-05,35.49250000000001,0.92,115.67,116.43,112.58,113.97,95.85,24494500.0
2020-03-06,35.49250000000001,0.74,106.26,110.32,105.02,108.08,90.89,24494500.0
2020-03-09,35.49250000000001,0.54,96.57,99.23,93.0,93.44,78.58,24494500.0
2020-03-10,35.49250000000001,0.76,99.0,101.28,94.58,100.7,84.69,24494500.0
2020-03-11,35.49250000000001,0.82,97.7,100.05,94.55,95.96,80.7,24494500.0
2020-03-12,35.49250000000001,0.88,89.59,96.96,86.32,88.05,74.05,24494500.0
2020-03-13,35.49250000000001,0.94,95.99,103.99,92.0,103.91,87.39,24494500.0
2020-03-16,35.49250000000001,0.73,85.2,93.98,84.55,88.36,74.31,24494500.0
2020-03-17,35.49250000000001,1.02,90.89,97.44,87.5,93.76,78.85,24494500.0
2020-03-18,35.49250000000001,1.18,87.67,90.79,80.36,83.89,70.55,24494500.0
2020-03-19,35.49250000000001,1.12,81.56,88.11,76.91,85.3,71.74,24494500.0
2020-03-20,35.49250000000001,0.92,86.3,89.46,82.48,83.5,70.22,24494500.0
2020-03-23,35.49250000000001,0.76,82.68,83.75,78.09,79.03,66.46,24494500.0
2020-03-24,35.49250000000001,0.84,84.9,90.1,82.9,88.43,74.37,24494500.0
2020-03-25,35.49250000000001,0.88,89.24,95.15,84.54,91.73,77.14,24494500.0
2020-03-26,35.49250000000001,0.83,94.08,98.57,93.54,98.12,82.52,24494500.0
2020-03-27,35.49250000000001,0.72,93.19,94.84,90.55,91.13,76.64,24494500.0
2020-03-30,35.49250000000001,0.7,90.65,94.09,89.3,93.5,78.63,21656900.0
2020-03-31,35.49250000000001,0.7,92.05,94.17,89.34,90.03,75.71,23379300.0
2020-04-01,35.49250000000001,0.62,85.1,86.56,83.25,84.36,70.95,24494500.0
2020-04-02,35.49250000000001,0.63,83.51,87.91,82.96,87.51,73.6,24018000.0
2020-04-03,35.49250000000001,0.62,86.0,87.48,82.77,84.05,71.42,21199400.0
2020-04-06,35.49250000000001,0.67,88.99,90.99,87.7,89.46,76.02,24494500.0
2020-04-07,35.49250000000001,0.75,94.45,94.5,90.38,90.64,77.02,22563800.0
2020-04-08,35.49250000000001,0.77,92.1,94.86,90.55,94.3,80.13,22903300.0
2020-04-09,35.49250000000001,0.73,96.92,104.39,96.89,102.76,87.32,24494500.0
2020-04-10,35.49250000000001,0.7375,98.4675,104.07000000000001,96.9925,101.6175,86.35,24494500.0
2020-04-13,35.49250000000001,0.76,103.11,103.11,97.3,98.19,83.44,24494500.0
2020-04-14,35.49250000000001,0.76,101.02,102.0,93.64,95.5,81.15,24494500.0
2020-04-15,35.49250000000001,0.63,91.15,92.03,90.13,90.79,77.15,24494500.0
2020-04-16,35.49250000000001,0.61,90.23,90.57,87.05,87.33,74.21,24494500.0
2020-04-17,35.49250000000001,0.65,92.0,95.7,90.96,95.18,80.88,24494500.0
2020-04-20,35.49250000000001,0.63,92.47,94.71,90.46,91.71,77.93,23679400.0
2020-04-21,35.49250000000001,0.58,88.62,91.38,88.33,89.05,75.67,23035000.0
2020-04-22,35.49250000000001,0.63,90.69,91.87,89.18,89.34,75.92,16662400.0
2020-04-23,35.49250000000001,0.61,89.74,91.28,89.26,89.39,75.96,16638800.0
2020-04-24,35.49250000000001,0.6,90.64,91.1,88.49,90.71,77.08,15809200.0
2020-04-27,33.29,0.67,91.94,95.63,91.54,94.62,80.4,22870200.0
2020-04-28,33.57,0.62,97.81,98.36,95.03,95.29,80.97,20238900.0
2020-04-29,31.23,0.63,99.08,99.45,97.27,97.86,83.16,20462600.0
2020-04-30,34.15,0.64,95.6,96.84,94.55,95.76,81.37,19127600.0
2020-05-01,35.49250000000001,0.64,93.5,93.74,91.84,93.25,79.24,18547700.0
2020-05-04,35.49250000000001,0.64,92.02,92.67,90.8,92.14,78.29,15725900.0
2020-05-05,33.61,0.66,93.65,94.21,91.9,92.0,78.18,18064100.0
2020-05-06,34.12,0.72,92.16,92.76,89.93,90.27,76.71,20978000.0
2020-05-07,31.44,0.63,91.34,92.91,90.58,91.21,77.5,16771900.0
2020-05-08,27.98,0.69,92.8,94.08,92.11,92.7,78.77,20487800.0
2020-05-11,27.57,0.73,91.11,91.11,89.33,89.97,76.45,24494500.0
2020-05-12,33.04,0.69,90.15,90.79,86.9,87.03,73.95,24494500.0
2020-05-13,35.28,0.64,86.38,86.86,83.4,84.03,71.4,24494500.0
2020-05-14,32.61,0.63,82.72,88.11,82.4,87.52,74.37,24494500.0
2020-05-15,31.89,0.64,86.85,87.28,85.3,85.9,72.99,24494500.0
2020-05-18,29.3,0.73,88.69,91.15,87.88,90.45,76.86,24494500.0
2020-05-19,30.53,0.7,90.05,91.2,88.59,88.67,75.35,19597300.0
2020-05-20,27.99,0.68,90.71,92.39,90.37,91.33,77.61,20552400.0
2020-05-21,29.53,0.68,90.27,91.76,89.67,90.17,76.62,14621400.0
2020-05-22,28.16,0.66,90.01,90.36,88.72,89.47,76.03,13557900.0
2020-05-25,28.0475,0.6825,92.17,95.715,91.6375,94.23249999999999,80.0725,24494500.0
2020-05-26,28.01,0.69,92.89,97.5,92.61,95.82,81.42,24494500.0
2020-05-27,27.62,0.68,102.07,102.58,98.8,101.37,86.14,24494500.0
2020-05-28,28.59,0.7,102.94,102.95,99.4,99.86,84.85,24494500.0
2020-05-29,27.51,0.65,98.66,99.18,96.78,97.31,82.69,24494500.0
2020-06-01,28.23,0.66,97.75,99.51,97.38,98.6,83.78,15176800.0
2020-06-02,26.84,0.68,100.28,100.42,97.93,98.93,84.06,21195000.0
2020-06-03,25.66,0.77,101.58,104.92,101.06,104.27,88.6,24494500.0
2020-06-04,25.81,0.82,103.82,106.61,102.79,106.44,90.45,24494500.0
2020-06-05,24.52,0.91,114.93,115.77,109.53,111.23,94.52,24494500.0
2020-06-08,25.81,0.88,113.41,114.19,111.94,113.45,96.4,24494500.0
2020-06-09,27.57,0.84,110.65,111.63,109.01,110.54,93.93,17031100.0
2020-06-10,27.57,0.75,110.46,110.51,105.85,106.06,90.12,24494500.0
2020-06-11,35.49250000000001,0.66,100.03,101.58,96.54,97.21,82.6,24494500.0
2020-06-12,35.49250000000001,0.71,100.71,101.13,97.33,99.87,84.86,24494500.0
2020-06-15,34.4,0.71,96.42,101.43,95.87,101.25,86.04,22153600.0
2020-06-16,33.67,0.75,105.37,105.68,99.31,102.06,86.72,22193600.0
2020-06-17,33.47,0.74,102.53,102.54,99.21,99.48,84.53,15639800.0
2020-06-18,32.94,0.71,98.67,100.52,98.13,98.94,84.07,16591900.0
2020-06-19,35.12,0.7,100.53,100.6,96.73,97.81,83.11,24494500.0
2020-06-22,31.77,0.71,97.25,97.95,96.54,96.75,82.21,16216900.0
2020-06-23,31.37,0.72,98.97,99.97,97.85,97.93,83.21,15381400.0
2020-06-24,33.84,0.69,96.75,96.84,94.31,94.66,80.44,22919800.0
2020-06-25,32.22,0.68,94.35,98.21,94.26,97.96,83.24,24494500.0
2020-06-26,34.73,0.64,95.11,95.37,92.0,92.59,78.68,24494500.0
2020-06-29,31.78,0.64,93.4,94.49,92.18,93.0,79.03,18499700.0
2020-06-30,30.43,0.66,92.83,94.66,92.57,94.06,79.93,19137000.0
2020-07-01,28.62,0.69,94.89,95.71,93.03,93.26,79.25,18755700.0
2020-07-02,27.68,0.68,94.74,94.96,91.93,92.66,79.5,24494500.0
2020-07-03,27.745,0.6825,94.6625,95.02,92.31750000000001,93.245,80.0025,24494500.0
2020-07-06,27.94,0.69,94.43,95.2,93.48,95.0,81.51,18625300.0
2020-07-07,29.43,0.65,93.82,94.1,92.0,92.32,79.21,24494500.0
2020-07-08,28.08,0.67,92.29,93.34,91.8,93.3,80.05,18762200.0
2020-07-09,29.26,0.62,93.52,94.12,90.78,91.28,78.32,24494500.0
2020-07-10,27.29,0.65,92.0,96.84,91.87,96.27,82.6,24494500.0
2020-07-13,32.19,0.64,98.73,99.27,96.23,97.65,83.79,24494500.0
2020-07-14,29.52,0.63,98.37,99.95,96.64,98.21,84.27,24494500.0
2020-07-15,27.76,0.64,100.89,101.29,98.65,99.73,85.57,22508400.0
2020-07-16,28.0,0.62,98.78,101.22,98.55,100.01,85.81,16886900.0
2020-07-17,25.68,0.64,100.0,100.08,98.14,98.16,84.22,16137700.0
2020-07-20,24.46,0.62,97.43,98.39,97.26,97.3,83.48,14458100.0
2020-07-21,24.84,0.61,97.71,100.05,97.64,99.41,85.3,17798100.0
2020-07-22,24.32,0.6,99.65,100.13,97.53,98.69,84.68,14271200.0
2020-07-23,26.08,0.59,98.5,99.35,97.97,98.98,84.93,12870200.0
2020-07-24,25.84,0.59,99.6,99.8,97.94,98.28,84.33,12744200.0
2020-07-27,24.74,0.62,97.51,97.63,96.17,96.9,83.14,11959100.0
2020-07-28,25.44,0.59,96.5,97.89,96.5,97.32,83.5,11754300.0
2020-07-29,24.1,0.58,97.07,99.71,97.0,99.68,85.53,12743500.0
2020-07-30,24.76,0.55,97.54,97.74,96.05,97.02,83.24,14834800.0
2020-07-31,24.46,0.55,96.48,96.93,95.25,96.64,82.92,14535000.0
2020-08-03,24.28,0.56,97.02,97.57,95.85,96.1,82.46,12962800.0
2020-08-04,23.76,0.52,95.91,95.95,95.03,95.55,81.98,13366200.0
2020-08-05,22.99,0.55,95.87,98.47,95.72,97.21,83.41,15260900.0
2020-08-06,22.65,0.55,97.58,98.1,96.54,97.24,83.43,10482100.0
2020-08-07,22.21,0.57,96.93,99.49,96.56,99.38,85.27,14743700.0
2020-08-10,22.13,0.59,100.11,102.04,100.03,100.64,86.35,14989900.0
2020-08-11,24.03,0.64,103.86,106.16,103.51,103.82,89.08,24494500.0
2020-08-12,22.28,0.69,106.16,106.43,101.71,102.94,88.32,19240800.0
2020-08-13,22.13,0.71,102.0,103.36,101.64,102.37,87.84,13598600.0
2020-08-14,22.05,0.71,101.5,103.31,101.42,102.41,87.87,12134400.0
2020-08-17,21.35,0.69,101.5,102.0,99.53,99.71,85.55,14988000.0
2020-08-18,21.51,0.67,99.91,99.91,98.12,98.32,84.36,13246500.0
2020-08-19,22.54,0.68,98.92,100.59,98.34,98.55,84.56,13533000.0
2020-08-20,22.72,0.65,97.26,98.03,96.8,97.37,83.54,13672600.0
2020-08-21,22.54,0.64,97.27,98.57,96.94,97.32,83.5,12228300.0
2020-08-24,22.37,0.65,98.45,100.21,97.42,100.06,85.85,17898300.0
2020-08-25,22.03,0.69,101.27,101.98,99.8,100.5,86.23,13648900.0
2020-08-26,23.27,0.69,99.94,100.27,99.05,99.09,85.02,12052400.0
2020-08-27,24.47,0.74,99.0,102.65,99.0,102.35,87.82,22163900.0
2020-08-28,22.96,0.74,103.14,103.25,101.81,102.77,88.18,13756700.0
2020-08-31,26.41,0.72,102.12,102.18,100.02,100.19,85.96,14219400.0
2020-09-01,26.12,0.68,99.55,100.87,99.04,100.14,85.92,11595600.0
2020-09-02,26.57,0.66,99.95,101.94,99.56,101.65,87.22,14475700.0
2020-09-03,33.6,0.63,103.32,104.99,100.64,101.33,86.94,23281200.0
2020-09-04,30.75,0.72,104.05,105.21,101.37,103.52,88.82,24494500.0
2020-09-07,31.2825,0.6975,103.2475,103.97999999999999,99.9525,100.82,86.5025,23162825.0
2020-09-08,31.46,0.69,102.98,103.57,99.48,99.92,85.73,22108600.0
2020-09-09,28.81,0.71,100.8,101.69,99.56,100.87,86.55,13434000.0
2020-09-10,29.71,0.68,101.4,102.42,99.64,99.83,85.66,15922800.0
2020-09-11,26.87,0.67,99.97,101.36,99.59,101.07,86.72,13784300.0
2020-09-14,25.85,0.68,101.51,103.46,101.37,102.47,87.92,19017400.0
2020-09-15,25.59,0.68,102.73,102.85,99.14,99.28,85.18,23683000.0
2020-09-16,26.04,0.69,99.43,101.13,98.76,99.7,85.54,19270600.0
2020-09-17,26.46,0.69,98.7,99.34,97.71,98.56,84.57,18290100.0
2020-09-18,25.83,0.7,97.89,99.49,97.44,98.35,84.39,20121600.0
2020-09-21,27.78,0.68,95.2,96.05,93.82,95.31,81.78,24494500.0
2020-09-22,26.86,0.68,94.96,95.66,93.67,94.27,80.89,19257000.0
2020-09-23,28.58,0.68,94.78,95.35,92.66,92.74,79.57,19952700.0
2020-09-24,28.51,0.67,92.32,94.3,91.38,92.66,79.5,18366500.0
2020-09-25,26.38,0.66,92.05,93.72,91.87,93.47,80.2,13293100.0
2020-09-28,26.19,0.67,95.06,96.93,94.35,96.16,82.51,20894100.0
2020-09-29,26.27,0.66,96.03,96.03,94.33,95.35,81.81,12848200.0
2020-09-30,26.37,0.69,95.35,97.2,95.26,96.27,82.6,16400600.0
2020-10-01,26.7,0.68,97.12,97.77,96.03,96.97,83.2,15778700.0
2020-10-02,27.63,0.7,95.25,98.59,95.09,97.89,83.99,15149600.0
2020-10-05,27.96,0.78,98.32,99.25,97.53,99.04,85.77,13871900.0
2020-10-06,29.48,0.76,100.07,100.86,97.51,98.02,84.88,19220400.0
2020-10-07,28.06,0.81,98.96,100.35,98.67,99.73,86.36,16358500.0
2020-10-08,26.36,0.78,100.51,101.92,99.9,101.78,88.14,15659000.0
2020-10-09,25.0,0.79,102.0,102.11,100.11,101.2,87.64,13689100.0
2020-10-12,25.07,0.7525,101.1,103.0,100.85,102.44,88.71,16058000.0
2020-10-13,26.07,0.74,103.0,103.22,100.26,100.78,87.27,21697300.0
2020-10-14,26.4,0.73,101.03,101.93,100.1,100.22,86.79,15204100.0
2020-10-15,26.97,0.74,99.1,101.78,99.04,101.72,88.09,17171200.0
2020-10-16,27.41,0.76,101.41,102.33,100.72,101.51,87.91,13275000.0
2020-10-19,29.18,0.78,101.6,101.87,99.56,99.8,86.42,11725700.0
2020-10-20,29.35,0.81,100.31,101.77,100.12,100.37,86.92,11257100.0
2020-10-21,28.65,0.83,100.36,100.99,99.33,99.37,86.05,10730500.0
2020-10-22,28.11,0.87,99.32,103.24,99.31,102.88,89.09,14837200.0
2020-10-23,27.55,0.85,103.5,104.45,102.93,103.81,89.9,15087600.0
2020-10-26,32.46,0.81,102.65,102.7,100.25,101.24,87.67,12410700.0
2020-10-27,33.35,0.79,100.51,100.92,99.16,99.33,86.02,10391700.0
2020-10-28,35.49250000000001,0.79,97.5,98.3,96.07,96.54,83.6,16389500.0
2020-10-29,35.49250000000001,0.85,96.12,97.98,95.24,97.17,84.15,14208800.0
2020-10-30,35.49250000000001,0.88,97.91,98.42,96.23,98.04,84.9,15194500.0
2020-11-02,35.49250000000001,0.87,99.39,100.88,97.86,100.25,86.81,15011600.0
2020-11-03,35.49250000000001,0.9,103.02,104.74,102.69,103.41,89.55,17482600.0
2020-11-04,29.57,0.78,101.0,102.07,98.93,100.25,86.81,18886500.0
2020-11-05,27.58,0.79,101.06,105.1,101.0,104.35,90.36,17837400.0
2020-11-06,24.86,0.83,105.03,105.1,102.39,102.96,89.16,12552800.0
2020-11-09,25.75,0.96,113.16,118.9,110.35,116.9,101.23,24494500.0
2020-11-10,24.8,0.98,117.35,117.45,114.69,116.52,100.9,20539300.0
2020-11-11,23.45,0.9299999999999999,116.89,116.96,113.96,114.78,99.4,14443400.0
2020-11-12,25.35,0.88,112.53,113.96,112.06,113.37,98.18,22063000.0
2020-11-13,23.1,0.89,114.7,114.86,113.57,114.08,98.79,11847900.0
2020-11-16,22.45,0.91,117.79,118.61,115.73,117.3,101.58,19858600.0
2020-11-17,22.71,0.87,115.39,116.44,114.58,116.11,100.55,14553200.0
2020-11-18,23.84,0.88,117.34,118.61,115.2,115.25,99.8,12571200.0
2020-11-19,23.11,0.86,114.18,115.82,113.56,115.56,100.07,10202500.0
2020-11-20,23.7,0.83,114.43,115.65,114.09,114.57,99.21,12718900.0
2020-11-23,22.66,0.86,116.05,118.17,115.57,117.87,102.07,13209200.0
2020-11-24,21.64,0.88,120.07,123.5,119.71,123.32,106.79,20121600.0
2020-11-25,21.25,0.88,121.37,122.38,120.47,122.03,105.68,11715600.0
2020-11-26,21.045,0.86,121.685,122.365,120.775,121.625,105.325,8849600.0
2020-11-27,20.84,0.84,122.0,122.35,121.08,121.22,104.97,5983600.0
2020-11-30,20.57,0.84,120.0,120.72,117.77,117.88,102.08,14411800.0
2020-12-01,20.77,0.92,120.34,121.58,119.63,119.74,103.69,12668900.0
2020-12-02,21.17,0.95,119.7,122.31,119.27,122.04,105.68,10811300.0
2020-12-03,21.28,0.92,121.85,121.89,120.36,121.24,104.99,12904400.0
2020-12-04,20.79,0.97,122.48,123.29,121.69,122.34,105.94,13583700.0
2020-12-07,21.3,0.94,121.15,122.17,120.21,121.88,105.55,9724300.0
2020-12-08,20.68,0.92,121.04,122.33,120.76,122.0,105.65,9592100.0
2020-12-09,22.27,0.95,123.17,123.3,120.44,121.05,104.83,13073900.0
2020-12-10,22.52,0.92,119.99,120.78,119.56,120.27,104.15,13668400.0
2020-12-11,23.31,0.9,118.94,120.02,118.37,119.56,103.54,9981600.0
2020-12-14,24.72,0.9,121.34,121.42,118.11,118.3,102.45,12112400.0
2020-12-15,22.89,0.92,119.29,120.9,118.62,120.32,104.19,12590200.0
2020-12-16,22.5,0.92,120.3,121.08,119.86,120.67,104.5,11169400.0
2020-12-17,21.93,0.94,121.26,121.45,119.58,119.67,103.63,11618000.0
2020-12-18,21.57,0.95,119.14,119.88,118.27,119.08,103.12,24494500.0
2020-12-21,25.16,0.95,123.17,125.0,121.09,123.55,106.99,24494500.0
2020-12-22,24.23,0.93,123.39,123.52,121.61,121.67,105.36,11788200.0
2020-12-23,23.31,0.96,122.78,126.52,122.35,125.07,108.31,14973200.0
2020-12-24,21.53,0.94,125.09,125.55,123.57,124.52,107.83,4164900.0
2020-12-25,21.5725,0.94,125.27250000000001,125.825,123.875,124.725,108.0075,5141825.0
2020-12-28,21.7,0.94,125.82,126.65,124.79,125.34,108.54,8072600.0
2020-12-29,23.08,0.94,126.2,126.28,124.89,125.01,108.26,8389200.0
2020-12-30,22.77,0.93,125.49,125.85,124.9,125.36,108.56,7398000.0
2020-12-31,22.75,0.93,125.09,127.33,124.82,127.07,110.04,8580200.0
2021-01-01,23.805,0.93,125.6925,127.4625,124.81,126.77,109.78,10640125.0
2021-01-04,26.97,0.93,127.5,127.86,124.78,125.87,109.0,16819900.0
2021-01-05,25.34,0.96,124.99,126.3,123.77,125.65,109.59,13731200.0
2021-01-06,25.07,1.04,129.88,132.77,127.88,131.55,114.74,24494500.0
2021-01-07,22.37,1.08,135.69,138.19,134.92,135.87,118.51,21940400.0
2021-01-08,21.56,1.13,135.97,136.35,134.12,136.02,118.64,12035100.0
2021-01-11,24.08,1.15,134.58,138.2,134.11,138.05,120.41,15937900.0
2021-01-12,23.33,1.15,139.44,141.66,138.83,140.22,122.3,18033500.0
2021-01-13,22.21,1.1,138.59,140.79,138.1,140.35,122.42,14816800.0
2021-01-14,23.25,1.15,140.49,142.75,140.0,141.17,123.13,18565600.0
2021-01-15,24.34,1.11,137.43,141.65,137.01,138.64,120.92,24494500.0
2021-01-18,23.515,1.1025,139.2525,140.9375,137.6175,138.19,120.53,21853100.0
2021-01-19,23.24,1.1,139.86,140.7,137.82,138.04,120.4,19843800.0
2021-01-20,21.58,1.1,137.82,138.17,135.44,135.97,118.59,16028800.0
2021-01-21,21.32,1.12,135.69,136.16,134.32,134.83,117.6,13411700.0
2021-01-22,21.91,1.1,132.69,134.4,132.2,133.79,116.69,12933200.0
2021-01-25,23.19,1.05,132.14,133.17,130.06,132.12,115.24,14212800.0
2021-01-26,23.02,1.05,132.75,133.17,131.34,131.58,114.77,11307800.0
2021-01-27,35.49250000000001,1.04,129.59,129.85,127.35,127.86,111.52,17603900.0
2021-01-28,30.21,1.07,129.9,132.17,128.99,130.11,113.48,13761800.0
2021-01-29,33.09,1.11,131.19,131.72,128.19,128.67,112.23,14808100.0
2021-02-01,30.24,1.09,129.4,130.07,128.48,129.62,113.06,11080700.0
2021-02-02,25.56,1.12,131.94,134.39,131.22,133.61,116.54,12253600.0
2021-02-03,22.91,1.15,133.65,135.76,133.51,135.14,117.87,10600800.0
2021-02-04,21.77,1.15,135.47,138.66,135.47,138.25,120.58,12419500.0
2021-02-05,20.87,1.19,139.39,139.49,137.38,137.98,120.35,10051300.0
2021-02-08,21.24,1.19,138.2,140.3,138.18,140.14,122.23,10136400.0
2021-02-09,21.63,1.18,139.43,139.98,138.54,139.58,121.74,8614800.0
2021-02-10,21.99,1.15,140.0,140.87,139.04,139.66,121.81,10323200.0
2021-02-11,21.25,1.16,139.66,140.55,138.22,139.27,121.47,9201000.0
2021-02-12,19.97,1.2,139.05,141.61,139.0,141.25,123.2,8324600.0
2021-02-15,21.0875,1.275,142.425,144.39249999999998,141.55,143.8,125.42750000000001,11179100.0
2021-02-16,21.46,1.3,143.55,145.32,142.4,144.65,126.17,12130600.0
2021-02-17,21.5,1.29,143.95,145.38,143.12,145.1,126.56,10810100.0
2021-02-18,22.49,1.29,144.0,145.79,143.4,145.59,126.99,10587800.0
2021-02-19,22.05,1.34,145.86,148.84,145.86,148.02,129.11,11969800.0
2021-02-22,23.45,1.37,146.87,150.19,146.79,149.41,130.32,11488400.0
2021-02-23,23.11,1.37,151.51,152.31,149.59,150.61,131.36,16234400.0
2021-02-24,21.34,1.38,150.11,153.76,150.11,153.26,133.68,15061400.0
2021-02-25,28.89,1.54,154.27,154.9,150.59,151.18,131.86,18127700.0
2021-02-26,27.95,1.44,150.3,150.87,146.51,147.17,128.36,19829200.0
2021-03-01,23.35,1.45,149.52,151.38,148.48,150.5,131.27,14845500.0
2021-03-02,24.1,1.42,150.08,151.78,149.84,150.01,130.84,14221700.0
2021-03-03,26.67,1.47,151.23,154.98,150.82,152.91,133.37,14324100.0
2021-03-04,28.57,1.54,152.61,154.38,148.62,150.56,131.32,20093900.0
2021-03-05,24.66,1.56,153.22,153.49,147.97,150.91,131.63,18465100.0
2021-03-08,25.47,1.59,152.47,155.46,150.75,152.91,133.37,17133300.0
2021-03-09,24.03,1.55,151.5,154.25,149.82,151.83,132.43,16238800.0
2021-03-10,22.56,1.53,151.91,156.16,151.51,155.13,135.31,14342200.0
2021-03-11,21.91,1.54,154.11,156.15,153.36,154.32,134.6,11771500.0
2021-03-12,20.69,1.64,156.86,157.63,155.07,156.15,136.2,12849500.0
2021-03-15,20.03,1.62,156.35,156.92,153.96,155.37,135.52,12101100.0
2021-03-16,19.79,1.62,154.09,154.6,152.19,153.51,133.89,12805600.0
2021-03-17,19.23,1.63,155.34,156.88,153.05,155.09,135.27,13952400.0
2021-03-18,21.58,1.71,157.6,161.69,157.11,157.65,137.5,21898500.0
2021-03-19,20.95,1.74,155.51,155.94,151.19,155.14,135.32,24494500.0
2021-03-22,18.88,1.69,152.8,153.97,150.61,150.97,131.68,19944800.0
2021-03-23,20.3,1.63,150.33,152.12,148.96,149.46,130.36,17076300.0
2021-03-24,21.2,1.62,150.0,153.18,149.86,150.62,131.37,13079800.0
2021-03-25,19.81,1.63,150.0,152.97,149.33,152.55,133.06,15608300.0
2021-03-26,18.86,1.67,154.3,155.45,152.55,155.09,135.27,16754400.0
2021-03-29,20.74,1.73,152.12,153.73,151.04,152.68,133.17,17570300.0
2021-03-30,19.61,1.73,154.46,155.87,153.88,154.48,134.74,13184300.0
2021-03-31,19.4,1.74,153.28,154.49,152.12,152.23,132.78,16736700.0
2021-04-01,17.33,1.69,151.9,153.79,151.55,153.71,134.07,16561500.0
2021-04-02,17.474999999999998,1.72,152.525,154.0775,151.8125,153.6875,134.2475,15798125.0
2021-04-05,17.91,1.73,154.4,154.94,152.6,153.62,134.78,13508000.0
2021-04-06,18.12,1.67,152.79,154.28,151.86,152.54,133.83,13071600.0
2021-04-07,17.16,1.68,153.1,155.23,152.65,154.93,135.93,16903500.0
2021-04-08,16.95,1.64,154.0,155.51,152.31,155.12,136.09,12335500.0
2021-04-09,16.69,1.67,155.81,157.04,154.97,156.28,137.11,12122400.0
2021-04-12,16.91,1.69,155.58,157.25,155.57,155.95,136.82,12273400.0
2021-04-13,16.65,1.64,154.75,155.2,152.43,154.09,135.19,16113600.0
2021-04-14,16.99,1.64,151.47,153.83,150.93,151.21,132.66,19939600.0
2021-04-15,16.57,1.56,151.25,152.2,149.32,152.17,133.51,17694100.0
2021-04-16,16.25,1.59,153.87,154.51,152.69,153.3,134.5,13773400.0
2021-04-19,17.29,1.61,153.42,153.88,152.22,152.65,133.93,11900200.0
2021-04-20,18.68,1.58,151.74,151.75,148.65,149.27,130.96,13716700.0
2021-04-21,17.5,1.57,147.79,150.61,146.79,150.54,132.08,12236700.0
2021-04-22,18.71,1.57,150.23,150.3,147.26,147.37,129.3,15256100.0
2021-04-23,17.33,1.58,147.18,151.13,146.69,150.19,131.77,14041900.0
2021-04-26,17.64,1.58,150.78,152.46,150.38,150.56,132.09,10799100.0
2021-04-27,17.56,1.63,150.5,151.57,150.11,151.25,132.7,12821200.0
2021-04-28,17.28,1.63,152.43,152.89,151.4,152.23,133.56,8943700.0
2021-04-29,17.61,1.65,153.54,155.28,153.2,155.19,136.16,12976900.0
2021-04-30,18.61,1.65,154.1,154.49,153.01,153.81,134.95,11705100.0
2021-05-03,18.31,1.63,154.85,155.48,153.13,153.36,134.55,11801100.0
2021-05-04,19.48,1.61,152.87,155.64,152.14,155.48,136.41,12977700.0
2021-05-05,19.15,1.59,156.0,158.28,154.63,157.52,138.2,10506700.0
2021-05-06,18.39,1.58,158.07,160.82,157.16,160.69,140.98,13542400.0
2021-05-07,16.69,1.6,157.22,161.5,157.02,161.24,141.46,14257800.0
2021-05-10,19.66,1.63,161.5,163.73,161.12,161.22,141.45,14014300.0
2021-05-11,21.84,1.64,161.08,162.39,158.04,158.54,139.1,15451700.0
2021-05-12,27.59,1.69,159.61,160.78,157.03,157.45,138.14,14381700.0
2021-05-13,23.13,1.66,158.18,162.45,157.68,161.5,141.69,15395000.0
2021-05-14,18.81,1.63,162.39,164.45,161.99,164.01,143.89,10584000.0
2021-05-17,19.72,1.64,163.37,164.85,163.03,164.67,144.47,9886800.0
2021-05-18,21.34,1.64,164.68,165.5,162.24,162.35,142.44,11098100.0
2021-05-19,22.18,1.68,161.0,161.18,158.64,161.11,141.35,13278900.0
2021-05-20,20.67,1.63,160.83,161.86,159.52,160.83,141.1,10426000.0
2021-05-21,20.15,1.63,161.34,163.22,160.94,162.66,142.71,10249000.0
2021-05-24,18.4,1.61,163.36,164.23,162.12,163.54,143.48,9440300.0
2021-05-25,18.84,1.56,163.85,165.7,161.56,161.85,142.0,12609100.0
2021-05-26,17.36,1.58,163.57,163.74,161.31,161.83,141.98,13058300.0
2021-05-27,16.74,1.61,163.95,164.75,162.57,164.35,144.19,15707500.0
2021-05-28,16.76,1.58,164.68,164.94,163.26,164.24,144.1,10291300.0
2021-05-31,17.615,1.61,165.5725,166.4175,164.92499999999998,165.59750000000003,145.285,9656875.0
2021-06-01,17.9,1.62,165.87,166.91,165.48,166.05,145.68,9445400.0
2021-06-02,17.48,1.59,167.26,167.44,165.53,166.06,145.69,10498600.0
2021-06-03,18.04,1.63,165.41,167.25,164.66,166.17,145.79,13354400.0
2021-06-04,16.42,1.56,166.21,166.67,165.03,166.44,146.03,8510800.0
2021-06-07,16.42,1.57,167.0,167.1,165.14,165.66,145.34,7267200.0
2021-06-08,17.07,1.53,164.49,165.76,163.16,165.0,144.76,10370700.0
2021-06-09,17.89,1.5,164.14,164.22,162.28,162.94,142.96,12377400.0
2021-06-10,16.1,1.45,164.36,165.24,160.31,160.4,140.73,12119400.0
2021-06-11,15.65,1.47,160.43,161.2,159.06,160.29,140.63,13683800.0
2021-06-14,16.39,1.51,160.15,160.33,156.66,157.57,138.24,19917900.0
2021-06-15,17.02,1.51,156.7,156.92,154.13,155.18,136.15,24485500.0
2021-06-16,18.15,1.57,154.73,157.62,153.11,156.27,137.1,24494500.0
2021-06-17,17.75,1.52,157.1,157.46,151.25,151.76,133.15,24494500.0
2021-06-18,20.7,1.45,149.3,149.7,147.56,147.92,129.78,24494500.0
2021-06-21,17.89,1.5,149.08,151.2,149.02,150.43,131.98,18664800.0
2021-06-22,16.66,1.48,150.6,150.97,148.66,150.21,131.79,14251200.0
2021-06-23,16.32,1.5,150.2,152.04,150.09,151.12,132.59,12733300.0
2021-06-24,15.97,1.49,151.92,153.12,151.22,152.51,133.8,13733200.0
2021-06-25,15.62,1.54,152.59,154.5,151.67,154.05,135.16,15484900.0
2021-06-28,15.76,1.49,153.7,154.48,152.12,154.33,135.4,14125800.0
2021-06-29,16.02,1.49,155.0,156.31,153.61,154.14,135.23,14528700.0
2021-06-30,15.83,1.45,153.75,156.08,153.71,155.54,136.46,12531000.0
2021-07-01,15.48,1.48,156.26,157.14,155.42,157.08,137.81,10479400.0
2021-07-02,15.07,1.44,155.95,156.32,155.12,156.03,137.68,11424000.0
2021-07-05,16.0975,1.3875000000000002,155.8225,155.915,153.0425,154.065,135.9475,14168550.0
2021-07-06,16.44,1.37,155.78,155.78,152.35,153.41,135.37,15083400.0
2021-07-07,16.2,1.33,152.01,154.28,151.55,153.59,135.53,12271800.0
2021-07-08,19.0,1.3,151.61,152.53,150.04,150.94,133.19,17834600.0
2021-07-09,16.18,1.37,153.05,156.15,152.58,155.77,137.45,13694500.0
2021-07-12,16.17,1.38,154.35,159.16,153.94,158.0,139.42,19940400.0
2021-07-13,17.12,1.42,156.05,157.39,153.5,155.65,137.35,22671700.0
2021-07-14,16.33,1.37,155.95,157.28,152.95,155.12,136.88,14622800.0
2021-07-15,17.01,1.31,153.9,156.53,153.7,155.46,137.18,11539300.0
2021-07-16,18.45,1.31,155.96,156.28,151.02,151.91,134.05,14002700.0
2021-07-19,22.5,1.19,148.55,149.82,145.71,146.97,129.69,22172900.0
2021-07-20,19.73,1.23,146.52,151.12,146.33,149.71,132.11,15385200.0
2021-07-21,17.91,1.3,152.05,153.65,151.36,152.86,134.88,12356700.0
2021-07-22,17.69,1.27,152.88,153.44,149.97,150.93,133.18,9913300.0
2021-07-23,17.2,1.3,151.48,152.84,150.25,150.64,132.93,9666100.0
2021-07-26,17.58,1.29,150.19,151.96,150.17,151.65,133.82,8208000.0
2021-07-27,19.36,1.25,150.4,152.49,149.8,151.45,133.64,11218700.0
2021-07-28,18.31,1.26,152.29,152.77,150.88,151.7,133.86,9217300.0
2021-07-29,17.7,1.28,153.14,153.87,151.91,153.0,135.01,9063500.0
2021-07-30,18.24,1.24,152.58,153.67,151.2,151.78,133.93,9805200.0
2021-08-02,19.46,1.2,152.03,154.45,151.07,151.17,133.39,10203200.0
2021-08-03,18.04,1.19,151.95,153.32,149.52,152.89,134.91,10394800.0
2021-08-04,17.97,1.19,151.25,153.37,150.91,151.24,133.46,10155000.0
2021-08-05,17.28,1.23,152.28,153.69,152.01,153.15,135.14,9151500.0
2021-08-06,16.15,1.31,155.19,157.82,155.11,157.5,138.98,13328800.0
2021-08-09,16.72,1.33,157.52,158.55,155.9,157.33,138.83,9516900.0
2021-08-10,16.79,1.36,156.74,159.98,156.31,159.26,140.53,8667000.0
2021-08-11,16.06,1.35,160.0,161.5,159.08,161.16,142.21,9156500.0
2021-08-12,15.59,1.36,161.88,162.37,160.55,161.79,142.76,8844200.0
2021-08-13,15.45,1.29,161.79,162.16,159.57,159.98,141.17,8980900.0
2021-08-16,16.12,1.26,158.94,159.03,156.78,158.93,140.24,8755800.0
2021-08-17,17.91,1.26,157.57,158.86,155.27,157.01,138.55,9347200.0
2021-08-18,21.57,1.27,156.31,158.01,155.34,155.58,137.28,8065500.0
2021-08-19,21.67,1.24,153.16,155.56,153.01,154.28,136.14,9517700.0
2021-08-20,18.56,1.26,154.35,154.9,153.16,154.72,136.53,6974100.0
2021-08-23,17.15,1.25,155.33,157.09,155.24,156.7,138.27,7934600.0
2021-08-24,17.22,1.29,157.0,158.55,156.87,157.67,139.13,7670900.0
2021-08-25,16.79,1.35,158.51,161.78,157.8,160.92,142.0,11335000.0
2021-08-26,18.84,1.34,162.26,163.83,161.15,161.75,142.73,11027500.0
2021-08-27,16.39,1.31,161.75,163.16,161.26,163.05,143.88,8780200.0
2021-08-30,16.19,1.29,163.21,163.49,159.88,160.44,141.57,7937600.0
2021-08-31,16.48,1.3,160.44,161.37,159.35,159.95,141.14,12340800.0
2021-09-01,16.11,1.31,160.22,160.76,158.97,159.72,140.94,8729900.0
2021-09-02,16.41,1.29,160.02,161.61,159.43,160.46,141.59,8813300.0
2021-09-03,16.41,1.33,160.39,160.89,159.15,159.49,140.73,7959700.0
2021-09-06,17.7075,1.3675,160.09,161.2575,159.0075,159.28,140.55,8954125.0
2021-09-07,18.14,1.38,159.99,161.38,158.96,159.21,140.49,9285600.0
2021-09-08,17.96,1.35,158.89,159.58,158.04,158.5,139.86,7852700.0
2021-09-09,18.8,1.3,158.27,160.83,158.08,159.19,140.47,7904300.0
2021-09-10,20.95,1.35,160.56,160.72,157.22,157.36,138.86,8311600.0
2021-09-13,19.37,1.33,158.53,160.05,158.07,159.86,141.06,10052800.0
2021-09-14,19.46,1.28,160.45,161.34,156.26,157.07,138.6,11685600.0
2021-09-15,18.18,1.31,156.72,158.69,156.47,158.16,139.56,11691500.0
2021-09-16,18.69,1.34,159.41,160.85,157.22,158.09,139.5,10880900.0
2021-09-17,20.81,1.37,157.38,159.01,157.0,157.68,139.14,24494500.0
2021-09-20,25.71,1.31,153.89,154.56,150.49,152.96,134.97,15819900.0
2021-09-21,24.36,1.33,153.53,154.55,152.58,152.98,134.99,8999900.0
2021-09-22,20.87,1.32,155.2,157.25,155.1,155.91,137.58,11236200.0
2021-09-23,18.63,1.41,158.0,161.71,157.67,161.18,142.23,12336100.0
2021-09-24,17.75,1.47,161.44,163.59,160.82,163.04,143.87,10102400.0
2021-09-27,18.76,1.48,165.0,167.4,164.61,166.98,147.34,13220900.0
2021-09-28,23.25,1.54,167.7,169.3,165.66,166.08,146.55,13387900.0
2021-09-29,22.56,1.55,166.21,166.9,165.04,165.95,146.44,7777100.0
2021-09-30,23.14,1.52,166.92,166.99,162.79,163.69,144.44,13161200.0
2021-10-01,21.15,1.48,164.0,168.3,163.6,167.13,147.48,11285000.0
2021-10-04,22.96,1.49,166.97,170.44,165.73,166.95,147.32,14120000.0
2021-10-05,21.3,1.54,167.21,170.14,166.67,168.66,149.72,12292900.0
2021-10-06,21.0,1.53,167.99,169.1,166.0,169.02,150.04,8692600.0
2021-10-07,19.54,1.58,171.2,171.51,169.54,170.09,150.99,10195400.0
2021-10-08,18.77,1.61,170.02,171.34,169.3,170.22,151.11,8190100.0
2021-10-11,20.0,1.5950000000000002,170.8,171.29,166.46,166.64,147.93,12154700.0
2021-10-12,19.85,1.59,165.75,166.69,164.77,165.36,146.79,13032600.0
2021-10-13,18.64,1.56,164.07,165.41,160.6,161.0,142.92,22753500.0
2021-10-14,16.86,1.52,161.75,164.01,160.06,163.47,145.12,15176800.0
2021-10-15,16.3,1.59,165.35,167.17,164.14,166.61,147.9,14267400.0
2021-10-18,16.31,1.59,166.48,168.61,165.91,166.55,147.85,12672900.0
2021-10-19,15.7,1.65,167.4,168.65,166.58,168.57,149.64,8053900.0
2021-10-20,15.49,1.65,168.3,170.87,167.46,170.84,151.66,8185600.0
2021-10-21,15.01,1.68,170.76,171.33,168.68,169.5,150.47,8415200.0
2021-10-22,15.43,1.66,170.03,172.09,169.7,171.78,152.49,8817900.0
2021-10-25,15.24,1.64,172.71,172.96,170.48,170.94,151.75,10159200.0
2021-10-26,15.98,1.63,171.0,172.49,170.54,171.4,152.16,8015100.0
2021-10-27,16.98,1.54,170.32,170.7,167.34,167.83,148.99,9847000.0
2021-10-28,16.53,1.57,168.3,170.51,167.96,170.36,151.23,7212900.0
2021-10-29,16.26,1.55,171.18,172.24,169.39,169.89,150.82,8140100.0
2021-11-01,16.41,1.58,172.04,172.33,169.01,169.8,150.74,7435500.0
2021-11-02,16.03,1.56,169.8,171.69,168.92,170.47,151.33,7173800.0
2021-11-03,15.1,1.6,170.13,171.13,169.15,170.53,151.38,8402700.0
2021-11-04,15.44,1.53,170.0,170.2,166.49,168.29,149.4,9574200.0
2021-11-05,16.48,1.45,168.9,170.09,167.41,168.05,149.18,7975600.0
2021-11-08,17.22,1.51,169.05,170.92,168.74,169.06,150.08,6413700.0
2021-11-09,17.78,1.46,167.35,168.47,166.6,167.78,148.94,7990300.0
2021-11-10,18.73,1.56,167.45,168.95,167.09,167.62,148.8,6999200.0
2021-11-11,17.66,1.57,167.52,168.68,166.9,167.61,148.79,5815300.0
2021-11-12,16.29,1.58,167.65,167.74,165.72,166.86,148.13,8113400.0
2021-11-15,16.49,1.63,167.21,167.79,166.0,166.56,147.86,6492500.0
2021-11-16,16.37,1.63,167.06,167.07,165.12,165.36,146.79,9706100.0
2021-11-17,17.11,1.6,165.21,165.56,163.39,164.47,146.0,9909600.0
2021-11-18,17.59,1.59,164.39,164.85,162.56,163.05,144.74,8122500.0
2021-11-19,17.91,1.54,161.3,162.11,159.45,160.92,142.85,12193600.0
2021-11-22,19.17,1.63,164.16,165.98,162.99,164.35,145.9,14549900.0
2021-11-23,19.38,1.67,165.5,168.56,165.37,168.28,149.39,12354400.0
2021-11-24,18.58,1.64,168.46,169.44,166.44,166.96,148.21,9629800.0
2021-11-25,23.6,1.56,165.3,166.04500000000002,162.63,164.445,145.98000000000002,11624550.0
2021-11-26,28.62,1.48,162.14,162.65,158.82,161.93,143.75,13619300.0
2021-11-29,22.96,1.52,163.31,164.78,159.82,161.23,143.13,12104400.0
2021-11-30,27.19,1.43,159.16,160.63,158.29,158.83,141.0,18922600.0
2021-12-01,31.12,1.43,161.0,163.27,157.8,157.89,140.16,12253400.0
2021-12-02,27.95,1.44,159.83,163.25,158.8,161.21,143.11,12969900.0
2021-12-03,30.67,1.35,161.5,161.83,157.19,158.29,140.52,12681800.0
2021-12-06,27.18,1.43,161.01,162.61,159.46,160.16,142.18,11186500.0
2021-12-07,21.89,1.48,161.88,163.39,161.16,162.57,144.32,9851600.0
2021-12-08,19.9,1.52,162.66,163.27,160.17,160.71,142.67,11705700.0
2021-12-09,21.58,1.49,159.65,160.93,158.65,160.46,142.44,11189600.0
2021-12-10,18.69,1.48,161.32,161.7,159.13,159.82,141.88,10405400.0
2021-12-13,20.31,1.42,159.5,159.79,157.28,157.92,140.19,12069000.0
2021-12-14,21.89,1.44,157.45,160.89,157.3,159.13,141.26,12563600.0
2021-12-15,19.29,1.47,159.85,159.85,157.35,157.94,140.21,14014200.0
2021-12-16,20.57,1.44,160.39,161.82,158.7,160.41,142.4,19542800.0
2021-12-17,21.57,1.41,159.32,159.38,155.18,156.76,139.16,24494500.0
2021-12-20,22.87,1.43,154.51,154.7,151.84,153.94,136.66,15148000.0
2021-12-21,21.01,1.48,155.41,157.18,155.09,156.09,138.56,11291300.0
2021-12-22,18.63,1.46,155.75,157.06,155.24,156.7,139.11,7273000.0
2021-12-23,17.96,1.5,157.61,159.12,157.21,157.26,139.6,8055200.0
2021-12-24,17.89,1.495,157.60750000000002,158.89,156.9925,157.48499999999999,139.8,7588425.0
2021-12-27,17.68,1.48,157.6,158.2,156.34,158.16,140.4,6188100.0
2021-12-28,17.54,1.49,158.2,160.15,158.08,158.64,140.83,6342300.0
2021-12-29,16.95,1.55,158.85,159.63,158.15,158.56,140.76,6398900.0
2021-12-30,17.33,1.52,159.11,160.24,158.37,158.48,140.69,6948200.0
2021-12-31,17.22,1.52,158.45,159.29,157.96,158.35,140.57,5805900.0
2022-01-03,16.6,1.63,159.86,162.64,159.51,161.7,143.54,13120900.0
2022-01-04,16.91,1.66,164.31,168.58,164.23,167.83,148.99,20195800.0
2022-01-05,19.73,1.71,167.82,168.36,163.73,163.78,146.26,17539400.0
2022-01-06,19.61,1.73,166.91,167.37,163.87,165.52,147.82,14047500.0
2022-01-07,18.76,1.76,165.67,167.53,165.06,167.16,149.28,13913300.0
2022-01-10,19.4,1.78,169.07,169.31,165.53,167.32,149.42,12922500.0
2022-01-11,18.41,1.75,168.26,168.52,166.31,167.49,149.58,11854100.0
2022-01-12,17.62,1.74,168.46,169.59,167.18,168.44,150.42,12568000.0
2022-01-13,20.31,1.7,168.34,169.81,167.89,168.23,150.24,13623400.0
2022-01-14,19.19,1.78,160.76,161.03,156.9,157.89,141.0,24494500.0
2022-01-17,21.89,1.8475000000000001,157.025,157.0925,152.13,152.925,136.5675,24494500.0
2022-01-18,22.79,1.87,155.78,155.78,150.54,151.27,135.09,24494500.0
2022-01-19,23.85,1.83,151.57,152.23,148.55,148.93,133.0,22380000.0
2022-01-20,25.59,1.83,148.99,150.61,147.36,147.66,131.87,14860800.0
2022-01-21,28.85,1.75,147.5,147.51,144.27,145.08,129.56,20705400.0
2022-01-24,29.9,1.75,142.28,145.48,139.57,144.95,129.45,24494500.0
2022-01-25,31.16,1.78,143.65,146.85,140.79,146.53,130.86,18915900.0
2022-01-26,31.96,1.85,148.72,150.57,145.96,147.92,132.1,20709100.0
2022-01-27,30.49,1.81,149.42,150.38,144.13,145.31,129.77,17536800.0
2022-01-28,27.66,1.78,144.19,146.76,142.17,146.61,130.93,14117000.0
2022-01-31,24.83,1.79,145.64,148.79,144.67,148.6,132.71,13985700.0
2022-02-01,21.96,1.81,148.69,151.47,148.3,151.15,134.98,14584900.0
2022-02-02,22.09,1.78,150.5,150.94,148.07,149.94,133.9,12441100.0
2022-02-03,24.35,1.82,150.0,151.65,148.29,148.7,132.8,12474900.0
2022-02-04,23.22,1.93,149.1,153.5,148.77,152.56,136.24,16654400.0
2022-02-07,22.86,1.92,153.27,153.62,150.85,153.07,136.7,12572300.0
2022-02-08,21.44,1.96,155.0,158.48,154.8,155.95,139.27,20411400.0
2022-02-09,19.96,1.94,156.59,157.43,155.82,156.6,139.85,9131100.0
2022-02-10,23.91,2.03,156.66,159.03,155.22,155.95,139.27,16455600.0
2022-02-11,27.36,1.92,155.61,158.19,152.97,153.92,137.46,16830000.0
2022-02-14,28.33,1.98,152.73,153.68,150.32,152.49,136.18,17026500.0
2022-02-15,25.7,2.05,154.51,155.94,153.85,154.72,138.17,9500000.0
2022-02-16,24.29,2.03,153.74,156.1,153.74,155.0,138.42,9076500.0
2022-02-17,28.11,1.97,153.0,153.73,150.67,151.43,135.23,11367500.0
2022-02-18,27.75,1.92,152.13,154.14,151.13,152.14,135.87,11733300.0
2022-02-21,28.544999999999998,1.9349999999999998,150.9825,153.465,150.59,151.9375,135.69,11433450.0
2022-02-22,28.81,1.94,150.6,153.24,150.41,151.87,135.63,11333500.0
2022-02-23,31.02,1.99,153.12,153.3,147.97,148.69,132.79,11799000.0
2022-02-24,30.32,1.96,142.94,144.99,139.78,144.55,129.09,24494500.0
2022-02-25,27.59,1.97,145.25,150.13,144.91,147.97,132.14,18367700.0
2022-02-28,30.15,1.83,143.55,145.06,140.88,141.8,126.63,24494500.0
2022-03-01,33.32,1.72,140.04,140.48,133.58,136.45,121.86,24494500.0
2022-03-02,30.74,1.86,137.29,140.04,136.61,139.28,124.38,19405600.0
2022-03-03,30.48,1.86,139.84,140.98,137.06,138.29,123.5,16640800.0
2022-03-04,31.98,1.74,134.94,135.42,132.4,134.4,120.03,21016000.0
2022-03-07,35.49250000000001,1.78,132.17,132.69,128.95,129.21,115.39,24494500.0
2022-03-08,35.13,1.86,129.64,131.79,127.27,128.3,114.58,19207800.0
2022-03-09,32.45,1.94,132.9,135.24,132.44,133.44,119.17,17536200.0
2022-03-10,30.23,1.98,131.86,133.45,130.32,131.86,117.76,15604200.0
2022-03-11,30.75,2.0,132.49,134.08,128.42,128.89,115.1,20061800.0
2022-03-14,31.77,2.14,129.46,132.92,129.23,130.17,116.25,15786900.0
2022-03-15,29.83,2.15,131.8,133.55,131.13,132.48,118.31,15096600.0
2022-03-16,26.67,2.19,134.87,138.49,134.43,138.4,123.6,20354900.0
2022-03-17,25.67,2.2,136.86,140.19,135.92,140.15,125.16,17050500.0
2022-03-18,23.87,2.14,140.19,140.85,138.46,140.1,125.12,23656500.0
2022-03-21,23.53,2.32,140.35,140.76,138.73,139.65,124.71,12676100.0
2022-03-22,22.94,2.38,142.27,143.93,141.72,142.62,127.37,13548600.0
2022-03-23,23.57,2.32,140.98,141.59,139.2,139.78,124.83,12093200.0
2022-03-24,21.67,2.34,140.3,140.71,139.11,140.69,125.64,10017600.0
2022-03-25,20.81,2.48,141.09,143.18,140.8,141.92,126.74,8383500.0
2022-03-28,19.63,2.46,140.0,140.97,137.9,140.87,125.8,10818100.0
2022-03-29,18.9,2.41,143.35,143.6,140.24,141.18,126.08,11316500.0
2022-03-30,19.33,2.35,141.9,142.12,139.91,140.54,125.51,8771000.0
2022-03-31,20.56,2.32,139.83,140.35,136.26,136.32,121.74,17353900.0
2022-04-01,19.63,2.39,137.4,137.41,133.8,135.31,120.84,15721300.0
2022-04-04,18.57,2.42,134.12,136.94,132.89,135.91,121.37,17416400.0
2022-04-05,21.03,2.54,134.07,135.4,133.01,133.34,119.96,12110300.0
2022-04-06,22.1,2.61,131.58,132.56,130.96,131.49,118.3,12914700.0
2022-04-07,21.55,2.66,130.95,131.92,128.73,131.09,117.94,12994200.0
2022-04-08,21.16,2.72,131.67,133.9,131.49,133.49,120.1,13126900.0
2022-04-11,24.37,2.79,133.0,134.9,132.57,133.0,119.66,10466400.0
2022-04-12,24.26,2.72,132.14,134.58,130.7,131.54,118.34,12989900.0
2022-04-13,21.82,2.7,126.94,129.25,126.01,127.3,114.53,24494500.0
2022-04-14,22.7,2.83,126.5,128.3,125.02,126.12,113.47,18835200.0
2022-04-15,22.5675,2.835,126.2925,128.53500000000003,125.15,126.70500000000001,113.995,17085000.0
2022-04-18,22.17,2.85,125.67,129.24,125.54,128.46,115.57,11834400.0
2022-04-19,21.37,2.93,128.45,131.32,128.23,131.12,117.96,15015400.0
2022-04-20,20.32,2.85,132.52,133.51,131.34,131.58,118.38,13430200.0
2022-04-21,22.68,2.9,132.22,132.81,129.96,130.56,117.46,12174200.0
2022-04-22,28.21,2.9,130.28,130.52,126.69,126.81,114.09,14318800.0
2022-04-25,27.02,2.81,126.01,127.12,123.11,126.77,114.05,17149000.0
2022-04-26,33.52,2.77,124.64,126.41,122.87,123.02,110.68,17209500.0
2022-04-27,31.6,2.82,122.33,123.56,121.22,121.42,109.24,17215200.0
2022-04-28,29.99,2.85,122.81,123.65,121.14,123.34,110.96,13015600.0
2022-04-29,33.4,2.89,123.05,123.61,118.9,119.36,107.38,14874800.0
2022-05-02,32.34,2.99,119.88,120.71,118.22,120.45,108.36,18545000.0
2022-05-03,29.25,2.97,121.53,124.17,120.78,123.03,110.69,15720900.0
2022-05-04,25.42,2.93,122.8,127.4,122.74,127.1,114.35,17128500.0
2022-05-05,31.2,3.05,125.25,126.1,122.16,123.92,111.49,15055400.0
2022-05-06,30.19,3.12,123.8,124.29,121.18,123.72,111.31,14417900.0
2022-05-09,34.75,3.05,122.11,123.33,120.5,121.86,109.63,14312300.0
2022-05-10,32.99,2.99,123.11,123.78,117.56,118.89,106.96,16382400.0
2022-05-11,32.56,2.91,119.3,122.89,117.94,118.14,106.29,14630300.0
2022-05-12,31.77,2.84,117.0,118.32,115.37,118.04,106.2,16318800.0
2022-05-13,28.87,2.93,119.41,120.25,117.96,119.09,107.14,10443200.0
2022-05-16,27.47,2.88,118.54,119.46,117.23,118.26,106.39,10269000.0
2022-05-17,26.1,2.98,121.04,122.97,120.81,122.18,109.92,11160200.0
2022-05-18,30.96,2.89,121.3,121.97,119.53,120.09,108.04,12664900.0
2022-05-19,29.35,2.84,118.19,119.65,117.63,118.31,106.44,12765800.0
2022-05-20,29.43,2.78,119.46,119.67,115.02,117.34,105.57,13150100.0
2022-05-23,28.48,2.86,120.46,126.57,120.45,124.6,112.1,24376700.0
2022-05-24,29.45,2.76,124.36,127.49,123.11,126.36,113.68,19324900.0
2022-05-25,28.37,2.75,126.28,127.86,125.17,127.24,114.47,12780400.0
2022-05-26,27.5,2.75,128.37,130.19,128.21,129.44,116.45,15990900.0
2022-05-27,25.72,2.74,130.16,131.27,129.14,131.27,118.1,11177800.0
2022-05-30,26.54,2.8225000000000002,130.175,132.68,129.5675,131.99,118.74499999999999,15555700.0
2022-05-31,26.19,2.85,130.18,133.15,129.71,132.23,118.96,17015000.0
2022-06-01,25.69,2.94,132.87,132.87,128.67,129.91,116.88,10768000.0
2022-06-02,24.72,2.92,129.9,132.01,128.67,132.0,118.76,8374800.0
2022-06-03,24.79,2.96,131.21,131.77,129.99,130.16,117.1,8596000.0
2022-06-06,25.07,3.04,131.09,132.39,129.46,129.73,116.71,11323500.0
2022-06-07,24.02,2.98,128.83,130.32,128.62,130.07,117.02,6722200.0
2022-06-08,23.96,3.03,129.0,129.45,126.9,128.0,115.16,8422100.0
2022-06-09,26.09,3.04,127.37,128.1,125.27,125.31,112.74,13560100.0
2022-06-10,27.75,3.15,122.59,123.4,119.32,119.55,107.55,12945200.0
2022-06-13,34.02,3.43,116.86,117.95,115.06,115.99,104.35,16805600.0
2022-06-14,32.69,3.49,115.55,117.32,113.22,114.06,102.62,13357900.0
2022-06-15,29.62,3.33,115.62,116.95,113.17,115.41,103.83,14083500.0
2022-06-16,32.95,3.28,113.86,114.26,111.87,113.43,102.05,16724900.0
2022-06-17,31.13,3.25,113.54,114.63,112.16,113.03,101.69,24494500.0
2022-06-20,31.03,3.295,115.28750000000001,116.43,114.32000000000001,115.13,103.58,16490350.0
2022-06-21,30.19,3.31,115.87,117.03,115.04,115.83,104.21,11680500.0
2022-06-22,28.95,3.16,114.88,116.2,114.39,115.18,103.62,9842700.0
2022-06-23,29.05,3.09,115.01,115.18,111.48,113.92,102.49,11851500.0
2022-06-24,27.23,3.13,113.23,117.82,112.83,117.32,105.55,14841100.0
2022-06-27,26.95,3.2,118.06,118.5,115.64,116.38,104.7,11280500.0
2022-06-28,28.36,3.2,117.67,119.29,115.6,115.82,104.2,11590900.0
2022-06-29,28.16,3.1,116.0,116.82,114.73,115.3,103.73,9338400.0
2022-06-30,28.71,2.98,113.17,114.08,110.93,112.61,101.31,15172600.0
2022-07-01,26.7,2.88,112.65,114.42,111.16,114.05,102.61,10573600.0
2022-07-04,27.53,2.835,111.24,113.13749999999999,109.765,112.9775,102.3175,12029050.0
2022-07-05,27.54,2.82,110.77,112.71,109.3,112.62,102.22,12514200.0
2022-07-06,26.73,2.93,111.73,112.99,110.79,111.89,101.55,10656200.0
2022-07-07,26.08,3.01,113.5,114.9,113.4,114.72,104.12,10347400.0
2022-07-08,24.64,3.09,115.16,115.65,113.61,114.36,103.8,8807800.0
2022-07-11,26.17,2.99,113.55,114.23,112.22,112.86,102.43,7939500.0
2022-07-12,27.29,2.96,112.58,115.18,112.26,112.97,102.53,11250900.0
2022-07-13,26.82,2.91,111.75,112.48,110.38,111.91,101.57,12979900.0
2022-07-14,26.4,2.96,107.99,108.23,106.06,108.0,98.02,24494500.0
2022-07-15,24.23,2.93,109.16,113.88,107.67,112.95,102.52,18863900.0
2022-07-18,25.3,2.96,114.77,115.84,111.29,111.79,101.46,13977900.0
2022-07-19,24.5,3.01,113.13,114.94,112.67,114.56,103.98,11862300.0
2022-07-20,23.88,3.04,114.1,114.74,113.48,114.54,103.96,11667500.0
2022-07-21,23.11,2.91,114.44,115.53,113.37,115.32,104.67,11595900.0
2022-07-22,23.03,2.77,115.24,116.25,113.67,114.76,104.16,7645500.0
2022-07-25,23.36,2.81,115.84,116.46,114.77,115.22,104.58,9394000.0
2022-07-26,24.69,2.81,114.58,115.58,113.03,113.42,102.94,10675100.0
2022-07-27,23.24,2.78,114.01,115.74,113.3,115.24,104.59,9337400.0
2022-07-28,22.33,2.68,115.25,115.98,113.53,114.81,104.2,10384800.0
2022-07-29,21.33,2.67,115.59,116.5,114.79,115.36,104.7,12944500.0
2022-08-01,22.84,2.6,114.5,115.11,113.07,114.21,103.66,14740400.0
2022-08-02,23.93,2.75,113.92,114.4,112.27,112.43,102.04,14942900.0
2022-08-03,21.95,2.73,113.45,114.1,111.71,113.61,103.11,14394500.0
2022-08-04,21.44,2.68,112.85,113.32,111.02,112.36,101.98,18033900.0
2022-08-05,21.15,2.83,112.53,116.19,112.05,115.76,105.07,14174600.0
2022-08-08,21.29,2.77,116.25,116.7,114.18,114.35,103.79,10332500.0
2022-08-09,21.77,2.8,114.75,115.99,114.37,115.38,104.72,10233800.0
2022-08-10,19.74,2.78,117.96,119.37,117.5,118.39,107.45,12847300.0
2022-08-11,20.2,2.87,119.9,121.2,119.31,120.14,109.04,11684900.0
2022-08-12,19.53,2.84,120.67,122.25,119.44,122.13,110.85,9906700.0
2022-08-15,19.95,2.79,121.14,122.72,120.6,122.46,111.15,8456200.0
2022-08-16,19.69,2.82,122.29,124.24,121.87,123.63,112.21,9555000.0
2022-08-17,19.9,2.89,122.3,123.16,121.69,122.59,111.27,8149300.0
2022-08-18,19.56,2.88,122.24,122.47,120.55,121.64,110.4,9531800.0
2022-08-19,20.6,2.98,120.62,120.99,118.11,118.63,107.67,13464500.0
2022-08-22,23.8,3.03,116.75,117.16,115.5,116.67,105.89,8967600.0
2022-08-23,24.11,3.05,116.69,117.29,115.38,115.52,104.85,7607000.0
2022-08-24,22.82,3.11,115.29,116.41,114.45,115.8,105.1,9771300.0
2022-08-25,21.78,3.03,116.16,118.74,115.68,118.55,107.6,10758900.0
2022-08-26,25.56,3.04,119.46,119.99,114.6,114.67,104.08,11276200.0
2022-08-29,26.21,3.12,114.0,114.86,113.46,114.39,103.82,8117300.0
2022-08-30,26.21,3.11,115.0,115.58,113.36,114.41,103.84,10745400.0
2022-08-31,25.87,3.15,114.48,115.03,113.34,113.73,103.22,10738300.0
2022-09-01,25.56,3.26,113.29,114.63,111.91,114.51,103.93,9979800.0
2022-09-02,25.47,3.2,115.87,117.45,113.19,113.71,103.21,10666600.0
2022-09-05,25.99,3.2975000000000003,114.715,115.425,112.35,113.73249999999999,103.225,9980575.0
2022-09-06,26.91,3.33,114.33,114.75,112.07,113.74,103.23,9751900.0
2022-09-07,24.64,3.27,113.13,116.11,112.76,115.9,105.19,10647900.0
2022-09-08,23.61,3.29,115.28,118.79,114.63,118.6,107.64,11435000.0
2022-09-09,22.79,3.33,119.14,120.05,118.67,119.17,108.16,9299700.0
2022-09-12,23.87,3.37,120.62,121.55,119.79,120.58,109.44,8614600.0
2022-09-13,27.27,3.42,118.07,118.92,115.78,116.39,105.64,12904600.0
2022-09-14,26.16,3.41,116.7,117.84,114.88,116.12,105.39,9345700.0
2022-09-15,26.27,3.45,116.12,119.38,115.76,117.87,106.98,10821400.0
2022-09-16,26.3,3.45,117.39,117.4,115.37,117.08,106.26,14844100.0
2022-09-19,25.76,3.49,116.0,118.73,115.51,118.16,107.24,8201300.0
2022-09-20,27.16,3.57,117.41,117.69,114.64,115.83,105.13,9619000.0
2022-09-21,27.99,3.51,116.54,116.6,112.42,112.49,102.1,12606300.0
2022-09-22,27.35,3.7,113.38,113.6,111.07,111.21,100.94,11684500.0
2022-09-23,29.92,3.69,110.05,110.34,107.16,109.14,99.06,18138600.0
2022-09-26,32.26,3.88,108.0,109.61,106.06,106.79,96.93,15753600.0
2022-09-27,32.6,3.97,107.75,108.17,104.65,105.85,96.07,12793600.0
2022-09-28,30.18,3.72,105.95,108.73,105.64,107.99,98.01,12762600.0
2022-09-29,31.84,3.76,106.95,107.28,104.4,106.16,96.35,12713900.0
2022-09-30,31.62,3.83,106.06,107.62,104.4,104.5,94.85,15973400.0
2022-10-03,30.1,3.67,105.62,108.36,104.46,107.73,97.78,12248100.0
2022-10-04,29.07,3.62,110.61,112.99,109.86,112.77,102.35,16013600.0
2022-10-05,28.55,3.76,109.75,110.95,108.83,110.39,101.09,10943500.0
2022-10-06,30.52,3.83,109.46,110.19,107.94,108.14,99.03,11521400.0
2022-10-07,31.36,3.89,107.52,107.71,105.27,105.98,97.05,11681100.0
2022-10-10,32.45,3.92,106.73,107.31,104.52,104.99,96.14,8931700.0
2022-10-11,33.63,3.93,104.37,104.54,101.85,101.96,93.37,12739700.0
2022-10-12,33.57,3.91,101.8,104.73,101.28,103.61,94.88,13181000.0
2022-10-13,31.94,3.97,101.98,109.9,101.76,109.37,100.15,22398700.0
2022-10-14,32.02,4.0,111.96,115.24,110.72,111.19,101.82,24494500.0
2022-10-17,31.37,4.02,115.41,117.01,114.32,115.86,106.1,22276300.0
2022-10-18,30.5,4.01,119.66,120.14,116.96,118.84,108.83,21539700.0
2022-10-19,30.76,4.14,117.99,118.83,115.67,116.51,106.69,17072000.0
2022-10-20,29.98,4.24,117.16,118.71,115.65,116.13,106.35,12207400.0
2022-10-21,29.69,4.21,116.46,122.39,116.33,122.23,111.93,20593300.0
2022-10-24,29.85,4.25,122.07,123.1,121.33,122.38,112.07,12624200.0
2022-10-25,28.46,4.1,121.85,123.27,120.89,122.7,112.36,11289100.0
2022-10-26,27.28,4.04,123.0,125.2,122.88,124.11,113.65,11667000.0
2022-10-27,27.39,3.96,125.2,126.2,124.21,124.6,114.1,10727600.0
2022-10-28,25.75,4.02,125.29,126.28,124.05,126.08,115.46,11859500.0
2022-10-31,25.88,4.1,125.7,127.43,125.59,125.88,115.27,13295200.0
2022-11-01,25.81,4.07,126.87,128.28,126.33,128.15,117.35,13386900.0
2022-11-02,25.86,4.1,127.65,130.36,126.64,126.97,116.27,16546100.0
2022-11-03,25.3,4.14,126.31,128.18,125.91,127.2,116.48,12474400.0
2022-11-04,24.55,4.17,129.49,130.83,128.46,130.68,119.67,14953200.0
2022-11-07,24.35,4.22,131.0,132.29,130.48,131.37,120.3,12011200.0
2022-11-08,25.54,4.14,131.24,132.06,130.14,131.45,120.37,9884100.0
2022-11-09,26.09,4.12,131.32,131.43,129.22,129.74,118.81,9494000.0
2022-11-10,23.53,3.82,132.63,135.25,132.53,135.08,123.7,16351600.0
2022-11-11,22.52,3.835,135.19,136.17,133.78,135.3,123.9,10704700.0
2022-11-14,23.73,3.88,134.8,135.73,133.91,133.91,122.63,11085600.0
2022-11-15,24.54,3.8,134.68,135.71,131.6,132.94,121.74,14038300.0
2022-11-16,24.11,3.67,133.0,133.56,132.03,133.12,121.9,7893400.0
2022-11-17,23.93,3.77,132.0,132.89,131.28,132.54,121.37,8820200.0
2022-11-18,23.12,3.82,134.57,134.67,132.28,133.84,122.56,9468500.0
2022-11-21,22.36,3.83,133.74,134.56,132.75,133.05,121.84,7800500.0
2022-11-22,21.29,3.76,134.0,135.27,133.69,135.04,123.66,9185700.0
2022-11-23,20.35,3.71,134.94,136.5,134.86,136.48,124.98,7316200.0
2022-11-24,20.42,3.6950000000000003,135.70999999999998,136.82,135.46,136.61,125.1,5268350.0
2022-11-25,20.5,3.68,136.48,137.14,136.06,136.74,125.22,3220500.0
2022-11-28,22.21,3.69,136.07,136.71,134.19,134.35,123.03,9906900.0
2022-11-29,21.89,3.75,134.66,136.64,134.41,136.56,125.05,7925300.0
2022-11-30,20.58,3.68,136.09,138.18,133.19,138.18,126.54,14761200.0
2022-12-01,19.84,3.53,138.18,138.66,135.43,136.24,124.76,8858500.0
2022-12-02,19.06,3.51,134.49,135.35,133.34,135.16,123.77,8931900.0
2022-12-05,20.75,3.6,134.24,134.57,130.6,131.37,120.3,10154500.0
2022-12-06,22.17,3.51,133.39,135.11,129.87,131.59,120.5,13966700.0
2022-12-07,22.68,3.42,131.31,133.08,130.33,131.5,120.42,11739400.0
2022-12-08,22.29,3.48,132.33,132.98,131.43,132.88,121.68,8907300.0
2022-12-09,22.83,3.57,132.2,133.76,132.0,132.16,121.02,7957800.0
2022-12-12,25.0,3.61,132.4,134.65,131.6,134.21,122.9,8841600.0
2022-12-13,22.55,3.51,136.89,137.09,133.08,134.08,122.78,10025400.0
2022-12-14,21.14,3.49,133.78,135.71,132.76,133.41,122.17,9966100.0
2022-12-15,22.83,3.44,131.15,132.08,129.05,130.1,119.14,12087800.0
2022-12-16,22.62,3.48,129.15,129.9,128.43,129.29,118.4,21133700.0
2022-12-19,22.42,3.57,129.65,131.33,129.09,130.06,119.1,9017200.0
2022-12-20,21.48,3.69,130.97,132.05,130.2,130.69,119.68,8549900.0
2022-12-21,20.07,3.68,132.18,132.98,131.77,132.16,121.02,8051700.0
2022-12-22,21.97,3.67,131.1,131.3,128.41,130.66,119.65,8648200.0
2022-12-23,20.87,3.75,130.58,131.44,129.64,131.28,120.22,5091900.0
2022-12-26,21.455,3.8175,131.3225,132.025,130.3225,131.625,120.535,5331225.0
2022-12-27,21.65,3.84,131.57,132.22,130.55,131.74,120.64,5411000.0
2022-12-28,22.14,3.88,131.85,133.41,131.01,132.46,121.3,8827700.0
2022-12-29,21.44,3.83,132.93,133.27,132.31,133.22,122.0,6585200.0
2022-12-30,21.67,3.88,132.81,134.33,132.44,134.1,122.8,9292500.0
2023-01-02,22.5925,3.8125,134.6325,136.13750000000002,133.52749999999997,134.865,123.505,10614225.0
2023-01-03,22.9,3.79,135.24,136.74,133.89,135.12,123.74,11054800.0
2023-01-04,22.01,3.69,135.99,137.68,135.57,136.38,124.89,11687600.0
2023-01-05,22.46,3.71,135.66,135.71,133.7,135.35,124.86,8381300.0
2023-01-06,21.13,3.55,136.13,138.38,134.49,137.94,127.25,10029100.0
2023-01-09,21.97,3.53,138.6,138.88,136.88,137.37,126.72,8482300.0
2023-01-10,20.58,3.61,137.79,138.72,137.31,138.6,127.86,9048700.0
2023-01-11,21.09,3.54,138.9,139.75,138.1,139.63,128.81,8703700.0
2023-01-12,18.83,3.43,140.0,140.86,139.22,139.49,128.68,11001700.0
2023-01-13,18.35,3.49,135.6,143.49,134.8,143.01,131.93,20200000.0
2023-01-16,19.49,3.52,139.77749999999997,142.0275,138.1225,141.35250000000002,130.39999999999998,15769675.0
2023-01-17,19.36,3.53,141.17,141.54,139.23,140.8,129.89,14292900.0
2023-01-18,20.34,3.37,138.92,140.73,136.41,136.57,125.99,13392600.0
2023-01-19,20.52,3.39,135.32,135.9,133.59,134.75,124.31,13303400.0
2023-01-20,19.85,3.48,135.16,135.49,133.55,135.08,124.61,13092500.0
2023-01-23,19.81,3.52,135.12,137.96,134.82,137.27,126.63,10487100.0
2023-01-24,19.2,3.46,136.42,140.29,135.0,138.45,127.72,6945000.0
2023-01-25,19.08,3.46,138.05,139.12,137.25,139.12,128.34,8967000.0
2023-01-26,18.73,3.49,139.42,140.06,138.36,139.98,129.13,7487600.0
2023-01-27,18.51,3.52,140.61,141.26,139.75,140.32,129.45,7489900.0
2023-01-30,19.94,3.55,139.23,140.09,138.91,139.13,128.35,6729300.0
2023-01-31,19.4,3.52,139.88,140.07,138.25,139.96,129.11,9188700.0
2023-02-01,17.87,3.39,138.21,140.88,138.12,139.59,128.77,8841800.0
2023-02-02,18.73,3.4,140.0,140.46,138.0,138.94,128.17,11822100.0
2023-02-03,18.33,3.53,138.18,142.33,138.13,141.09,130.16,11501200.0
2023-02-06,19.43,3.63,140.23,142.24,140.03,141.92,130.92,8406200.0
2023-02-07,18.66,3.67,141.38,144.34,141.18,143.65,132.52,10447900.0
2023-02-08,19.63,3.63,142.65,144.04,142.28,142.64,131.59,6958000.0
2023-02-09,20.71,3.67,143.12,143.34,139.87,140.42,129.54,6443100.0
2023-02-10,20.53,3.74,139.78,141.28,138.59,141.04,130.11,6582900.0
2023-02-13,20.34,3.72,141.3,142.73,140.74,142.57,131.52,7134600.0
2023-02-14,18.91,3.77,142.5,143.81,141.6,143.2,132.1,9249400.0
2023-02-15,18.23,3.81,141.61,143.89,141.3,143.8,132.66,6728300.0
2023-02-16,20.17,3.86,142.91,143.39,141.68,141.82,130.83,8165300.0
2023-02-17,20.02,3.82,140.98,142.83,140.07,142.24,131.22,7948800.0
2023-02-20,21.23,3.9175,140.7625,141.7125,139.07999999999998,140.2825,129.4125,9484425.0
2023-02-21,22.87,3.95,140.69,141.34,138.75,139.63,128.81,9996300.0
2023-02-22,22.29,3.93,138.92,139.43,137.44,138.56,127.82,11107500.0
2023-02-23,21.14,3.88,138.73,140.17,137.94,139.67,128.85,8068000.0
2023-02-24,21.67,3.95,139.11,141.36,138.93,140.93,130.01,9126900.0
2023-02-27,20.95,3.92,142.11,143.31,141.72,142.16,131.14,10014700.0
2023-02-28,20.7,3.92,142.94,143.76,141.9,143.35,132.24,11019800.0
2023-03-01,20.58,4.01,142.1,143.46,141.8,142.55,131.5,7139200.0
2023-03-02,19.59,4.08,142.24,142.43,139.54,141.07,130.14,11106800.0
2023-03-03,18.49,3.97,141.51,143.74,141.08,143.66,132.53,9513100.0
2023-03-06,18.61,3.98,143.44,144.04,142.66,142.82,131.75,9261300.0
2023-03-07,19.59,3.97,142.01,142.31,137.81,138.62,127.88,11747600.0
2023-03-08,19.11,3.98,138.0,138.59,136.89,137.8,127.12,10002500.0
2023-03-09,22.61,3.93,136.76,137.35,129.22,130.34,120.24,24494500.0
2023-03-10,24.8,3.7,128.96,135.26,127.82,133.65,123.29,24494500.0
2023-03-13,26.52,3.55,131.21,133.88,129.41,131.25,121.08,24494500.0
2023-03-14,23.73,3.64,135.28,135.53,131.29,134.62,124.19,24494500.0
2023-03-15,26.14,3.51,130.98,130.99,126.73,128.26,118.32,24494500.0
2023-03-16,22.99,3.56,128.01,131.95,126.02,130.75,120.62,24494500.0
2023-03-17,25.51,3.39,128.38,128.48,125.45,125.81,116.06,24494500.0
2023-03-20,24.15,3.47,126.99,129.47,126.01,127.14,117.29,22875500.0
2023-03-21,21.38,3.59,130.59,131.73,130.19,130.55,120.43,17807800.0
2023-03-22,22.26,3.48,130.56,130.66,127.08,127.18,117.32,17250200.0
2023-03-23,22.61,3.38,127.9,129.53,126.02,126.84,117.01,16677600.0
2023-03-24,21.74,3.38,125.63,125.68,123.11,124.91,115.23,22311100.0
2023-03-27,20.6,3.53,126.79,129.38,126.29,128.49,118.53,18853900.0
2023-03-28,19.97,3.55,128.71,129.34,127.74,128.88,118.89,10820500.0
2023-03-29,19.12,3.57,130.1,130.22,127.77,129.14,119.13,14595300.0
2023-03-30,19.02,3.55,129.95,130.12,127.65,128.75,118.77,12134700.0
2023-03-31,18.7,3.48,129.66,130.34,128.85,130.31,120.21,13105200.0
2023-04-03,18.55,3.43,129.91,131.44,129.41,130.16,120.07,11775400.0
2023-04-04,19.0,3.35,130.5,130.59,127.41,128.42,118.47,11579900.0
2023-04-05,19.08,3.3,126.8,128.15,126.46,127.61,118.65,9614700.0
2023-04-06,18.4,3.3,127.0,128.08,126.86,127.47,118.51,8760200.0
2023-04-07,18.542499999999997,3.39,126.885,128.1175,126.7,127.575,118.61,8939475.0
2023-04-10,18.97,3.41,126.54,128.23,126.22,127.89,118.91,9477300.0
2023-04-11,19.1,3.43,128.3,128.94,127.54,128.52,119.49,10516300.0
2023-04-12,19.09,3.41,129.18,130.43,128.06,128.5,119.47,11821000.0
2023-04-13,17.8,3.45,128.46,129.04,126.83,128.99,119.93,12450200.0
2023-04-14,17.07,3.52,135.15,139.12,134.9,138.73,128.98,24494500.0
2023-04-17,16.95,3.6,139.95,140.06,137.66,139.83,130.01,16050500.0
2023-04-18,16.83,3.58,140.27,141.78,139.03,141.4,131.47,13760100.0
2023-04-19,16.46,3.6,141.23,141.5,140.4,141.22,131.3,9158100.0
2023-04-20,17.17,3.54,139.91,141.43,139.84,140.81,130.92,10586200.0
2023-04-21,16.77,3.57,139.74,141.11,138.78,140.54,130.67,11842500.0
2023-04-24,16.89,3.52,140.46,141.1,140.04,140.73,130.84,7567500.0
2023-04-25,18.76,3.4,139.6,139.96,137.63,137.67,128.0,10629300.0
2023-04-26,18.84,3.43,137.62,137.81,134.0,135.23,125.73,14416100.0
2023-04-27,17.03,3.53,136.0,137.91,135.66,137.05,127.42,9041100.0
2023-04-28,15.78,3.44,136.56,138.32,135.67,138.24,128.53,9887300.0
2023-05-01,16.08,3.59,142.26,143.37,140.83,141.2,131.28,20415800.0
2023-05-02,17.78,3.44,141.4,142.41,138.43,138.92,129.16,14113400.0
2023-05-03,18.34,3.38,138.44,138.67,135.76,135.98,126.43,12930900.0
2023-05-04,20.09,3.37,134.96,135.72,131.81,134.12,124.7,17089200.0
2023-05-05,17.19,3.44,136.44,137.88,135.91,136.74,127.13,11261400.0
2023-05-08,16.98,3.52,137.49,137.97,136.48,137.07,127.44,7484900.0
2023-05-09,17.71,3.53,135.93,136.95,135.21,136.41,126.83,7343600.0
2023-05-10,16.94,3.43,137.95,138.06,134.87,136.48,126.89,8133400.0
2023-05-11,16.93,3.39,135.0,136.81,134.9,136.05,126.49,7057300.0
2023-05-12,17.03,3.46,136.82,136.99,133.13,134.1,124.68,9988600.0
2023-05-15,17.12,3.5,134.27,135.67,133.96,135.23,125.73,7639500.0
2023-05-16,17.99,3.54,135.46,135.94,133.96,134.32,124.88,6477200.0
2023-05-17,16.87,3.57,135.9,138.59,135.46,138.45,128.72,12711500.0
2023-05-18,16.05,3.65,138.27,139.73,137.76,139.5,129.7,10999600.0
2023-05-19,16.81,3.7,139.79,140.49,138.13,139.18,129.4,13492200.0
2023-05-22,17.21,3.72,141.0,141.64,137.66,138.03,128.33,11402500.0
2023-05-23,18.53,3.7,137.54,139.03,136.46,136.59,126.99,9514900.0
2023-05-24,20.03,3.73,135.4,136.35,135.08,135.34,125.83,8578000.0
2023-05-25,19.14,3.83,134.82,136.27,134.58,135.67,126.14,8472500.0
2023-05-26,17.95,3.8,136.11,137.6,135.63,136.94,127.32,8579900.0
2023-05-29,17.46,3.7175,136.6275,137.69,135.9225,137.33,127.67999999999999,7694900.0
2023-05-30,17.46,3.69,136.8,137.72,136.02,137.46,127.8,7399900.0
2023-05-31,17.94,3.64,136.73,136.84,134.4,135.71,126.18,14219900.0
2023-06-01,15.65,3.61,136.52,138.23,135.45,137.58,127.91,12248100.0
2023-06-02,14.6,3.69,139.56,141.48,139.34,140.47,130.6,12922500.0
2023-06-05,14.73,3.69,140.11,140.11,138.13,139.09,129.32,8511900.0
2023-06-06,13.96,3.7,138.68,140.1,138.21,139.34,129.55,9329500.0
2023-06-07,13.94,3.79,139.55,141.27,138.83,140.69,130.81,9281400.0
2023-06-08,13.65,3.73,140.67,140.89,139.48,140.73,130.84,7368100.0
2023-06-09,13.83,3.75,140.35,141.8,140.21,141.01,131.1,7249100.0
2023-06-12,15.01,3.73,141.07,141.32,139.76,141.0,131.09,7596600.0
2023-06-13,14.61,3.84,140.48,142.87,140.14,142.02,132.04,7701600.0
2023-06-14,13.88,3.83,143.0,143.61,140.7,141.49,131.55,9068700.0
2023-06-15,14.5,3.72,140.59,143.4,140.03,143.09,133.04,9343100.0
2023-06-16,13.54,3.77,143.05,143.97,142.5,143.26,133.2,13813500.0
2023-06-19,14.19,3.7475,142.72000000000003,143.2425,141.405,142.7125,132.69,9774825.0
2023-06-20,13.88,3.74,142.61,143.0,141.04,142.53,132.52,8428600.0
2023-06-21,13.2,3.72,142.9,144.02,141.69,142.32,132.32,9926500.0
2023-06-22,12.91,3.8,142.31,142.6,138.95,139.58,129.77,10075200.0
2023-06-23,13.44,3.74,138.54,139.18,137.62,138.85,129.1,9919500.0
2023-06-26,14.25,3.72,138.87,140.01,137.69,139.19,129.41,8429700.0
2023-06-27,13.74,3.77,139.0,139.84,138.54,139.2,129.42,8154000.0
2023-06-28,13.43,3.71,139.16,139.21,137.96,138.59,128.85,7558600.0
2023-06-29,13.54,3.85,140.07,143.56,139.85,143.43,133.35,15423200.0
2023-06-30,13.59,3.81,144.6,146.0,143.66,145.44,135.22,14212800.0
2023-07-03,13.57,3.86,146.19,147.48,146.0,146.61,136.31,8021600.0
2023-07-04,13.7,3.9050000000000002,145.565,146.45499999999998,145.18,145.625,135.85500000000002,8478250.0
2023-07-05,14.18,3.95,144.94,145.43,144.36,144.64,135.4,8934900.0
2023-07-06,15.44,4.05,143.02,143.39,141.44,143.21,134.06,9709500.0
2023-07-07,14.83,4.06,143.91,145.84,143.0,144.34,135.12,8981500.0
2023-07-10,15.07,4.01,144.5,145.99,144.5,145.15,135.88,9100100.0
2023-07-11,14.84,3.99,146.34,147.82,145.71,147.42,138.0,11260900.0
2023-07-12,13.54,3.86,147.45,149.87,147.0,148.15,138.69,11323200.0
2023-07-13,13.61,3.76,148.7,149.37,147.75,148.87,139.36,11234900.0
2023-07-14,13.34,3.83,151.55,152.89,148.41,149.77,140.2,24494500.0
2023-07-17,13.48,3.81,150.35,153.75,150.35,153.38,143.58,17262400.0
2023-07-18,13.3,3.8,153.38,154.4,152.82,153.66,143.85,13491700.0
2023-07-19,13.76,3.75,152.75,155.21,152.22,154.25,144.4,12510000.0
2023-07-20,13.99,3.85,154.53,156.59,154.41,156.15,146.18,9935900.0
2023-07-21,13.6,3.84,155.8,156.14,154.69,154.95,145.05,10636400.0
2023-07-24,13.91,3.86,154.97,158.79,154.73,158.0,147.91,14381400.0
2023-07-25,13.86,3.91,157.3,157.72,155.96,156.82,146.8,9944700.0
2023-07-26,13.19,3.86,156.71,158.25,156.28,157.76,147.68,8728600.0
2023-07-27,14.41,4.01,157.77,158.78,155.55,156.02,146.06,10778400.0
2023-07-28,13.33,3.96,157.28,157.6,156.44,156.91,146.89,9103800.0
2023-07-31,13.63,3.97,157.18,159.38,157.15,157.96,147.87,8892700.0
2023-08-01,13.93,4.05,157.43,158.0,156.15,157.18,147.14,6853900.0
2023-08-02,16.09,4.08,155.56,155.69,153.94,155.4,145.47,8299400.0
2023-08-03,15.92,4.2,155.0,156.92,154.35,156.35,146.36,6084000.0
2023-08-04,17.1,4.05,156.4,157.8,155.7,156.02,146.06,6209400.0
2023-08-07,15.77,4.09,156.6,157.7,156.6,156.76,146.75,7251800.0
2023-08-08,15.99,4.02,154.32,155.98,152.59,155.88,145.92,8623400.0
2023-08-09,15.96,4.0,155.32,155.52,153.47,153.79,143.97,6277800.0
2023-08-10,15.85,4.09,154.38,155.44,153.09,153.56,143.75,5995100.0
2023-08-11,14.84,4.16,153.03,154.52,152.63,154.45,144.59,5180700.0
2023-08-14,14.82,4.19,153.61,154.92,152.92,154.77,144.89,5044300.0
2023-08-15,16.46,4.21,152.85,153.27,150.23,150.83,141.2,10300300.0
2023-08-16,16.78,4.28,150.6,150.96,149.68,150.19,140.6,6978200.0
2023-08-17,17.89,4.3,150.88,151.26,148.4,148.63,139.14,9953900.0
2023-08-18,17.3,4.26,147.65,149.5,147.44,148.97,139.46,8517500.0
2023-08-21,17.13,4.34,149.65,150.1,148.02,149.48,139.93,8327000.0
2023-08-22,16.97,4.34,149.26,149.64,145.85,146.38,137.03,9673300.0
2023-08-23,15.98,4.19,146.35,147.59,145.46,147.37,137.96,7858000.0
2023-08-24,17.2,4.23,147.5,149.41,146.99,147.23,137.83,6534000.0
2023-08-25,15.68,4.25,147.28,148.62,145.85,147.05,137.66,6695500.0
2023-08-28,15.08,4.2,147.57,148.61,147.13,147.56,138.14,5094100.0
2023-08-29,14.45,4.12,147.71,148.85,147.18,148.76,139.26,6337000.0
2023-08-30,13.88,4.12,148.62,149.15,147.19,148.16,138.7,6277300.0
2023-08-31,13.57,4.09,148.26,148.35,145.96,146.33,136.98,10933900.0
2023-09-01,13.09,4.18,146.09,148.08,145.7,146.82,137.44,7903500.0
2023-09-04,13.82,4.2475,146.89249999999998,148.1775,145.1825,145.605,136.3075,7866900.0
2023-09-05,14.01,4.27,147.16,148.21,145.01,145.2,135.93,7854700.0
2023-09-06,14.45,4.3,144.7,145.54,144.11,144.96,135.7,8629200.0
2023-09-07,14.4,4.27,144.13,145.27,143.39,143.72,134.54,8373700.0
2023-09-08,13.84,4.26,143.37,144.12,142.65,143.83,134.64,7107900.0
2023-09-11,13.8,4.29,144.75,145.05,143.69,144.46,135.23,6854200.0
2023-09-12,14.23,4.27,144.5,147.32,144.05,146.34,136.99,8363200.0
2023-09-13,13.48,4.25,147.34,147.7,145.82,146.41,137.06,8325900.0
2023-09-14,12.82,4.29,147.84,149.9,147.52,149.25,139.72,10034900.0
2023-09-15,13.79,4.33,148.92,149.73,148.31,148.81,139.31,19863400.0
2023-09-18,14.0,4.32,148.16,149.14,147.75,149.12,139.6,6512400.0
2023-09-19,14.11,4.37,149.5,149.72,147.21,148.93,139.42,7943400.0
2023-09-20,15.14,4.35,149.65,150.25,148.14,148.3,138.83,7332000.0
2023-09-21,17.54,4.49,147.58,148.85,146.63,147.14,137.74,8052400.0
2023-09-22,17.2,4.44,147.29,147.51,145.19,145.73,136.42,7071700.0
2023-09-25,16.9,4.55,145.35,146.52,143.7,146.45,137.1,7044700.0
2023-09-26,18.94,4.56,144.6,145.84,144.23,144.93,135.67,7468400.0
2023-09-27,18.22,4.61,145.19,146.09,144.51,145.78,136.47,6717800.0
2023-09-28,17.34,4.59,146.28,148.87,146.01,147.59,138.16,8868100.0
2023-09-29,17.52,4.59,148.6,148.76,144.86,145.02,135.76,11917800.0
2023-10-02,17.61,4.69,144.83,145.62,142.63,143.77,134.59,9170600.0
2023-10-03,19.78,4.81,143.2,143.59,142.35,142.71,133.6,9431100.0
2023-10-04,18.58,4.73,143.19,143.47,141.93,143.35,134.19,8128700.0
2023-10-05,18.49,4.72,142.04,143.1,140.83,142.9,134.76,8576200.0
2023-10-06,17.45,4.78,142.91,145.88,142.14,145.1,136.84,10270600.0
2023-10-09,17.7,4.69,143.66,145.4,143.5,144.77,136.52,6964900.0
2023-10-10,17.03,4.66,145.42,146.77,145.28,145.65,137.35,11288800.0
2023-10-11,16.09,4.58,146.51,147.23,145.02,146.15,137.83,8698200.0
2023-10-12,16.69,4.7,146.3,146.96,145.13,145.81,137.5,10484400.0
2023-10-13,19.32,4.63,148.5,153.11,147.84,148.0,139.57,24494500.0
2023-10-16,17.21,4.71,149.45,149.52,146.72,147.85,139.43,12663500.0
2023-10-17,17.88,4.83,147.57,149.31,146.79,147.53,139.13,11482700.0
2023-10-18,19.22,4.91,146.59,147.48,145.37,145.91,137.6,9620300.0
2023-10-19,21.4,4.98,145.48,147.02,144.88,145.29,137.01,11143600.0
2023-10-20,21.71,4.93,144.57,145.14,142.12,142.95,134.81,13332900.0
2023-10-23,20.37,4.86,142.94,143.68,140.73,141.0,132.97,10133400.0
2023-10-24,18.97,4.83,141.19,141.73,140.36,141.17,133.13,8881400.0
2023-10-25,20.19,4.95,140.57,141.18,139.51,140.4,132.4,8242600.0
2023-10-26,20.68,4.86,139.76,141.67,139.43,140.76,132.74,9109400.0
2023-10-27,21.27,4.84,138.95,139.1,135.19,135.69,127.96,17434700.0
2023-10-30,19.75,4.88,136.44,138.04,136.04,137.42,129.59,9855500.0
2023-10-31,18.14,4.88,137.71,139.24,137.47,139.06,131.14,9672500.0
2023-11-01,16.87,4.77,139.25,140.53,138.47,138.94,131.03,9432000.0
2023-11-02,15.66,4.67,140.09,141.48,139.23,141.42,133.36,10186200.0
2023-11-03,14.91,4.57,142.19,143.77,141.85,143.0,134.85,9538700.0
2023-11-06,14.89,4.67,143.17,144.19,142.79,144.08,135.87,7625100.0
2023-11-07,14.81,4.58,143.51,144.26,142.82,144.01,135.81,6297900.0
2023-11-08,14.45,4.49,144.11,144.84,143.62,144.72,136.48,7618200.0
2023-11-09,15.29,4.62,145.44,145.65,143.7,144.29,136.07,7992500.0
2023-11-10,14.17,4.61,144.94,146.48,144.08,146.43,138.09,7983300.0
2023-11-13,14.76,4.63,145.7,146.25,145.16,145.78,137.48,6676300.0
2023-11-14,14.16,4.44,146.68,149.25,146.52,148.44,139.98,9927700.0
2023-11-15,14.18,4.53,148.46,150.16,148.46,149.74,141.21,8365300.0
2023-11-16,14.32,4.45,150.09,151.53,150.09,151.45,142.82,8126200.0
2023-11-17,13.8,4.44,152.2,152.86,151.54,152.82,144.12,7812400.0
2023-11-20,13.41,4.42,152.08,153.75,151.92,153.29,144.56,7019000.0
2023-11-21,13.35,4.41,153.2,153.63,152.57,152.97,144.26,7083500.0
2023-11-22,12.85,4.42,153.41,153.88,152.9,153.33,144.6,5174500.0
2023-11-23,12.8,4.445,153.5,154.16,153.09,153.435,144.695,4335700.0
2023-11-24,12.46,4.47,153.59,154.44,153.28,153.54,144.79,3496900.0
2023-11-27,12.69,4.39,153.43,153.53,152.71,153.19,144.46,6259100.0
2023-11-28,12.69,4.34,153.22,153.87,152.72,153.54,144.79,6582700.0
2023-11-29,12.98,4.27,154.17,155.63,154.0,154.32,145.53,9126100.0
2023-11-30,12.92,4.37,154.91,156.13,154.38,156.08,147.19,9869800.0
2023-12-01,12.63,4.22,155.82,157.86,155.82,156.84,147.91,8916000.0
2023-12-04,13.08,4.28,156.02,158.05,155.88,157.99,148.99,9607500.0
2023-12-05,12.85,4.18,157.26,158.5,156.97,157.97,148.97,9135600.0
2023-12-06,12.97,4.12,158.84,159.22,156.0,156.31,147.41,9366000.0
2023-12-07,13.06,4.14,156.69,157.31,156.15,156.79,147.86,8130900.0
2023-12-08,12.35,4.23,157.26,158.78,156.98,158.52,149.49,7369400.0
2023-12-11,12.63,4.23,158.52,159.3,158.15,159.1,150.04,8093900.0
2023-12-12,12.07,4.2,159.23,160.65,158.88,160.52,151.38,10223000.0
2023-12-13,12.19,4.04,160.52,162.03,159.77,161.06,151.89,12379100.0
2023-12-14,12.48,3.92,161.83,164.84,161.71,163.99,154.65,13643000.0
2023-12-15,12.28,3.91,163.08,165.28,162.39,165.23,155.82,20309300.0
2023-12-18,12.56,3.95,165.92,167.13,165.63,166.23,156.76,8469600.0
2023-12-19,12.53,3.93,166.0,168.47,165.55,168.45,158.86,10345700.0
2023-12-20,13.67,3.86,167.99,169.41,166.45,166.55,157.06,10734700.0
2023-12-21,13.65,3.89,166.84,168.09,165.68,167.5,157.96,7601700.0
2023-12-22,13.03,3.9,167.5,168.23,167.23,167.4,157.86,6576300.0
2023-12-25,13.0,3.8925,167.47,168.635,167.1925,168.14249999999998,158.565,5156775.0
2023-12-26,12.99,3.89,167.46,168.77,167.18,168.39,158.8,4683600.0
2023-12-27,12.43,3.79,167.84,169.47,167.58,169.4,159.75,6428600.0
2023-12-28,12.47,3.84,169.35,170.66,169.0,170.3,160.6,6320100.0
2023-12-29,12.45,3.88,170.0,170.69,169.63,170.1,160.41,6435100.0
2024-01-01,13.0125,3.9325,169.3175,171.79999999999998,169.09,171.585,161.8125,9091825.0
2024-01-02,13.2,3.95,169.09,172.17,168.91,172.08,162.28,9977400.0
2024-01-03,14.04,3.91,171.86,172.04,170.37,171.33,161.57,9852300.0
2024-01-04,14.13,3.99,170.64,173.35,170.54,171.41,162.64,11972500.0
2024-01-05,13.35,4.05,171.47,173.38,171.47,172.27,163.46,10066000.0
2024-01-08,13.08,4.01,172.02,172.36,169.49,172.02,163.22,11229900.0
2024-01-09,12.76,4.02,171.62,171.79,170.1,170.66,161.93,9923600.0
2024-01-10,12.69,4.04,170.0,171.08,168.95,171.02,162.27,9670200.0
2024-01-11,12.44,3.98,170.33,170.36,168.64,170.3,161.59,11919500.0
2024-01-12,12.7,3.96,173.8,176.31,168.9,169.05,160.4,19436500.0
2024-01-15,13.25,4.0425,167.10250000000002,170.145,165.45000000000002,168.255,159.65,17763925.0
2024-01-16,13.84,4.07,164.87,168.09,164.3,167.99,159.4,17206400.0
2024-01-17,14.79,4.1,167.34,169.07,166.49,167.09,158.54,11107500.0
2024-01-18,14.13,4.14,167.12,167.53,165.24,167.42,158.86,9382300.0
2024-01-19,13.3,4.15,167.55,170.57,167.08,170.31,161.6,13115700.0
2024-01-22,13.19,4.11,170.46,171.98,169.71,170.11,161.41,12837500.0
2024-01-23,12.55,4.14,169.67,169.75,168.44,168.99,160.35,8360800.0
2024-01-24,13.14,4.18,169.36,171.01,168.86,170.5,161.78,9967100.0
2024-01-25,13.45,4.14,172.31,172.99,170.91,172.94,164.09,8873500.0
2024-01-26,13.26,4.15,172.61,173.06,171.78,172.28,163.47,7443000.0
2024-01-29,13.6,4.08,172.24,172.84,171.3,172.73,163.9,6971200.0
2024-01-30,13.31,4.06,172.83,176.76,172.83,176.27,167.25,10822100.0
2024-01-31,14.35,3.99,176.2,178.3,174.34,174.36,165.44,11521800.0
2024-02-01,13.88,3.87,173.64,174.84,171.43,173.73,164.84,9354800.0
2024-02-02,13.85,4.03,173.3,175.82,173.26,174.73,165.79,8607600.0
2024-02-05,13.67,4.17,173.86,175.09,172.92,174.5,165.58,7820200.0
2024-02-06,13.06,4.09,174.61,175.87,173.76,175.1,166.14,6764800.0
2024-02-07,12.83,4.09,175.69,175.87,173.96,175.43,166.46,7225500.0
2024-02-08,12.79,4.15,175.0,175.31,173.57,174.8,165.86,6060300.0
2024-02-09,12.93,4.17,175.0,175.1,173.67,175.01,166.06,6296700.0
2024-02-12,13.93,4.17,174.78,176.81,173.7,175.79,166.8,8539300.0
2024-02-13,15.85,4.31,175.32,176.23,172.62,174.26,165.35,8397600.0
2024-02-14,14.38,4.27,175.07,176.1,174.42,176.03,167.03,7056700.0
2024-02-15,14.01,4.24,176.15,180.21,176.15,179.87,170.67,8723400.0
2024-02-16,14.24,4.3,179.61,179.98,178.16,179.03,169.87,8152600.0
2024-02-19,14.71,4.2775,179.29500000000002,180.34,178.3475,179.555,170.3725,9289150.0
2024-02-20,15.42,4.27,179.19,180.46,178.41,179.73,170.54,9668000.0
2024-02-21,15.34,4.32,179.95,180.99,178.52,180.9,171.65,7024000.0
2024-02-22,14.54,4.33,181.82,183.42,181.24,183.07,173.71,9296500.0
2024-02-23,13.75,4.26,183.81,185.2,183.19,183.99,174.58,7105800.0
2024-02-26,13.74,4.28,183.75,184.46,182.48,183.36,173.98,7145400.0
2024-02-27,13.43,4.31,183.31,183.54,182.24,183.45,174.07,5717100.0
2024-02-28,13.84,4.27,183.43,185.2,182.96,184.38,174.95,6131600.0
2024-02-29,13.4,4.25,185.66,186.43,183.85,186.06,176.54,9643000.0
2024-03-01,13.11,4.19,185.7,186.44,185.1,185.29,175.81,6311800.0
2024-03-04,13.49,4.22,184.71,187.59,184.27,186.68,177.13,7063600.0
2024-03-05,14.46,4.13,186.36,189.3,186.36,188.55,178.91,6617800.0
2024-03-06,14.5,4.11,189.25,190.07,187.63,189.53,179.84,7572900.0
2024-03-07,14.44,4.09,189.91,190.5,186.63,187.87,178.26,7618300.0
2024-03-08,14.74,4.09,188.44,190.46,187.92,188.22,178.59,6172200.0
2024-03-11,15.22,4.1,187.28,188.44,186.22,188.29,178.66,5762600.0
2024-03-12,13.84,4.16,188.95,190.16,187.91,189.84,180.13,5708400.0
2024-03-13,13.75,4.19,190.36,191.73,189.84,191.38,181.59,7795500.0
2024-03-14,14.4,4.29,191.03,191.63,187.1,187.97,178.36,10310900.0
2024-03-15,14.41,4.31,186.48,190.94,186.48,190.3,180.57,17214200.0
2024-03-18,14.33,4.34,190.63,192.7,189.89,192.66,182.81,9013800.0
2024-03-19,13.82,4.3,192.71,193.93,192.38,193.79,183.88,8478700.0
2024-03-20,13.04,4.27,194.19,196.56,193.61,196.33,186.29,9367000.0
2024-03-21,12.92,4.27,196.52,199.43,196.33,199.06,188.88,11203800.0
2024-03-22,13.06,4.22,199.01,200.48,196.54,196.62,186.56,8108800.0
2024-03-25,13.19,4.25,196.6,196.94,194.36,194.82,184.86,8620000.0
2024-03-26,13.24,4.24,194.59,196.66,194.06,195.73,185.72,5961500.0
2024-03-27,12.78,4.2,196.5,199.6,196.38,199.52,189.32,8725800.0
2024-03-28,13.01,4.2,199.49,200.72,198.54,200.3,190.06,8628300.0
2024-03-29,13.17,4.2325,199.615,200.775,198.54749999999999,199.96,189.7375,8298475.0
2024-04-01,13.65,4.33,199.99,200.94,198.57,198.94,188.77,7309000.0
2024-04-02,14.61,4.36,198.39,199.78,198.08,198.86,188.69,7014700.0
2024-04-03,14.33,4.36,199.04,199.56,197.7,198.3,188.16,9353400.0
2024-04-04,16.35,4.31,199.15,199.68,195.55,195.65,186.73,9243800.0
2024-04-05,16.03,4.39,196.16,198.12,195.11,197.45,188.44,6532300.0
2024-04-08,15.19,4.42,197.62,198.98,197.62,198.48,189.43,8001000.0
2024-04-09,14.98,4.36,198.07,198.88,194.91,197.15,188.16,7351500.0
2024-04-10,15.8,4.55,195.55,197.07,194.18,195.47,186.55,7681400.0
2024-04-11,14.91,4.56,196.0,196.57,193.24,195.43,186.52,10137700.0
2024-04-12,17.31,4.5,188.32,188.93,182.54,182.79,174.45,24494500.0
2024-04-15,19.23,4.63,184.5,187.46,182.2,182.89,174.55,14766600.0
2024-04-16,18.4,4.67,182.9,183.16,179.65,180.8,172.55,16451800.0
2024-04-17,18.21,4.59,181.37,182.42,179.2,180.08,171.87,9017100.0
2024-04-18,18.0,4.64,181.1,183.36,179.97,181.25,172.98,9557700.0
2024-04-19,18.71,4.62,182.4,185.88,181.41,185.8,177.33,13402300.0
2024-04-22,16.94,4.62,185.99,190.13,185.98,189.41,180.77,11529700.0
2024-04-23,15.69,4.61,191.13,192.23,190.52,192.14,183.38,9144400.0
2024-04-24,15.97,4.65,190.53,193.23,190.17,193.08,184.27,6964900.0
2024-04-25,15.37,4.7,192.25,193.94,191.18,193.37,184.55,9802300.0
2024-04-26,15.03,4.67,193.57,194.87,193.06,193.49,184.66,6413700.0
2024-04-29,14.67,4.63,193.48,194.26,192.43,193.28,184.46,5387800.0
2024-04-30,15.65,4.69,192.81,194.99,191.64,191.74,182.99,8153700.0
2024-05-01,15.39,4.63,192.27,194.46,190.79,191.86,183.11,7445300.0
2024-05-02,14.68,4.58,193.07,193.5,189.52,191.66,182.92,6501700.0
2024-05-03,13.49,4.5,192.0,192.53,188.46,190.51,181.82,8922800.0
2024-05-06,13.49,4.49,191.73,192.2,189.82,192.0,183.24,7911100.0
2024-05-07,13.23,4.47,191.7,192.93,191.65,191.75,183.0,7688800.0
2024-05-08,13.0,4.48,191.0,196.65,191.0,195.65,186.73,9227600.0
2024-05-09,12.69,4.45,195.17,197.59,195.1,197.5,188.49,7977300.0
2024-05-10,12.55,4.5,198.54,199.34,198.27,198.77,189.7,7529800.0
2024-05-13,13.6,4.48,198.8,199.85,198.04,198.73,189.67,7049200.0
2024-05-14,13.42,4.45,199.0,201.58,198.16,201.51,192.32,8596200.0
2024-05-15,12.45,4.36,202.01,202.69,199.77,202.11,192.89,8370000.0
2024-05-16,12.42,4.38,202.22,204.48,201.99,202.47,193.24,8497900.0
2024-05-17,11.99,4.42,203.81,205.05,202.81,204.79,195.45,9260500.0
2024-05-20,12.15,4.44,204.39,205.88,195.4,195.58,186.66,17373300.0
2024-05-21,11.86,4.41,197.0,199.9,196.6,199.52,190.42,14420800.0
2024-05-22,12.29,4.43,199.0,200.94,197.69,198.31,189.27,9425300.0
2024-05-23,12.77,4.47,197.81,198.3,196.07,196.92,187.94,8069400.0
2024-05-24,11.93,4.46,197.75,200.76,197.56,200.71,191.56,7356200.0
2024-05-27,12.36,4.52,199.3325,200.4975,198.385,199.8025,190.69,7021700.0
2024-05-28,12.92,4.54,199.86,200.41,198.66,199.5,190.4,6910200.0
2024-05-29,14.28,4.61,198.0,198.99,196.89,198.11,189.07,6120000.0
2024-05-30,14.47,4.55,198.56,199.85,198.4,199.33,190.24,6829100.0
2024-05-31,12.92,4.51,199.3,203.3,198.35,202.63,193.39,14417900.0
2024-06-03,13.11,4.41,202.31,202.42,199.19,201.82,192.61,6444300.0
2024-06-04,13.16,4.33,200.16,201.98,198.28,199.16,190.08,6848300.0
2024-06-05,12.63,4.29,199.76,199.82,196.92,197.26,188.26,8351600.0
2024-06-06,12.58,4.28,197.26,198.02,195.33,196.91,187.93,7640300.0
2024-06-07,12.22,4.43,197.43,200.92,197.01,199.95,190.83,6964500.0
2024-06-10,12.74,4.47,199.24,200.84,198.44,199.61,190.51,6070800.0
2024-06-11,12.85,4.39,197.91,197.94,193.6,194.36,185.5,9235300.0
2024-06-12,12.04,4.31,196.0,196.72,191.31,191.53,182.79,12751300.0
2024-06-13,11.94,4.24,192.32,194.58,190.88,193.66,184.83,8587800.0
2024-06-14,12.66,4.2,191.45,194.86,191.42,193.78,184.94,6874000.0
2024-06-17,12.75,4.28,193.48,195.58,192.64,194.98,186.09,8725400.0
2024-06-18,12.3,4.22,194.6,197.96,194.13,197.0,188.01,9023000.0
2024-06-19,12.48,4.234999999999999,195.495,198.70499999999998,195.12,197.83499999999998,188.81,8877050.0
2024-06-20,13.28,4.25,196.39,199.45,196.11,198.67,189.61,8731100.0
2024-06-21,13.2,4.25,196.71,197.17,194.22,196.3,187.35,20972100.0
2024-06-24,13.33,4.25,197.81,199.23,197.1,198.88,189.81,9785900.0
2024-06-25,12.84,4.23,198.09,200.07,197.74,198.07,189.04,6862500.0
2024-06-26,12.55,4.32,197.45,197.94,196.28,197.43,188.43,7758600.0
2024-06-27,12.24,4.29,197.44,199.86,196.9,199.17,190.09,7913500.0
2024-06-28,12.44,4.36,200.01,202.6,199.3,202.26,193.03,15307600.0
2024-07-01,12.22,4.48,202.84,207.09,202.66,205.45,196.08,10205800.0
2024-07-02,12.03,4.43,205.29,208.86,204.77,208.83,199.31,7802900.0
2024-07-03,12.09,4.36,209.55,210.38,207.65,208.69,199.17,5560900.0
2024-07-04,12.26,4.32,208.27,208.875,206.085,206.74,197.85,6827000.0
2024-07-05,12.48,4.28,206.99,207.37,204.52,204.79,196.53,8093100.0
2024-07-08,12.37,4.28,205.04,206.9,203.97,205.17,196.9,8707000.0
2024-07-09,12.51,4.3,205.63,209.76,205.45,207.63,199.26,9058900.0
2024-07-10,12.85,4.28,206.14,207.97,205.58,207.8,199.42,8328500.0
2024-07-11,12.92,4.2,206.21,208.1,205.38,207.45,199.09,10658100.0
2024-07-12,12.46,4.18,204.0,207.45,202.1,204.94,196.68,15443400.0
2024-07-15,13.12,4.23,207.19,211.61,206.72,210.05,201.58,10719700.0
2024-07-16,13.19,4.17,210.0,213.74,208.08,213.62,205.01,11557000.0
2024-07-17,14.48,4.16,213.8,217.56,213.27,216.87,208.13,11572500.0
2024-07-18,15.93,4.2,215.63,216.64,209.24,209.98,201.51,12415100.0
2024-07-19,16.52,4.25,211.2,212.35,208.92,209.78,201.32,8095900.0
2024-07-22,14.91,4.26,210.46,212.17,209.71,210.28,201.8,7663200.0
2024-07-23,14.72,4.25,211.02,211.48,209.35,210.33,201.85,5557300.0
2024-07-24,18.04,4.28,209.55,212.03,208.07,208.59,200.18,7119000.0
2024-07-25,18.46,4.27,208.65,210.19,208.05,208.67,200.26,6403800.0
2024-07-26,16.39,4.2,209.24,213.16,208.62,212.24,203.68,8027800.0
2024-07-29,16.6,4.17,212.65,213.61,210.55,210.85,202.35,6533600.0
2024-07-30,17.69,4.15,213.23,215.79,212.96,215.19,206.51,8850700.0
2024-07-31,16.36,4.09,214.78,216.39,212.67,212.8,204.22,9071600.0
2024-08-01,18.59,3.99,213.2,213.83,206.38,207.96,199.57,10918600.0
2024-08-02,23.39,3.8,203.88,204.67,196.89,199.14,191.11,18041700.0
2024-08-05,35.49250000000001,3.78,194.05,196.17,190.9,194.9,187.04,13927000.0
2024-08-06,27.71,3.9,195.4,202.6,194.0,200.34,192.26,10605800.0
2024-08-07,27.85,3.96,203.51,205.75,200.2,200.4,192.32,9204400.0
2024-08-08,23.79,3.99,202.47,204.91,201.79,204.06,195.83,7761200.0
2024-08-09,20.37,3.94,203.47,206.47,202.9,205.8,197.5,5540200.0
2024-08-12,20.71,3.9,206.41,207.14,203.66,206.19,197.88,6936000.0
2024-08-13,18.12,3.85,207.73,208.09,205.4,207.94,199.56,6387800.0
2024-08-14,16.19,3.83,207.74,210.76,207.12,210.24,201.76,6999800.0
2024-08-15,15.23,3.92,213.0,213.89,211.1,211.55,203.02,7001000.0
2024-08-16,14.8,3.89,211.69,214.09,211.59,213.97,205.34,7931200.0
2024-08-19,14.65,3.86,214.0,215.53,213.82,215.45,206.76,6090800.0
2024-08-20,15.88,3.82,215.0,216.0,213.68,214.52,205.87,5640000.0
2024-08-21,16.27,3.79,214.43,215.0,212.84,214.6,205.95,5202300.0
2024-08-22,17.55,3.86,214.58,216.8,214.34,216.63,207.9,5247100.0
2024-08-23,15.86,3.81,217.6,219.19,216.5,218.31,209.51,7214000.0
2024-08-26,16.15,3.82,219.01,219.68,218.05,219.17,210.33,5105200.0
2024-08-27,15.43,3.83,219.51,220.42,218.47250000000003,220.18,211.3,5185200.0
2024-08-28,17.11,3.84,219.25,221.70499999999998,218.47250000000003,220.99249999999998,211.71999999999994,6506400.0
2024-08-29,15.65,3.87,220.685,221.70499999999998,218.47250000000003,220.99249999999998,211.71999999999994,6416100.0
2024-08-30,15.0,3.91,220.685,221.70499999999998,218.47250000000003,220.99249999999998,211.71999999999994,8574100.0
2024-09-02,15.55,3.8575,220.685,221.70499999999998,218.47250000000003,220.99249999999998,211.71999999999994,8860600.0
2024-09-03,20.72,3.84,220.685,221.70499999999998,218.47250000000003,220.3,211.42,8956100.0
2024-09-04,21.32,3.77,220.685,221.70499999999998,217.21,219.33,210.49,7389500.0
2024-09-05,19.9,3.73,220.15,220.8,216.03,217.63,208.85,8067900.0
2024-09-06,22.38,3.72,217.6,218.74,211.09,212.46,203.89,7777000.0
2024-09-09,19.45,3.7,215.19,218.15,214.18,216.81,208.07,8935100.0
2024-09-10,19.08,3.65,218.6,218.64,200.61,205.56,197.27,24494500.0
2024-09-11,17.69,3.65,205.25,207.7,201.83,207.23,198.87,13658700.0
2024-09-12,17.07,3.68,207.65,208.78,204.89,206.6,198.27,9054400.0
2024-09-13,16.56,3.66,206.86,207.85,203.02,204.32,196.08,10226700.0
2024-09-16,17.14,3.63,205.83,208.21,205.59,207.86,199.48,8634900.0
2024-09-17,17.61,3.65,207.73,209.93,207.66,209.25,200.81,7573300.0
2024-09-18,18.23,3.7,209.01,211.34,206.7,207.53,199.16,8259900.0
2024-09-19,16.33,3.73,209.78,211.91,207.34,210.48,201.99,11635200.0
2024-09-20,16.15,3.73,209.93,211.42,209.5,211.09,202.58,20885000.0
2024-09-23,15.89,3.75,211.0,211.8,209.99,211.44,202.91,7223500.0
2024-09-24,15.39,3.74,211.15,212.95,210.37,211.59,203.06,7323200.0
2024-09-25,15.41,3.79,211.68,212.24,208.61,210.19,201.71,8976500.0
2024-09-26,15.37,3.79,211.13,211.7,209.01,209.78,201.32,7807500.0
2024-09-27,16.96,3.75,210.65,212.44,209.33,210.5,202.01,7032500.0
2024-09-30,16.73,3.81,206.31,210.96,205.26,210.86,202.36,8663800.0
2024-10-01,19.26,3.74,208.9,209.09,206.19,207.04,198.69,8540100.0
2024-10-02,18.9,3.79,207.08,208.95,205.69,207.29,198.93,5810900.0
2024-10-03,20.49,3.85,206.17,206.49,204.34,205.23,196.95,7251300.0
2024-10-04,19.21,3.98,209.3,211.67,206.91,211.22,203.95,10211700.0
2024-10-07,22.64,4.03,211.03,213.33,209.69,210.93,203.67,6718900.0
2024-10-08,21.42,4.04,210.58,211.33,208.38,210.75,203.49,6021800.0
2024-10-09,20.86,4.06,209.7,214.24,209.38,213.42,206.07,7024000.0
2024-10-10,20.93,4.09,214.81,214.81,211.47,212.84,205.51,7927100.0
2024-10-11,20.46,4.08,215.67,221.70499999999998,215.16,220.99249999999998,211.71999999999994,18320700.0
2024-10-14,19.7,4.0425,220.685,221.70499999999998,218.47250000000003,220.99249999999998,211.71999999999994,9048900.0
2024-10-15,20.64,4.03,220.685,221.70499999999998,218.47250000000003,220.99249999999998,211.71999999999994,9235800.0
2024-10-16,19.58,4.02,220.685,221.70499999999998,218.47250000000003,220.99249999999998,211.71999999999994,6382500.0
2024-10-17,19.11,4.09,220.685,221.70499999999998,218.47250000000003,220.99249999999998,211.71999999999994,6470200.0
2024-10-18,18.03,4.08,220.685,221.70499999999998,218.47250000000003,220.99249999999998,211.71999999999994,7000500.0
2024-10-21,18.37,4.19,220.685,221.70499999999998,218.47250000000003,220.99249999999998,211.71999999999994,5870000.0
2024-10-22,18.2,4.2,220.685,221.70499999999998,218.47250000000003,220.99249999999998,211.71999999999994,9586800.0
2024-10-23,19.24,4.24,220.685,221.70499999999998,218.47250000000003,220.99249999999998,211.71999999999994,6180500.0
2024-10-24,19.08,4.21,220.685,221.70499999999998,218.47250000000003,220.99249999999998,211.71999999999994,6002200.0
2024-10-25,20.33,4.25,220.685,221.70499999999998,218.47250000000003,220.99249999999998,211.71999999999994,6369700.0
2024-10-28,19.8,4.28,220.685,221.70499999999998,218.47250000000003,220.99249999999998,211.71999999999994,6843000.0
2024-10-29,19.34,4.28,220.685,221.70499999999998,218.47250000000003,220.99249999999998,211.71999999999994,6580000.0
2024-10-30,20.35,4.29,220.685,221.70499999999998,218.47250000000003,220.99249999999998,211.71999999999994,7110900.0
2024-10-31,23.16,4.28,220.685,221.70499999999998,218.47250000000003,220.99249999999998,211.71999999999994,7829900.0
2024-11-01,21.88,4.37,220.685,221.70499999999998,218.47250000000003,220.99249999999998,211.71999999999994,6923500.0
2024-11-04,21.98,4.31,220.685,221.70499999999998,218.47250000000003,219.78,211.71999999999994,8229600.0
2024-11-05,20.49,4.26,220.03,221.70499999999998,218.47250000000003,220.99249999999998,211.71999999999994,5600700.0
2024-11-06,16.27,4.42,220.685,221.70499999999998,218.47250000000003,220.99249999999998,211.71999999999994,23987800.0
2024-11-07,15.2,4.31,220.685,221.70499999999998,218.47250000000003,220.99249999999998,211.71999999999994,16451100.0
2024-11-08,14.94,4.3,220.685,221.70499999999998,218.47250000000003,220.99249999999998,211.71999999999994,9502100.0
2024-11-11,14.97,4.3975,220.685,221.70499999999998,218.47250000000003,220.99249999999998,211.71999999999994,9017100.0
2024-11-12,14.71,4.43,220.685,221.70499999999998,218.47250000000003,220.99249999999998,211.71999999999994,6861000.0
2024-11-13,14.02,4.44,220.685,221.70499999999998,218.47250000000003,220.99249999999998,211.71999999999994,11472600.0
2024-11-14,14.31,4.43,220.685,221.70499999999998,218.47250000000003,220.99249999999998,211.71999999999994,10172200.0
2024-11-15,16.14,4.43,220.685,221.70499999999998,218.47250000000003,220.99249999999998,211.71999999999994,11518800.0
2024-11-18,15.58,4.42,220.685,221.70499999999998,218.47250000000003,220.99249999999998,211.71999999999994,9051400.0
2024-11-19,16.35,4.39,220.685,221.70499999999998,218.47250000000003,220.99249999999998,211.71999999999994,6792700.0
2024-11-20,17.16,4.41,220.685,221.70499999999998,218.47250000000003,220.99249999999998,211.71999999999994,9015300.0
2024-11-21,16.87,4.43,220.685,221.70499999999998,218.47250000000003,220.99249999999998,211.71999999999994,8783500.0
2024-11-22,15.24,4.41,220.685,221.70499999999998,218.47250000000003,220.99249999999998,211.71999999999994,7997300.0
2024-11-25,14.6,4.27,220.685,221.70499999999998,218.47250000000003,220.99249999999998,211.71999999999994,10295400.0
2024-11-26,14.1,4.3,220.685,221.70499999999998,218.47250000000003,220.99249999999998,211.71999999999994,6212100.0
2024-11-27,14.1,4.25,220.685,221.70499999999998,218.47250000000003,220.99249999999998,211.71999999999994,5472300.0
2024-11-28,13.9,4.215,220.685,221.70499999999998,218.47250000000003,220.99249999999998,211.71999999999994,5483550.0
2024-11-29,13.51,4.18,220.685,221.70499999999998,218.47250000000003,220.99249999999998,211.71999999999994,5494800.0
2024-12-02,13.34,4.19,220.685,221.70499999999998,218.47250000000003,220.99249999999998,211.71999999999994,8899700.0
2024-12-03,13.3,4.23,220.685,221.70499999999998,218.47250000000003,220.99249999999998,211.71999999999994,6657700.0
2024-12-04,13.45,4.19,220.685,221.70499999999998,218.47250000000003,220.99249999999998,211.71999999999994,7346300.0
2024-12-05,13.54,4.17,220.685,221.70499999999998,218.47250000000003,220.99249999999998,211.71999999999994,6572500.0
2024-12-06,12.77,4.15,220.685,221.70499999999998,218.47250000000003,220.99249999999998,211.71999999999994,5519700.0
2024-12-09,14.19,4.2,220.685,221.70499999999998,218.47250000000003,220.99249999999998,211.71999999999994,7076500.0
2024-12-10,14.18,4.22,220.685,221.70499999999998,218.47250000000003,220.99249999999998,211.71999999999994,9108300.0
2024-12-11,13.58,4.26,220.685,221.70499999999998,218.47250000000003,220.99249999999998,211.71999999999994,7884400.0
2024-12-12,13.92,4.32,220.685,221.70499999999998,218.47250000000003,220.99249999999998,211.71999999999994,6113800.0
2024-12-13,13.81,4.4,220.685,221.70499999999998,218.47250000000003,220.99249999999998,211.71999999999994,10392700.0
2024-12-16,14.69,4.39,220.685,221.70499999999998,218.47250000000003,220.99249999999998,211.71999999999994,9032000.0
2024-12-17,15.87,4.4,220.685,221.70499999999998,218.47250000000003,220.99249999999998,211.71999999999994,8083600.0
2024-12-18,27.62,4.5,220.685,221.70499999999998,218.47250000000003,220.99249999999998,211.71999999999994,11322400.0
2024-12-19,24.09,4.57,220.685,221.70499999999998,218.47250000000003,220.99249999999998,211.71999999999994,11790800.0
2024-12-20,18.36,4.52,220.685,221.70499999999998,218.47250000000003,220.99249999999998,211.71999999999994,24494500.0
2024-12-23,16.78,4.59,220.685,221.70499999999998,218.47250000000003,220.99249999999998,211.71999999999994,8611500.0
2024-12-24,14.27,4.59,220.685,221.70499999999998,218.47250000000003,220.99249999999998,211.71999999999994,3729100.0
2024-12-25,14.5,4.585,220.685,221.70499999999998,218.47250000000003,220.99249999999998,211.71999999999994,4090450.0
2024-12-26,14.73,4.58,220.685,221.70499999999998,218.47250000000003,220.99249999999998,211.71999999999994,4451800.0
2024-12-27,15.95,4.62,220.685,221.70499999999998,218.47250000000003,220.99249999999998,211.71999999999994,5730200.0
2024-12-30,17.4,4.55,220.685,221.70499999999998,218.47250000000003,220.99249999999998,211.71999999999994,5723800.0
2024-12-31,17.35,4.58,220.685,221.70499999999998,218.47250000000003,220.99249999999998,211.71999999999994,4871000.0
