Date,Close,vol_20d,10Y_Treasury,Chooser_Price
2018-06-18,108.18,0.2037574232119836,2.92,38.44786818776315
2018-06-19,107.55,0.2011218163437814,2.89,38.99893355476439
2018-06-20,107.54,0.2011030017223686,2.93,38.95322373652367
2018-06-21,107.51,0.1983162926785756,2.9,38.967915331581835
2018-06-22,105.75,0.2048581459173622,2.9,40.686428102823605
2018-06-25,104.79,0.1743920500674235,2.87,41.22607187108624
2018-06-26,104.86,0.1703925489757415,2.88,41.10934078796989
2018-06-27,103.24,0.1544164144657173,2.83,42.660677010719574
2018-06-28,104.93,0.1631781843523247,2.84,41.04285755046657
2018-06-29,104.2,0.1558038585710993,2.85,41.69589766269503
2018-07-02,105.08,0.1599502624322757,2.87,40.832137364614496
2018-07-03,103.61,0.1654522214750359,2.83,42.35606984587081
2018-07-04,103.665,0.1364192544832983,2.835,42.176305746240544
2018-07-05,103.72,0.1345807213986263,2.84,42.11054187491674
2018-07-06,104.06,0.1348779766335966,2.82,41.8027035933931
2018-07-09,107.28,0.1814911510482467,2.86,38.960506967873016
2018-07-10,106.62,0.1816122019714623,2.87,39.56684135768909
2018-07-11,106.39,0.1816179417904663,2.85,39.81121321344608
2018-07-12,106.85,0.1723739984559891,2.85,39.26576330581857
2018-07-13,106.36,0.1729758931487182,2.83,39.76686938932288
2018-07-16,110.58,0.2246116733726633,2.85,37.034491832289625
2018-07-17,110.5,0.2232242688176736,2.86,37.044156517607064
2018-07-18,111.53,0.2248584444412143,2.88,36.23261825541921
2018-07-19,109.89,0.2324301393589584,2.84,37.859071781125806
2018-07-20,111.28,0.226080150014568,2.89,36.46229486160297
2018-07-23,113.35,0.2283789908279676,2.96,34.83023472908532
2018-07-24,114.15,0.2282573043091757,2.95,34.22959365903537
2018-07-25,115.18,0.2163199691563549,2.94,32.98158220657718
2018-07-26,114.85,0.2143544695254469,2.98,33.10963823554377
2018-07-27,116.03,0.2107150632591211,2.96,32.08532218622903
2018-07-30,116.73,0.2104376902171583,2.98,31.52158653361343
2018-07-31,114.95,0.2120147582587916,2.96,32.96702349679611
2018-08-01,115.66,0.2112796519518377,3.0,32.34208515959634
2018-08-02,116.15,0.2105147932790335,2.98,31.96195987807805
2018-08-03,117.09,0.2104563086346632,2.95,31.28961594914716
2018-08-06,117.12,0.1893453207853688,2.94,30.440035542354117
2018-08-07,117.55,0.1852056294767552,2.98,29.89726738819288
2018-08-08,117.79,0.1836601680716641,2.96,29.674316093448756
2018-08-09,116.88,0.1892866343890571,2.93,30.641778532088047
2018-08-10,115.73,0.1935252972386648,2.87,31.791145406800027
2018-08-13,113.89,0.1556172291931981,2.88,32.395146851336264
2018-08-14,114.65,0.156414800384587,2.89,31.700894690495872
2018-08-15,113.7,0.1578024440746413,2.86,32.635790051817466
2018-08-16,114.77,0.1489162531570955,2.87,31.48213110805031
2018-08-17,114.77,0.1438459380657778,2.87,31.40047540009932
2018-08-20,114.62,0.1292236355805009,2.82,31.427109060384215
2018-08-21,115.32,0.1286351665925581,2.85,30.708534176153144
2018-08-22,114.97,0.1251640145449316,2.82,31.050832246921075
2018-08-23,114.73,0.124963289020602,2.82,31.2802511847372
2018-08-24,114.68,0.1188938561555538,2.82,31.2790736076505
2018-08-27,116.71,0.1337587463168741,2.85,29.462469380805928
2018-08-28,116.14,0.1226602504048343,2.88,29.817109280494936
2018-08-29,115.76,0.1214846960117111,2.89,30.156097462015033
2018-08-30,115.19,0.1216702854128676,2.86,30.749992080824395
2018-08-31,114.58,0.118535189672306,2.86,31.31665459967065
2018-09-03,115.0075,0.1196817424039897,2.89,30.86724215151002
2018-09-04,115.15,0.1187620418574275,2.9,30.707479072091296
2018-09-05,114.59,0.1189422126440702,2.9,31.252752589284473
2018-09-06,114.1,0.1171057381587047,2.88,31.746630068383396
2018-09-07,114.32,0.1129365533030947,2.94,31.42079627421591
2018-09-10,113.71,0.0993508429588363,2.94,31.970914943343033
2018-09-11,114.43,0.0990510492673707,2.98,31.19817621859934
2018-09-12,113.08,0.1035909073892927,2.97,32.563096570803204
2018-09-13,113.52,0.09848855869258,2.97,32.11414829123359
2018-09-14,113.5,0.0984779882052092,2.99,32.10501990901634
2018-09-17,113.84,0.0992139250244169,2.99,31.769197528518248
2018-09-18,114.3,0.0976972533230245,3.05,31.22227431172124
2018-09-19,117.62,0.142452628781086,3.08,28.470126527548906
2018-09-20,118.63,0.1442353779521716,3.07,27.621382410140782
2018-09-21,117.85,0.147066156182746,3.07,28.38036224362058
2018-09-24,116.72,0.138617834044997,3.08,29.216758894601707
2018-09-25,116.39,0.1378389232248917,3.1,29.48085434308645
2018-09-26,115.02,0.1438038187347377,3.06,30.904585185520578
2018-09-27,114.52,0.1435712147220035,3.06,31.36672329679328
2018-09-28,112.84,0.1515712753788684,3.05,33.069599354641994
2018-10-01,113.5,0.1525796282515876,3.09,32.41544344889412
2018-10-02,113.97,0.1533930935861734,3.05,32.04971841376153
2018-10-03,115.04,0.1562949502459468,3.15,30.993041635481582
2018-10-04,115.27,0.1554742794451229,3.19,30.71474716425084
2018-10-05,114.62,0.1569019200795845,3.23,31.277015465048816
2018-10-08,115.32,0.1568268254824324,3.215,30.665028378986527
2018-10-09,114.52,0.1576330059566608,3.21,31.40924260398308
2018-10-10,111.47,0.1797155978887813,3.22,34.597239932450044
2018-10-11,108.13,0.2065318329703306,3.14,38.257512809731864
2018-10-12,106.95,0.2085405053896931,3.15,39.334438550973076
2018-10-15,106.34,0.2075706216444876,3.16,39.84772704179845
2018-10-16,108.62,0.2242719006588956,3.16,38.25493790094069
2018-10-17,109.83,0.1984368167972287,3.19,36.50903336542855
2018-10-18,108.09,0.1978994651274315,3.17,38.06985970833928
2018-10-19,107.91,0.1980061532087633,3.2,38.19323308847824
2018-10-22,106.36,0.2004018902928661,3.2,39.6413762992981
2018-10-23,105.25,0.2013469177831573,3.17,40.71426493829594
2018-10-24,103.29,0.2058479250663948,3.1,42.691529628896255
2018-10-25,104.86,0.2183419472256005,3.14,41.41510352233642
2018-10-26,103.42,0.2177764744961129,3.08,42.788125696760495
2018-10-29,104.85,0.2244277446395291,3.08,41.629024266563604
2018-10-30,106.7,0.2356508332872066,3.12,40.241468631938346
2018-10-31,109.02,0.2481437368389725,3.15,38.690339471590576
2018-11-01,108.98,0.2477079252702819,3.14,38.71935063922135
2018-11-02,108.38,0.2476872932845048,3.22,39.0952443098887
2018-11-05,109.09,0.2479010566483907,3.2,38.5643872574391
2018-11-06,109.6,0.2486675005047745,3.22,38.167431414717655
2018-11-07,111.48,0.2397301144075303,3.22,36.383186525847606
2018-11-08,112.38,0.2129647271711497,3.24,34.69591106686594
2018-11-09,111.29,0.2120291909532014,3.19,35.62530245233853
2018-11-12,108.95,0.2260009203541939,3.1525,38.03713383824338
2018-11-13,109.59,0.2140489253371803,3.14,37.17758708846297
2018-11-14,107.33,0.2226881210996285,3.12,39.36533316560984
2018-11-15,110.07,0.2343713506344542,3.11,37.43546550965054
2018-11-16,109.99,0.2342528369543957,3.08,37.53359020527466
2018-11-19,110.83,0.2279755138099263,3.06,36.67382382760462
2018-11-20,108.45,0.2391562862515298,3.06,38.965541790638646
2018-11-21,107.64,0.229735175445419,3.06,39.3636365638355
2018-11-22,107.145,0.2255462466119296,3.055,39.6823527584019
2018-11-23,106.65,0.2198045627940857,3.05,39.98024592247234
2018-11-26,109.26,0.230621452498927,3.07,38.02432831764598
2018-11-27,109.72,0.2234795183321321,3.06,37.4406065338094
2018-11-28,110.94,0.2136766704545098,3.06,36.133042829236025
2018-11-29,110.06,0.2159745513764494,3.03,36.97633014977124
2018-11-30,111.19,0.2173316038804421,3.01,36.10098150255785
2018-12-03,112.24,0.2184855810988613,2.98,35.3204333367274
2018-12-04,107.23,0.2724701799088798,2.91,41.24713575828784
2018-12-05,106.21,0.2653171101566967,2.89,41.82761042849131
2018-12-06,105.19,0.2635782933212199,2.87,42.62293263025319
2018-12-07,103.29,0.2679620729765227,2.85,44.34363509107196
2018-12-10,101.36,0.2660635334679445,2.85,45.9266924900238
2018-12-11,100.37,0.2645668457811201,2.89,46.694192044246584
2018-12-12,101.02,0.2597700484309402,2.91,45.99389092503292
2018-12-13,101.12,0.2378335467428124,2.91,45.46128999527354
2018-12-14,100.29,0.23789894211,2.89,46.24259122385821
2018-12-17,99.01,0.235102031207407,2.86,47.414610945805194
2018-12-18,98.54,0.2274165897622464,2.82,47.80407893304279
2018-12-19,97.29,0.2290128019777167,2.77,49.068626343502665
2018-12-20,96.45,0.2293801890309822,2.79,49.838641298904896
2018-12-21,94.17,0.2385555242128792,2.79,52.09598034377712
2018-12-24,92.14,0.215132127509701,2.74,53.95656770045779
2018-12-25,94.05,0.2350409359741418,2.7750000000000004,52.19841480429705
2018-12-26,95.96,0.2467060021707748,2.81,50.47459538359033
2018-12-27,97.04,0.2551164144687723,2.77,49.65360680326566
2018-12-28,96.83,0.2482284993839628,2.72,49.813275669968164
2018-12-31,97.62,0.2471549454228035,2.69,49.1105161483085
2019-01-01,98.465,0.2084127125225946,2.675,47.87732974418281
2019-01-02,99.31,0.2121278361473426,2.66,47.12787424190426
2019-01-03,97.11,0.2215660676661991,2.56,49.458117288326456
2019-01-04,100.69,0.2578077975657744,2.67,46.56298511898806
2019-01-07,100.76,0.2493637085489484,2.7,46.28793943111369
2019-01-08,100.57,0.2469020162269593,2.73,46.36955327343712
2019-01-09,100.4,0.2458543972703812,2.74,46.48902999025347
2019-01-10,100.39,0.2458152064594764,2.74,46.49730481136583
2019-01-11,99.91,0.2446417554475171,2.71,46.95073332751749
2019-01-14,100.94,0.2424729459068761,2.71,45.9818379929942
2019-01-15,101.68,0.242416098521006,2.72,45.30361237665534
2019-01-16,102.5,0.2372418244684268,2.73,44.45592903519703
2019-01-17,102.92,0.2334360842165944,2.75,43.9784793676011
2019-01-18,104.59,0.2144108938009309,2.79,42.061992611563596
2019-01-21,103.3525,0.2005575793638714,2.7525000000000004,43.0451921886246
2019-01-22,102.94,0.1953342596520925,2.74,43.3886267078337
2019-01-23,102.68,0.1876405639572146,2.76,43.52838063777457
2019-01-24,102.74,0.1855698152090834,2.72,43.508481889543795
2019-01-25,103.39,0.1849294933662322,2.76,42.822960856321885
2019-01-28,103.88,0.1841461406571388,2.75,42.36110383683962
2019-01-29,104.17,0.183004489819805,2.72,42.11519115374588
2019-01-30,104.41,0.1817640771636818,2.7,41.90183616442718
2019-01-31,103.5,0.1627925966778102,2.63,42.73485386445583
2019-02-01,103.88,0.1038151245122813,2.7,42.12594995068596
2019-02-04,104.25,0.1039892480375545,2.73,41.71246885474923
2019-02-05,103.79,0.1055280859732593,2.71,42.20171697910828
2019-02-06,103.74,0.1051149716728207,2.7,42.26616753341551
2019-02-07,102.38,0.1174247561476593,2.65,43.70220637018777
2019-02-08,101.36,0.1221580008961989,2.63,44.752258381784124
2019-02-11,100.88,0.1181487723489101,2.65,45.200606366852966
2019-02-12,102.6,0.1305379711532522,2.68,43.45024229763734
2019-02-13,103.09,0.128510734040845,2.71,42.91603758544663
2019-02-14,102.42,0.1298749168379842,2.66,43.65782506257471
2019-02-15,105.55,0.1603330764647874,2.66,40.67834688635679
2019-02-18,105.2725,0.1541498300535494,2.6525,40.92123536741626
2019-02-19,105.18,0.1532156160596198,2.65,41.010293827144565
2019-02-20,105.69,0.1531239434874146,2.65,40.510828590675494
2019-02-21,105.47,0.1536245353612547,2.69,40.671218118083786
2019-02-22,105.0,0.1537654113792892,2.65,41.189467771710724
2019-02-25,106.1,0.1570202987678395,2.67,40.106672612222944
2019-02-26,105.29,0.15986939464484,2.64,40.95673012203255
2019-02-27,105.16,0.1598574999047921,2.69,41.01149057733945
2019-02-28,104.36,0.1590652830832101,2.73,41.72952883810082
2019-03-01,104.43,0.1586180098526139,2.76,41.61547306738459
2019-03-04,104.19,0.1583888726364486,2.72,41.906330887709366
2019-03-05,104.11,0.1575629136898327,2.72,41.98020049310617
2019-03-06,103.72,0.1581751740182459,2.69,42.40859733546011
2019-03-07,102.97,0.1529860401808812,2.64,43.195288698010366
2019-03-08,103.01,0.1480820950577708,2.62,43.16788518884424
2019-03-11,104.35,0.1525354716802846,2.64,41.83540711342125
2019-03-12,104.04,0.1420721717569934,2.61,42.14559526321397
2019-03-13,104.39,0.1416272597875992,2.61,41.798055559743894
2019-03-14,105.34,0.1419869911279412,2.63,40.83188863958287
2019-03-15,106.55,0.1000633105497302,2.59,39.617572568856026
2019-03-18,107.19,0.1011816077313757,2.6,38.96412487691836
2019-03-19,106.8,0.1023010896159345,2.61,39.33953018990583
2019-03-20,104.52,0.1276252455012332,2.54,41.73908702720926
2019-03-21,102.87,0.13863772702685,2.54,43.39875036807053
2019-03-22,99.76,0.1726584144926137,2.44,46.723439246490486
2019-03-25,98.93,0.1667116140067989,2.43,47.533610351610896
2019-03-26,99.92,0.1724851174325588,2.41,46.608919433786504
2019-03-27,99.58,0.172436273759923,2.39,46.97183476052908
2019-03-28,100.71,0.1782602508962888,2.39,45.893251990790795
2019-03-29,101.23,0.1797657088179876,2.41,45.36679795111476
2019-04-01,104.64,0.2187750925522387,2.49,42.50727949550754
2019-04-02,105.14,0.2192992702475074,2.48,42.08009230166913
2019-04-03,105.35,0.2187424542110099,2.52,41.82601902135318
2019-04-04,105.56,0.2166520463088555,2.51,41.61015373681915
2019-04-05,105.31,0.2170318489380972,2.5,41.85609511288524
2019-04-08,105.65,0.2127037900031311,2.52,41.440001719032374
2019-04-09,104.87,0.2142856347255959,2.51,42.189747410026676
2019-04-10,105.34,0.2145214656233505,2.48,41.80904378414621
2019-04-11,106.23,0.2141887733486071,2.51,40.9601656217055
2019-04-12,111.21,0.2682686411938427,2.56,38.5312891497945
2019-04-15,109.94,0.2721587163316474,2.55,39.632320200311085
2019-04-16,111.1,0.2733290350683705,2.6,38.78090624001824
2019-04-17,114.3,0.2741998844806538,2.59,36.64068026466263
2019-04-18,113.46,0.2674224242565738,2.57,36.89583582335369
2019-04-19,113.495,0.2338552515964878,2.575,35.402506236046364
2019-04-22,113.6,0.2282832628522952,2.59,35.08634140196769
2019-04-23,113.74,0.2288915197563225,2.57,35.026835011464925
2019-04-24,113.55,0.2279687185504438,2.53,35.1864531477071
2019-04-25,113.61,0.2282663689875239,2.54,35.13928565507794
2019-04-26,114.47,0.2282895313687687,2.51,34.52023928690359
2019-04-29,116.12,0.2068239256184192,2.54,32.3736043379804
2019-04-30,116.05,0.207882408192619,2.51,32.50545584969632
2019-05-01,115.16,0.2125315431691148,2.52,33.363321676714214
2019-05-02,115.41,0.2125042041983144,2.55,33.13070692128194
2019-05-03,116.12,0.2109697078309043,2.54,32.535073007323774
2019-05-06,115.09,0.2165979638547535,2.51,33.584996138069805
2019-05-07,113.21,0.2252034461203797,2.45,35.44700184310841
2019-05-08,112.61,0.2275485424018854,2.49,35.954352500526014
2019-05-09,112.52,0.227215361347469,2.45,36.063614952580345
2019-05-10,112.51,0.157237252699797,2.47,34.26753728101767
2019-05-13,109.45,0.1813899107026546,2.4,37.5832510339777
2019-05-14,110.32,0.1795776401448384,2.42,36.725316372169814
2019-05-15,109.9,0.143107800433886,2.37,36.745914283903815
2019-05-16,111.31,0.1506832285137034,2.4,35.41464727048786
2019-05-17,110.77,0.1512405542308014,2.39,35.95052111914172
2019-05-20,111.35,0.1527991026200599,2.41,35.38637074252554
2019-05-21,111.73,0.1534079332556849,2.43,35.00506224810254
2019-05-22,110.82,0.1555751756925553,2.39,35.95054031152457
2019-05-23,108.64,0.1686261361750432,2.31,38.28540832103247
2019-05-24,109.71,0.1705570940731717,2.32,37.28786899834064
2019-05-27,108.8175,0.1601208548295618,2.275,38.073042634826216
2019-05-28,108.52,0.159841959421217,2.26,38.37691262968409
2019-05-29,108.22,0.1590098997511914,2.25,38.67182850452793
2019-05-30,107.06,0.1599711747626536,2.22,39.84225723702226
2019-05-31,105.96,0.1571560793727703,2.14,41.00605382723189
2019-06-03,106.46,0.1595523345447932,2.07,40.636316169979295
2019-06-04,109.74,0.1945192070809432,2.12,37.94582248848737
2019-06-05,110.13,0.1947543536750449,2.12,37.60089394537531
2019-06-06,110.37,0.1950901636681766,2.12,37.39370680784108
2019-06-07,109.16,0.1982884356114683,2.09,38.5842752734128
2019-06-10,110.34,0.1776155283557094,2.15,37.0468395463673
2019-06-11,110.68,0.1757253757898413,2.15,36.70192133487893
2019-06-12,109.27,0.1812155918603847,2.13,38.12157862141629
2019-06-13,109.54,0.1749390521403164,2.1,37.81732812219309
2019-06-14,109.82,0.1746079577682506,2.09,37.565305655656466
2019-06-17,109.22,0.1741789661003429,2.09,38.119933036422765
2019-06-18,110.71,0.1811886861479246,2.06,36.89372165020991
2019-06-19,109.91,0.1806964089107779,2.03,37.66102829327811
2019-06-20,110.19,0.1657839062788889,2.01,37.20853358738355
2019-06-21,109.44,0.1642071154732479,2.07,37.81431608366296
2019-06-24,108.66,0.1635885883143321,2.02,38.62198232154158
2019-06-25,107.76,0.1659767275636979,2.0,39.53589631717115
2019-06-26,108.48,0.1674961948117029,2.05,38.79270028971696
2019-06-27,108.84,0.1627337721416269,2.01,38.45535332283751
2019-06-28,111.8,0.181911028241688,2.0,36.000418283769015
2019-07-01,113.68,0.1885945616097737,2.03,34.45056609057963
2019-07-02,113.8,0.1582778683901318,1.98,33.76655898078322
2019-07-03,112.82,0.1623935349431042,1.96,34.769345464832874
2019-07-04,113.155,0.1624772595189384,2.0,34.40491888948639
2019-07-05,113.49,0.1559284736202258,2.04,33.93346960131737
2019-07-08,112.87,0.1544154477269152,2.05,34.47759138953715
2019-07-09,113.35,0.154662637173975,2.07,34.00316992338737
2019-07-10,113.02,0.1466076304364526,2.07,34.207474369794454
2019-07-11,114.1,0.1492171198573204,2.13,33.137613399004564
2019-07-12,115.3,0.1521979435827331,2.12,32.084058080219464
2019-07-15,113.9,0.1585361734575817,2.09,33.52568405583426
2019-07-16,115.12,0.1560391768346019,2.13,32.304843340931235
2019-07-17,113.99,0.1583242569083004,2.06,33.48062069629985
2019-07-18,114.67,0.1589814349387049,2.04,32.89500512313292
2019-07-19,113.54,0.1615782976625517,2.05,33.9650860379678
2019-07-22,114.27,0.1586843247525518,2.05,33.24276519345006
2019-07-23,116.36,0.1625721942032679,2.08,31.39135987120041
2019-07-24,116.83,0.1622419539422175,2.05,31.00783036867601
2019-07-25,115.71,0.1690365091937381,2.08,32.11958159067913
2019-07-26,116.22,0.1433951310766845,2.08,31.13982083251662
2019-07-29,115.85,0.1331575507016407,2.06,31.371218465297513
2019-07-30,115.59,0.1336467562067518,2.06,31.624358078810012
2019-07-31,116.0,0.1291668529801418,2.02,31.23901267263989
2019-08-01,112.94,0.1622730285812915,1.9,34.73978732408618
2019-08-02,112.93,0.1618844252239793,1.86,34.79868169583585
2019-08-05,109.57,0.1924399708657417,1.75,38.56723167946848
2019-08-06,110.43,0.1942588050035046,1.73,37.85423346194546
2019-08-07,108.03,0.2074571489447982,1.71,40.30446455455359
2019-08-08,109.86,0.2145293445743648,1.72,38.83543398601065
2019-08-09,109.74,0.2095867956980478,1.74,38.792416347030844
2019-08-12,107.68,0.2149331851854955,1.65,40.85376755926269
2019-08-13,109.34,0.2194332959066672,1.68,39.4625228941173
2019-08-14,104.8,0.2588172013497647,1.59,44.487522192227814
2019-08-15,105.2,0.2578231007618836,1.52,44.215985763298924
2019-08-16,107.72,0.2752823939040257,1.55,42.67175363250152
2019-08-19,108.69,0.2765372318211737,1.6,41.90655032896551
2019-08-20,107.31,0.2675855481650765,1.55,42.73284530947869
2019-08-21,107.61,0.2671319819587214,1.59,42.42706398168167
2019-08-22,108.72,0.2708926616517377,1.62,41.649570787730234
2019-08-23,106.02,0.280060101449375,1.52,44.21178736453661
2019-08-26,106.87,0.2835237264016936,1.54,43.637452773036514
2019-08-27,105.74,0.2844292632987331,1.49,44.617743047622504
2019-08-28,106.8,0.287706788301892,1.47,43.92963831836116
2019-08-29,109.22,0.2896882851734844,1.5,42.15162313980821
2019-08-30,109.86,0.2908435583926014,1.5,41.73618276088921
2019-09-02,108.885,0.272540077592722,1.4775,41.76172603283533
2019-09-03,108.56,0.2710199765450853,1.47,41.96718670421531
2019-09-04,109.87,0.2626805026702005,1.47,40.648270807160976
2019-09-05,112.37,0.2681215994703575,1.57,38.869591807084355
2019-09-06,112.61,0.2679897189947569,1.55,38.71481666789929
2019-09-09,115.4,0.2690335013899247,1.63,36.735535477970444
2019-09-10,116.87,0.2676386731014142,1.72,35.60235009412469
2019-09-11,117.19,0.2085387280471804,1.75,32.58198770986673
2019-09-12,117.91,0.2084258512279894,1.79,31.978281993409713
2019-09-13,120.23,0.2039896090642699,1.9,29.936729865665836
2019-09-16,119.16,0.2098277703643949,1.84,31.049733277043366
2019-09-17,118.57,0.2030049622490166,1.81,31.22924661281473
2019-09-18,119.76,0.2035510105308852,1.8,30.376373378577895
2019-09-19,119.38,0.2048938107343339,1.79,30.727675215395987
2019-09-20,118.9,0.1763428773038378,1.74,30.0533246162609
2019-09-23,118.88,0.1773730578539056,1.72,30.129919513218
2019-09-24,117.33,0.1805048375095204,1.64,31.620699111975213
2019-09-25,118.0,0.1796467562955195,1.73,30.91815748271576
2019-09-26,117.03,0.1728326166322088,1.7,31.573590308983654
2019-09-27,117.72,0.1728391757786108,1.69,30.996242949857947
2019-09-30,117.69,0.1672605832904176,1.68,30.878400381838333
2019-10-01,115.55,0.1835257606302643,1.65,33.20660516726491
2019-10-02,113.25,0.1975631792530877,1.6,35.63021532758191
2019-10-03,112.19,0.1843806892497851,1.54,36.329930416950006
2019-10-04,114.62,0.199784000638181,1.52,34.637065026467354
2019-10-07,114.37,0.1789968139385731,1.56,34.240085722381316
2019-10-08,111.82,0.1879005534116521,1.54,36.73552655131435
2019-10-09,112.63,0.1901194101435344,1.59,35.99648508863914
2019-10-10,114.21,0.1965043366147774,1.67,34.688913541914005
2019-10-11,116.14,0.1927422641625435,1.76,32.84150827439698
2019-10-14,116.45,0.1913476594736723,1.7675,32.53084874659737
2019-10-15,119.96,0.2202901801527612,1.77,31.059765536909772
2019-10-16,119.68,0.2176782190666754,1.75,31.14913325565351
2019-10-17,120.35,0.218178784897746,1.76,30.69783523018946
2019-10-18,120.56,0.2175553129749643,1.76,30.522782637271206
2019-10-21,123.55,0.2335726862997179,1.8,29.499073461020007
2019-10-22,124.79,0.2281255362422801,1.78,28.47402900602439
2019-10-23,125.12,0.2279348356883379,1.77,28.288190842282294
2019-10-24,125.03,0.2245538367778408,1.77,28.12214955257716
2019-10-25,126.03,0.2249865011615237,1.8,27.571774298205362
2019-10-28,126.51,0.224546208029666,1.85,27.241038488454592
2019-10-29,126.43,0.2100174484634309,1.84,26.337519702036264
2019-10-30,125.73,0.1933180102075711,1.78,25.791717093340683
2019-10-31,124.92,0.190640397051195,1.69,26.257960360900945
2019-11-01,127.8,0.1922703773576107,1.73,24.529309581552493
2019-11-04,128.82,0.1902405176453416,1.79,23.762177356479665
2019-11-05,129.1,0.1592069789253231,1.86,21.5815789270728
2019-11-06,129.3,0.1604917217087824,1.81,21.582327688860687
2019-11-07,130.0,0.158368157945002,1.92,20.90660088142366
2019-11-08,130.38,0.1539551663619187,1.94,20.381532034633143
2019-11-11,129.92,0.1571877280054217,1.925,20.878417682745777
2019-11-12,129.16,0.1324241791467752,1.92,20.032420829641715
2019-11-13,128.48,0.13459619528646,1.88,20.683764803934203
2019-11-14,128.6,0.1346903638812558,1.82,20.668727566145794
2019-11-15,129.53,0.1352277867307994,1.84,19.995245479741634
2019-11-18,130.62,0.1116557648824862,1.81,18.104868246337414
2019-11-19,130.58,0.1087755520868625,1.79,18.038735014989594
2019-11-20,129.63,0.1139268391181078,1.73,19.076443302452088
2019-11-21,129.93,0.1135466358127151,1.77,18.773854142962914
2019-11-22,130.79,0.1126741992307229,1.77,18.06560260309723
2019-11-25,131.49,0.1131569291310881,1.76,17.56875760181588
2019-11-26,131.67,0.1127720335801574,1.74,17.439383328900277
2019-11-27,132.06,0.1091596779321266,1.77,16.941249868687077
2019-11-28,131.91,0.1049500895239173,1.775,16.8540556438405
2019-11-29,131.76,0.0731879343885533,1.78,15.912896653946747
2019-12-02,131.47,0.0701587810855437,1.83,16.053117306292542
2019-12-03,129.78,0.0855056989348799,1.72,18.067204544554066
2019-12-04,132.34,0.1099441055383129,1.77,16.77251056359122
2019-12-05,133.06,0.1099577987941756,1.8,16.221472598072296
2019-12-06,135.04,0.1201791575120848,1.84,15.519608152492296
2019-12-09,134.41,0.1209114342994507,1.83,15.950914376112145
2019-12-10,134.5,0.1176634998071176,1.85,15.668531966048
2019-12-11,134.18,0.1157127013511999,1.79,15.807264825516988
2019-12-12,138.02,0.1487216245551623,1.9,16.287895841434
2019-12-13,136.81,0.1542541002052207,1.82,17.252693302800644
2019-12-16,137.34,0.1528909402127777,1.89,16.890690317097082
2019-12-17,138.18,0.1529963469079059,1.89,16.604863425397042
2019-12-18,138.04,0.1490493445095123,1.92,16.295853959787408
2019-12-19,137.35,0.1518528252016582,1.92,16.7799472564555
2019-12-20,137.24,0.1516772412535759,1.92,16.80615347657418
2019-12-23,137.2,0.1515693050482472,1.93,16.805333757867167
2019-12-24,137.58,0.1515525971789572,1.9,16.684140406399514
2019-12-25,138.31,0.1519285128841651,1.9,16.463523832588656
2019-12-26,139.04,0.1516779684590539,1.9,16.211232794838914
2019-12-27,139.14,0.1512009747986824,1.88,16.15078979035553
2019-12-30,138.63,0.1519273025519844,1.9,16.359766241469067
2019-12-31,139.4,0.1405601873181529,1.92,15.111905903024287
2020-01-01,140.245,0.1275599114985692,1.9,13.715296592152768
2020-01-02,141.09,0.1277289654052871,1.88,13.495597082473594
2020-01-03,138.34,0.1426045893955633,1.8,15.720342157028703
2020-01-06,138.23,0.1411309107189605,1.81,15.629567020034827
2020-01-07,135.88,0.1556053137093329,1.83,17.7315251771593
2020-01-08,136.94,0.157245671189472,1.87,17.41567799926539
2020-01-09,137.44,0.1197179289381414,1.85,14.204817842308252
2020-01-10,136.07,0.1209299281954906,1.83,15.00538975089934
2020-01-13,137.2,0.1239164429753121,1.85,14.641536515974039
2020-01-14,138.8,0.1290182837667736,1.82,14.391830878509246
2020-01-15,136.72,0.1399134848474285,1.79,16.1553487572522
2020-01-16,137.25,0.1396274106961447,1.81,15.890844828206035
2020-01-17,138.2,0.1417147727732335,1.84,15.669787577194882
2020-01-20,137.18,0.1443739112980086,1.795,16.315411935435492
2020-01-21,136.84,0.1442559464123854,1.78,16.457181088594986
2020-01-22,136.68,0.14278361545585,1.77,16.415308669444833
2020-01-23,136.54,0.141112202842897,1.74,16.367670347710664
2020-01-24,133.15,0.1644985463724563,1.7,19.772850374290385
2020-01-27,132.03,0.1659362488005313,1.61,20.534500147974533
2020-01-28,134.43,0.1794455378050261,1.65,20.36728183037951
2020-01-29,134.23,0.1770704729113902,1.6,20.303440428237202
2020-01-30,135.89,0.1822979945117606,1.57,20.09046716802505
2020-01-31,132.36,0.1918436992655936,1.51,22.337943474184975
2020-02-03,133.37,0.1949320607996008,1.54,22.113030144490203
2020-02-04,135.29,0.1941373135637553,1.61,21.261709505377432
2020-02-05,137.59,0.20172996043372,1.66,21.183110670219968
2020-02-06,137.61,0.2013441751286765,1.65,21.149339956396084
2020-02-07,137.17,0.1982471974681987,1.59,21.030119966162687
2020-02-10,137.74,0.1966147663930584,1.56,20.74705180594031
2020-02-11,138.0,0.1921130402934902,1.59,20.261074978252566
2020-02-12,138.0,0.184030158431926,1.62,19.528373478331204
2020-02-13,137.88,0.1836562801070086,1.61,19.53546042990552
2020-02-14,137.46,0.1822877433144836,1.59,19.552513380599954
2020-02-17,136.095,0.1838368288381715,1.56,20.152713556989887
2020-02-18,135.64,0.1839962445030547,1.55,20.336202890995125
2020-02-19,137.49,0.1905415943169371,1.56,20.281626078783603
2020-02-20,137.49,0.1904772746427038,1.52,20.30003907082053
2020-02-21,135.81,0.1727476488513546,1.46,19.41346561059271
2020-02-24,132.16,0.1968998955828807,1.38,22.917650186885936
2020-02-25,126.26,0.2416766737593767,1.33,29.017876534257915
2020-02-26,126.64,0.2425800367899607,1.33,28.890374790680113
2020-02-27,121.37,0.2717578903467124,1.3,33.6025564604538
2020-02-28,116.11,0.2951003464120521,1.13,38.21044502510726
2020-03-02,121.52,0.3473804696159303,1.1,38.83417566042855
2020-03-03,116.96,0.3587972616114308,1.02,41.71951846707506
2020-03-04,119.85,0.3665975121293851,1.02,40.961613478836696
2020-03-05,113.97,0.3950537311310684,0.92,45.579032899537246
2020-03-06,108.08,0.4220367888941678,0.74,50.35525771838478
2020-03-09,93.44,0.6047294934000006,0.54,67.95505521143292
2020-03-10,100.7,0.6921596045531547,0.76,69.92012179991883
2020-03-11,95.96,0.6990352974963484,0.82,71.8085217111119
2020-03-12,88.05,0.7331155172743401,0.88,76.62893958637441
2020-03-13,103.91,1.0237537837421742,0.94,91.80918743089907
2020-03-16,88.36,1.134229945447064,0.73,99.49500776862611
2020-03-17,93.76,1.1685556519126374,1.02,101.19907862922656
2020-03-18,83.89,1.204586017360412,1.18,103.30175562638478
2020-03-19,85.3,1.2100630253516862,1.12,103.62522866952253
2020-03-20,83.5,1.2096345275996323,0.92,103.88146758839828
2020-03-23,79.03,1.214958497228083,0.76,104.64192008378556
2020-03-24,88.43,1.310617542594953,0.84,109.82061808871049
2020-03-25,91.73,1.3222806501585176,0.88,110.74239532894819
2020-03-30,93.5,1.3531328578190165,0.7,113.01384564604706
2020-03-31,90.03,1.3530206952048078,0.7,112.61220903989368
2020-04-01,84.36,1.3593509085244118,0.62,112.61173046990876
2020-04-02,87.51,1.3643364459770533,0.63,113.11527614672052
2020-04-03,84.05,1.3600464919527109,0.62,112.63295921757012
2020-04-06,89.46,1.2971681416752414,0.67,109.26415685505506
2020-04-07,90.64,1.266408546397878,0.75,107.4006265587844
2020-04-08,94.3,1.2634016920037905,0.77,107.4403440617308
2020-04-09,102.76,1.2583645390277636,0.73,108.09753804232209
2020-04-10,101.6175,1.0885595535721346,0.7375,96.42423720919683
2020-04-13,98.19,0.9436804674871152,0.76,86.7855411203512
2020-04-14,95.5,0.9284928546734558,0.76,86.13141851105416
2020-04-15,90.79,0.8611303983231116,0.63,83.07991603316611
2020-04-16,87.33,0.873401653584458,0.61,84.72242914839575
2020-04-17,95.18,0.9210346677019604,0.65,85.81644081636891
2020-04-20,91.71,0.9077693664023933,0.63,85.63204965171784
2020-04-21,89.05,0.8175164156268092,0.58,81.14051456099114
2020-04-22,89.34,0.8066432621349457,0.63,80.38919311716917
2020-04-23,89.39,0.763510201008296,0.61,78.02396013580187
2020-04-24,90.71,0.7223274653763203,0.6,75.30478505273229
2020-04-27,94.62,0.7327358815525815,0.67,74.40239047806136
2020-04-28,95.29,0.7184288436235874,0.62,73.390795953028
2020-04-29,97.86,0.677310357467675,0.63,70.05263266469935
2020-04-30,95.76,0.6760274861978398,0.64,70.73078100512305
2020-05-01,93.25,0.6658676501028827,0.64,71.16418899332164
2020-05-04,92.14,0.6313781216788471,0.64,69.83711663220716
2020-05-05,92.0,0.6301430619697909,0.66,69.81791455651877
2020-05-06,90.27,0.6165523034907092,0.72,69.93453057969174
2020-05-07,91.21,0.5172356130726093,0.63,65.0100861587723
2020-05-08,92.7,0.5223997152733739,0.69,64.23739186473276
2020-05-11,89.97,0.5193900471783061,0.73,65.76665580997144
2020-05-12,87.03,0.5228905959822877,0.69,67.89266455654538
2020-05-13,84.03,0.5083231235771584,0.64,69.56846908964877
2020-05-14,87.52,0.5147348117550682,0.63,67.3362971301785
2020-05-15,85.9,0.395291772918612,0.64,65.06957367993809
2020-05-18,90.45,0.426585523729358,0.73,62.086757887098344
2020-05-19,88.67,0.4195034673283556,0.7,63.303502846740216
2020-05-20,91.33,0.432692130524491,0.68,61.68365871632467
2020-05-21,90.17,0.4356055405850276,0.68,62.64863853171352
2020-05-22,89.47,0.433352567175144,0.66,63.137160780792755
2020-05-25,94.2325,0.4480565680828769,0.6825,60.150767513080595
2020-05-26,95.82,0.4513832541627678,0.69,59.202282060537826
2020-05-27,101.37,0.4872579104228566,0.68,57.58810149109054
2020-05-28,99.86,0.4835732793623141,0.7,58.202628154983046
2020-05-29,97.31,0.4830462974099613,0.65,59.714470320125855
2020-06-01,98.6,0.4813027757758285,0.66,58.85724960633051
2020-06-02,98.93,0.4808959132652239,0.68,58.622427386709845
2020-06-03,104.27,0.503832557160155,0.77,56.95869841136384
2020-06-04,106.44,0.5059208950499954,0.82,56.05152368149527
2020-06-05,111.23,0.5219921243347949,0.91,55.15351957088836
2020-06-08,113.45,0.5019720861398942,0.88,53.03880887846644
2020-06-09,110.54,0.4942118380580298,0.84,53.59633251803268
2020-06-10,106.06,0.5022471208513088,0.75,56.06586318096776
2020-06-11,97.21,0.5930773695830766,0.66,65.41547295871487
2020-06-12,99.87,0.5903518031840674,0.71,64.04092014231067
2020-06-15,101.25,0.5668864094988436,0.71,62.07927534104097
2020-06-16,102.06,0.558536683165374,0.75,61.19584584078936
2020-06-17,99.48,0.5636443434797693,0.74,62.64932554129058
2020-06-18,98.94,0.5612203487059784,0.71,62.79761683067409
2020-06-19,97.81,0.5624940909420538,0.7,63.41777016281718
2020-06-22,96.75,0.5350392096356685,0.71,62.50639471370538
2020-06-23,97.93,0.5335646908288382,0.72,61.797206559131524
2020-06-24,94.66,0.5033945695752293,0.69,62.200224034470764
2020-06-25,97.96,0.5184717526939158,0.68,61.047498609219545
2020-06-26,92.59,0.5469054975189473,0.64,65.47063983266155
2020-06-29,93.0,0.5445510218796343,0.64,65.12627099601568
2020-06-30,94.06,0.5464151557991735,0.66,64.59261705888093
2020-07-01,93.26,0.5050407530956139,0.69,63.132018105578766
2020-07-02,92.66,0.4956934190297625,0.68,63.124879378593235
2020-07-03,93.245,0.4601992575282404,0.6825,61.301127972790674
2020-07-06,95.0,0.4592875528606545,0.69,60.07357167410585
2020-07-07,92.32,0.4606489542055921,0.65,61.997055285328415
2020-07-08,93.3,0.4491970202143385,0.67,60.85715600582384
2020-07-09,91.28,0.3506354479959753,0.62,59.538686039850646
2020-07-10,96.27,0.3927629508324304,0.65,56.68438548426796
2020-07-13,97.65,0.3930351704249989,0.64,55.69153639391987
2020-07-14,98.21,0.392389398564438,0.63,55.2745792246004
2020-07-15,99.73,0.3864346169682602,0.64,53.94454302679907
2020-07-16,100.01,0.3858904400873211,0.62,53.749463277892346
2020-07-17,98.16,0.3896670214553653,0.64,55.19576780118781
2020-07-20,97.3,0.3889373036221927,0.62,55.82375646127739
2020-07-21,99.41,0.3941236386981369,0.61,54.51270341065495
2020-07-22,98.69,0.3742508909092656,0.6,54.291995350010616
2020-07-23,98.98,0.3540823290839962,0.59,53.386286124340785
2020-07-24,98.28,0.2893323194526696,0.59,52.19082668953223
2020-07-27,96.9,0.2956035412917581,0.62,53.49119937747509
2020-07-28,97.32,0.2937520254674877,0.59,53.125541517604134
2020-07-29,99.68,0.3013266829495886,0.58,51.278515258882294
2020-07-30,97.02,0.3182824215409707,0.55,53.99279193869718
2020-07-31,96.64,0.3187240850054775,0.55,54.32611541856774
2020-08-03,96.1,0.313348431998319,0.56,54.6507505484122
2020-08-04,95.55,0.2954291414709166,0.52,54.823188789674425
2020-08-05,97.21,0.2990302771067978,0.55,53.38816255604336
2020-08-06,97.24,0.2856391063993202,0.55,53.0908885156667
2020-08-07,99.38,0.2248218633792942,0.57,50.18335359928767
2020-08-10,100.64,0.2236599674270659,0.59,48.950461173092044
2020-08-11,103.82,0.2475605669605723,0.64,46.35883168434064
2020-08-12,102.94,0.2460122077157561,0.69,47.04158676913582
2020-08-13,102.37,0.2472933100046708,0.71,47.54953237006981
2020-08-14,102.41,0.2360907710253591,0.71,47.31347748275513
2020-08-17,99.71,0.2545071002069208,0.69,50.11204197419614
2020-08-18,98.32,0.248081428413346,0.67,51.320555809498465
2020-08-19,98.55,0.246923104258802,0.68,51.07674833405964
2020-08-20,97.37,0.2502554756099289,0.65,52.26216501401298
2020-08-21,97.32,0.249121533710173,0.64,52.30841457035487
2020-08-24,100.06,0.2630547833595914,0.65,50.003848308102455
2020-08-25,100.5,0.2630631320269661,0.69,49.55471214440078
2020-08-26,99.09,0.2545729509421445,0.69,50.67897966511598
2020-08-27,102.35,0.2600777512832979,0.74,47.78526199282565
2020-08-28,102.77,0.2588842757342684,0.74,47.390375145908166
2020-08-31,100.19,0.276356117350351,0.72,50.0604978961301
2020-09-01,100.14,0.2749809691735002,0.68,50.13004726883138
2020-09-02,101.65,0.2734504440851215,0.66,48.80584308314987
2020-09-03,101.33,0.2740716114741288,0.63,49.138936675814634
2020-09-04,103.52,0.2736965153621086,0.72,47.12883404116606
2020-09-07,100.82,0.288181757297526,0.6975,49.821647307914986
2020-09-08,99.92,0.2646469664541433,0.69,50.103473038376
2020-09-09,100.87,0.2663065068527935,0.71,49.26335800237686
2020-09-10,99.83,0.2679471014181527,0.68,50.26121406149546
2020-09-11,101.07,0.2722159006514499,0.67,49.2689788645635
2020-09-14,102.47,0.2586662257560718,0.68,47.731988791675874
2020-09-15,99.28,0.2786914932123981,0.68,50.96463735811898
2020-09-16,99.7,0.2789258704381587,0.69,50.58655425000806
2020-09-17,98.56,0.2786065536267795,0.69,51.585802972778374
2020-09-18,98.35,0.2787632192718086,0.7,51.76151013629809
2020-09-21,95.31,0.2803720705435256,0.68,54.55546655927146
2020-09-22,94.27,0.2808021193135534,0.68,55.51336822939396
2020-09-23,92.74,0.2820494157996474,0.68,56.94227208046662
2020-09-24,92.66,0.2482418954017789,0.67,56.66921318101098
2020-09-25,93.47,0.2509898075528172,0.66,55.93372896782485
2020-09-28,96.16,0.2651198328600032,0.67,53.559849455230584
2020-09-29,95.35,0.2660480395484742,0.66,54.33656293545653
2020-09-30,96.27,0.2620072086338268,0.69,53.38576875433355
2020-10-01,96.97,0.264310683342158,0.68,52.78786361473315
2020-10-02,97.89,0.2531743319388557,0.7,51.74782936021458
2020-10-05,99.04,0.2421491198355983,0.78,50.41316467892569
2020-10-06,98.02,0.2428095064202739,0.76,51.401876845877695
2020-10-07,99.73,0.248859019674784,0.81,49.832517561028254
2020-10-08,101.78,0.2566366380774177,0.78,48.162208813655084
2020-10-09,101.2,0.254074979264571,0.79,48.61679606996928
2020-10-12,102.44,0.2529955395594675,0.7525,47.539883374188975
2020-10-13,100.78,0.2333360374093658,0.74,48.730612428047664
2020-10-14,100.22,0.2340421567822719,0.73,49.27565150621012
2020-10-15,101.72,0.2351510677206038,0.74,47.888534443010116
2020-10-16,101.51,0.2351369450018057,0.76,48.05334624242453
2020-10-19,99.8,0.2135899091803254,0.78,49.366386936707514
2020-10-20,100.37,0.2079349998970232,0.81,48.72503377706923
2020-10-21,99.37,0.2012419454579693,0.83,49.605989002451906
2020-10-22,102.88,0.2297295883962386,0.87,46.553069637268855
2020-10-23,103.81,0.2297904792162502,0.85,45.73249642098192
2020-10-26,101.24,0.2359167330409708,0.81,48.243338847908326
2020-10-27,99.33,0.2451671452622813,0.79,50.17282251589662
2020-10-28,96.54,0.2656193970113291,0.79,53.04662225810267
2020-10-29,97.17,0.2653719754128723,0.85,52.38027029899781
2020-10-30,98.04,0.2651316744336806,0.88,51.54118950819121
2020-11-02,100.25,0.2739830125188727,0.87,49.75014706501614
2020-11-03,103.41,0.2912863034214416,0.9,47.47442783565476
2020-11-04,100.25,0.3086808863738882,0.78,50.72923406094635
2020-11-05,104.35,0.3336953380052771,0.79,48.35468437682225
2020-11-06,102.96,0.3369439456265644,0.83,49.455526169922784
2020-11-09,116.9,0.5840372910830424,0.96,58.141321027942176
2020-11-10,116.52,0.578930426996514,0.98,57.80798450204471
2020-11-11,114.78,0.5827608533689729,0.93,58.51033395340729
2020-11-12,113.37,0.5860934986637942,0.88,59.12697755848279
2020-11-13,114.08,0.585309463300177,0.89,58.89329714144049
2020-11-16,117.3,0.5833638686923625,0.91,58.0531567505894
2020-11-17,116.11,0.5871509426532538,0.87,58.60932213847034
2020-11-18,115.25,0.5861872563484751,0.88,58.70692299917883
2020-11-19,115.56,0.5774327242557081,0.86,57.995547723880506
2020-11-20,114.57,0.5797516231438941,0.83,58.417672515899184
2020-11-23,117.87,0.5737688926490572,0.86,57.240364399108124
2020-11-24,123.32,0.5795165225702041,0.88,56.86048873954933
2020-11-25,122.03,0.5667937140115439,0.88,55.977741013875466
2020-11-26,121.625,0.569208973006132,0.86,56.246887872471056
2020-11-27,121.22,0.5717064931995754,0.84,56.52345890622414
2020-11-30,117.88,0.5860571806403609,0.84,58.21142499685222
2020-12-01,119.74,0.5805812360866475,0.92,57.40268731511531
2020-12-02,122.04,0.5634138863965442,0.95,55.64949965876553
2020-12-03,121.24,0.5545059712900321,0.92,55.071509318063825
2020-12-04,122.34,0.5487138106206276,0.97,54.39170448550824
2020-12-07,121.88,0.2814952754623466,0.94,34.30474551949518
2020-12-08,122.0,0.2808010564243945,0.92,34.216297452948794
2020-12-09,121.05,0.2760398583745006,0.95,34.400107017769855
2020-12-10,120.27,0.2725619675991041,0.92,34.66335078458687
2020-12-11,119.56,0.2741045515160196,0.9,35.19189842432641
2020-12-14,118.3,0.2600038926028503,0.9,35.18857827651718
2020-12-15,120.32,0.2630880738235047,0.92,34.07646652021646
2020-12-16,120.67,0.2607803101157012,0.92,33.73235321848627
2020-12-17,119.67,0.2635300174628576,0.94,34.47455884588958
2020-12-18,119.08,0.2619295125421914,0.95,34.739874960481096
2020-12-21,123.55,0.2752535940226424,0.95,33.02123451931003
2020-12-22,121.67,0.2281358681965418,0.93,31.26117668623332
2020-12-23,125.07,0.2460900505281724,0.96,30.284471319692656
2020-12-24,124.52,0.2463907559831881,0.94,30.621039190114246
2020-12-25,124.725,0.2457855301291017,0.94,30.47010802312351
2020-12-28,125.34,0.2205397199837685,0.94,28.526987953617365
2020-12-29,125.01,0.216212369474028,0.94,28.463472607041137
2020-12-30,125.36,0.2067749528475965,0.93,27.702642836554276
2020-12-31,127.07,0.2088571057903848,0.93,26.798316161730078
2021-01-01,126.77,0.2079769685507271,0.93,26.91823082444279
2021-01-04,125.87,0.2095061423158328,0.93,27.54972859236488
2021-01-05,125.65,0.2098530081942404,0.96,27.67314748656853
2021-01-06,131.55,0.261207043823193,1.04,28.487681576802885
2021-01-07,135.87,0.2765568651143838,1.08,28.584789968628357
2021-01-08,136.02,0.2735722955261805,1.13,28.25818823438172
2021-01-11,138.05,0.2672625094563613,1.15,27.295610970921608
2021-01-12,140.22,0.266686462916287,1.15,26.942777720868122
2021-01-13,140.35,0.267262065997092,1.1,27.004157348186446
2021-01-14,141.17,0.2606663220867721,1.15,26.274372813243744
2021-01-15,138.64,0.2732666572167478,1.11,27.778884825206568
2021-01-18,138.19,0.251853576145799,1.1025,25.88055691483899
2021-01-19,138.04,0.2410261847036675,1.1,24.92219755340514
2021-01-20,135.97,0.2383918728048765,1.1,25.171221107063367
2021-01-21,134.83,0.2407278291839085,1.12,25.678221129822333
2021-01-22,133.79,0.2442562465575119,1.1,26.30617475587553
2021-01-25,132.12,0.2507555866330219,1.05,27.43253901304022
2021-01-26,131.58,0.251222685667152,1.05,27.661613734959317
2021-01-27,127.86,0.2741894467112071,1.04,30.894579817574325
2021-01-28,130.11,0.2769303196144983,1.07,30.23333428335907
2021-01-29,128.67,0.2801731478929896,1.11,30.980349612948373
2021-02-01,129.62,0.279410726246926,1.09,30.588714423710883
2021-02-02,133.61,0.2974935704458704,1.12,30.90850550156638
2021-02-03,135.14,0.2514255061276471,1.15,26.497549706791176
2021-02-04,138.25,0.2371789839783898,1.15,24.503047732794542
2021-02-05,137.98,0.2374049595487331,1.19,24.55757779651102
2021-02-08,140.14,0.2379936592119548,1.19,24.232300219424673
2021-02-09,139.58,0.2318763666919895,1.18,23.753497837497314
2021-02-10,139.66,0.2318584151519945,1.15,23.75252052954579
2021-02-11,139.27,0.2309248247613553,1.16,23.729163885978352
2021-02-12,141.25,0.2270553333383916,1.2,23.04479662693933
2021-02-15,143.8,0.2342100768554766,1.275,23.496377489083898
2021-02-16,144.65,0.2342667479586369,1.3,23.470633380945173
2021-02-17,145.1,0.2250227049835735,1.29,22.555737125046093
2021-02-18,145.59,0.2207199278759291,1.29,22.12782111735774
2021-02-19,148.02,0.220632701400035,1.34,22.204391754554734
2021-02-22,149.41,0.2108833708966429,1.37,21.35484967570801
2021-02-23,150.61,0.2073611163016791,1.37,21.16095184823284
2021-02-24,153.26,0.1635992591259527,1.38,17.31251273893345
2021-02-25,151.18,0.1789480793822186,1.54,18.409541048315468
2021-02-26,147.17,0.2066008661853923,1.44,20.73363111212717
2021-03-01,150.5,0.2141018086616624,1.45,21.82393350289501
2021-03-02,150.01,0.1987214117998271,1.42,20.20495279652077
2021-03-03,152.91,0.2035617493092047,1.47,21.22254646389534
2021-03-04,150.56,0.2072600233583328,1.54,21.146805502924728
2021-03-05,150.91,0.2060861466122817,1.56,21.087043065330782
2021-03-08,152.91,0.2045433588043522,1.59,21.337105937219818
2021-03-09,151.83,0.2065031307511249,1.55,21.297160133482492
2021-03-10,155.13,0.2149337368028912,1.53,22.93487982992996
2021-03-11,154.32,0.2163231518705026,1.54,22.852125559492535
2021-03-12,156.15,0.2151828992754096,1.64,23.293405206467185
2021-03-15,155.37,0.2123357238579229,1.62,22.76863858860237
2021-03-16,153.51,0.2195247159392195,1.62,22.978557564575134
2021-03-17,155.09,0.2210185018316145,1.63,23.546541590696997
2021-03-18,157.65,0.2258404098170816,1.71,24.8537750934441
2021-03-19,155.14,0.2312966669289576,1.74,24.600100371944926
2021-03-22,150.97,0.2517900187599229,1.69,25.690411543363403
2021-03-23,149.46,0.2529023355063174,1.63,25.571378998805557
2021-03-24,150.62,0.2460077420401001,1.62,25.051043007273712
2021-03-25,152.55,0.2456027779900775,1.63,25.37115747968479
2021-03-26,155.09,0.2297453921359094,1.67,24.4186732264806
2021-03-29,152.68,0.2258026380730028,1.73,23.4256145764555
2021-03-30,154.48,0.2285040395534317,1.73,24.13844283239817
2021-03-31,152.23,0.2252079568937635,1.74,23.269278675113227
2021-04-01,153.71,0.2202423851089408,1.69,23.11000696470292
2021-04-02,153.6875,0.2202388937003383,1.72,23.10866898907834
2021-04-05,153.62,0.2154494784726817,1.73,22.61685057061034
2021-04-06,152.54,0.2154346740428244,1.67,22.35163675694114
2021-04-07,154.93,0.2083979657429118,1.68,22.264931841881427
2021-04-08,155.12,0.2075029741850271,1.64,22.223177205420996
2021-04-09,156.28,0.2048434780975764,1.67,22.33371081627702
2021-04-12,155.95,0.2041427939388571,1.69,22.163285471805644
2021-04-13,154.09,0.2041074555410473,1.64,21.59730576765721
2021-04-14,151.21,0.2110367953729426,1.64,21.64100026652548
2021-04-15,152.17,0.2026586164987931,1.56,20.981921844235607
2021-04-16,153.3,0.1977998726895097,1.59,20.758351071322735
2021-04-19,152.65,0.1724954383626921,1.61,18.088852617764417
2021-04-20,149.27,0.1871603949049943,1.58,18.946621147415655
2021-04-21,150.54,0.1875892798539456,1.57,19.16823891970565
2021-04-22,147.37,0.195367049270084,1.57,19.604135864506688
2021-04-23,150.19,0.1986272160426153,1.58,20.223146732235108
2021-04-26,150.56,0.1919530881393476,1.58,19.6102469489107
2021-04-27,151.25,0.1874203894385807,1.63,19.27997056868589
2021-04-28,152.23,0.1820117175416739,1.63,18.941032394417995
2021-04-29,155.19,0.191860122601951,1.65,20.711593484393987
2021-04-30,153.81,0.1947700784478537,1.65,20.599790630459353
2021-05-03,153.36,0.1950630876669359,1.63,20.508316866564464
2021-05-04,155.48,0.1991162124302336,1.61,21.500889149237537
2021-05-05,157.52,0.1968245367340725,1.59,21.966334148644655
2021-05-06,160.69,0.2083318560423557,1.58,24.33000813867732
2021-05-07,161.24,0.2073732657554308,1.6,24.495068185346206
2021-05-10,161.22,0.2070154748918304,1.63,24.467616021365828
2021-05-11,158.54,0.211746051472909,1.64,23.796598188525735
2021-05-12,157.45,0.2006602123218046,1.69,22.344207532307784
2021-05-13,161.5,0.2172033716576249,1.66,25.548664467295943
2021-05-14,164.01,0.2212358138644768,1.63,27.08674036608884
2021-05-17,164.67,0.2193505473670587,1.64,27.256877750327078
2021-05-18,162.35,0.2082575438248375,1.64,25.112325811540885
2021-05-19,161.11,0.2117769503986735,1.68,24.88142706667832
2021-05-20,160.83,0.1922911743980852,1.63,22.942086758446735
2021-05-21,162.66,0.1863117917804967,1.63,23.311839387107497
2021-05-24,163.54,0.1862702496867919,1.61,23.76262384759184
2021-05-25,161.85,0.1932668667288396,1.56,23.47762230206971
2021-05-26,161.83,0.1933210980810532,1.58,23.483796495551708
2021-05-27,164.35,0.1894371929405032,1.61,24.47476385266264
2021-05-28,164.24,0.1848181172544786,1.58,24.004759168851532
2021-05-31,165.59750000000005,0.1840455296914993,1.61,24.743534781531505
2021-06-01,166.05,0.180294011401688,1.62,24.72308358152814
2021-06-02,166.06,0.1768386883597595,1.59,24.43447326273785
2021-06-03,166.17,0.1644688593315469,1.63,23.593224461875355
2021-06-04,166.44,0.1643470507418134,1.56,23.700701372988032
2021-06-07,165.66,0.1657877840842901,1.57,23.31601916590947
2021-06-08,165.0,0.1531407830996595,1.53,21.911714542401565
2021-06-09,162.94,0.1586682915744663,1.5,21.052608159178824
2021-06-10,160.4,0.1429078127218916,1.45,18.29355235069469
2021-06-11,160.29,0.1300771489214066,1.47,17.197937679494295
2021-06-14,157.57,0.1400412230853985,1.51,16.660104549808104
2021-06-15,155.18,0.1413065607780942,1.51,15.786811833862352
2021-06-16,156.27,0.1434166824865276,1.57,16.434082722484796
2021-06-17,151.76,0.1732602529465911,1.52,17.950959094345855
2021-06-18,147.92,0.1820350947637823,1.45,18.31318185300877
2021-06-21,150.43,0.1947109931630647,1.5,19.863651278300516
2021-06-22,150.21,0.1934848834563032,1.48,19.706852337401195
2021-06-23,151.12,0.1962059586505848,1.5,20.127516450168805
2021-06-24,152.51,0.1892361713427931,1.49,19.70384071011697
2021-06-25,154.05,0.1952592161130663,1.54,20.689840281247868
2021-06-28,154.33,0.1915772255383275,1.49,20.39114926712933
2021-06-29,154.14,0.1903943777632929,1.49,20.221973675907414
2021-06-30,155.54,0.1953525906085512,1.45,21.10761159830981
2021-07-01,157.08,0.2004576090272019,1.48,22.12060085916999
2021-07-02,156.03,0.2002318171476619,1.44,21.73652881681995
2021-07-05,154.065,0.2029859268946357,1.3875000000000002,21.431443734846518
2021-07-06,153.41,0.2029958448153154,1.37,21.267644572315547
2021-07-07,153.59,0.2008062066188304,1.33,21.085786917631275
2021-07-08,150.94,0.2022861538216699,1.3,20.69935549422383
2021-07-09,155.77,0.2373812858197751,1.37,25.31172659551153
2021-07-12,158.0,0.236003507870602,1.38,25.870581014921868
2021-07-13,155.65,0.2357507023264494,1.42,25.125058618609614
2021-07-14,155.12,0.2346838857170625,1.37,24.863746848092873
2021-07-15,155.46,0.2089790304245384,1.31,22.392103422234193
2021-07-16,151.91,0.2049595383031029,1.31,21.138138224036418
2021-07-19,146.97,0.2290044345604374,1.19,23.001964439924876
2021-07-20,149.71,0.239423884111602,1.23,24.271444697913623
2021-07-21,152.86,0.2501661728526898,1.3,25.873783909717524
2021-07-22,150.93,0.2523080259806731,1.27,25.739097769841727
2021-07-23,150.64,0.2492638298633137,1.3,25.387035397170592
2021-07-26,151.65,0.2505969917449112,1.29,25.686228312575885
2021-07-27,151.45,0.2505993852655451,1.25,25.65183429515676
2021-07-28,151.7,0.2481034108755697,1.26,25.44335932269682
2021-07-29,153.0,0.2473619490157247,1.28,25.61933851409446
2021-07-30,151.78,0.2477831177213861,1.24,25.42491104378952
2021-08-02,151.17,0.2444297707160974,1.2,24.9837841823243
2021-08-03,152.89,0.2478054539959183,1.19,25.636142784657423
2021-08-04,151.24,0.2506431090536687,1.19,25.621893664633788
2021-08-05,153.15,0.2468071740778147,1.23,25.591696456789407
2021-08-06,157.5,0.2410491266762698,1.31,26.184436576044206
2021-08-09,157.33,0.2356164533449948,1.33,25.599024426761375
2021-08-10,159.26,0.2327357892248408,1.36,25.991017564147946
2021-08-11,161.16,0.2350227713186079,1.35,26.946576273934234
2021-08-12,161.79,0.2351188322166785,1.36,27.22174707478142
2021-08-13,159.98,0.2220026813394329,1.29,25.206087695254013
2021-08-16,158.93,0.1831274426765647,1.26,21.083587063939476
2021-08-17,157.01,0.182978070565895,1.26,20.33209687990287
2021-08-18,155.58,0.173386320955886,1.27,18.920491381958882
2021-08-19,154.28,0.1695762495326198,1.24,18.145354626501124
2021-08-20,154.72,0.1692749981087491,1.26,18.248579671202968
2021-08-23,156.7,0.1731488883735617,1.25,19.2720669494921
2021-08-24,157.67,0.1734664052064864,1.29,19.680883969867565
2021-08-25,160.92,0.1854984190649689,1.35,22.220617590326732
2021-08-26,161.75,0.1845372511403822,1.34,22.525065194649407
2021-08-27,163.05,0.1807973581800407,1.31,22.83910274862685
2021-08-30,160.44,0.1921900786174871,1.29,22.586235667875286
2021-08-31,159.95,0.1907171826685379,1.3,22.24077663094055
2021-09-01,159.72,0.1849866816615604,1.31,21.613785555209695
2021-09-02,160.46,0.1814937630093336,1.29,21.612226453487274
2021-09-03,159.49,0.1553280285701501,1.33,18.82297202491778
2021-09-06,159.28,0.1553658286791782,1.3675,18.7474849881758
2021-09-07,159.21,0.1492015580409778,1.38,18.175061502226676
2021-09-08,158.5,0.14307476136174,1.35,17.274184805192945
2021-09-09,159.19,0.1432769212144007,1.3,17.59759563689768
2021-09-10,157.36,0.1435781121268736,1.35,16.799803767210925
2021-09-13,159.86,0.1533789742668969,1.33,18.831651805527805
2021-09-14,157.07,0.1601814717411165,1.28,18.18812187464674
2021-09-15,158.16,0.1581049480438735,1.31,18.456788022003956
2021-09-16,158.09,0.1544332815247777,1.34,18.104777742118877
2021-09-17,157.68,0.1549002714220857,1.37,17.98583695508639
2021-09-20,152.96,0.1833609736629377,1.31,19.19151192690434
2021-09-21,152.98,0.1813976888367241,1.33,19.003416471949535
2021-09-22,155.91,0.1791026378659392,1.32,19.600078172322085
2021-09-23,161.18,0.217919695684662,1.41,25.361693585641
2021-09-24,163.04,0.2199965177374306,1.47,26.42126037241451
2021-09-27,166.98,0.2271156041998114,1.48,29.06291667401957
2021-09-28,166.08,0.2279679281293883,1.54,28.6931710373671
2021-09-29,165.95,0.2278494774347728,1.55,28.620375921489646
2021-09-30,163.69,0.23418800517128,1.52,28.054578539600627
2021-10-01,167.13,0.2427791583321419,1.48,30.52106019176611
2021-10-04,166.95,0.2427312818106822,1.49,30.428481091285633
2021-10-05,168.66,0.2439942818127595,1.54,31.48568496832901
2021-10-06,169.02,0.2424385338209595,1.53,31.544537584407607
2021-10-07,170.09,0.2426508598127554,1.58,32.203336240679455
2021-10-08,170.22,0.2364741864969371,1.61,31.78061161825152
2021-10-11,166.64,0.2479764520707893,1.5950000000000002,30.796049361418284
2021-10-12,165.36,0.2400056435971136,1.59,29.428719265238364
2021-10-13,161.0,0.2604220414057097,1.56,29.396365983603523
2021-10-14,163.47,0.2652305903880521,1.52,30.859993239121202
2021-10-15,166.61,0.2716455419156492,1.59,32.934802855492734
2021-10-18,166.55,0.2430137595308872,1.59,30.302406339945122
2021-10-19,168.57,0.243963774131792,1.65,31.501076412824403
2021-10-20,170.84,0.2403898068045875,1.65,32.50135151761534
2021-10-21,169.5,0.2179038787364231,1.68,29.87448233584841
2021-10-22,171.78,0.2190455323667244,1.66,31.379018111618976
2021-10-25,170.94,0.205127947557721,1.64,29.75420389036177
2021-10-26,171.4,0.2036578448053347,1.63,29.93955653385026
2021-10-27,167.83,0.2187154337904262,1.54,28.856187908829565
2021-10-28,170.36,0.2175936010669491,1.57,30.296542676130933
2021-10-29,169.89,0.2062343617560176,1.55,29.090987291149663
2021-11-01,169.8,0.2061739286902141,1.58,29.05287892086116
2021-11-02,170.47,0.2035959620959153,1.56,29.266486788668736
2021-11-03,170.53,0.2035175138973824,1.6,29.331962401843537
2021-11-04,168.29,0.2078344589306462,1.53,28.21810609018962
2021-11-05,168.05,0.2078101419432831,1.45,28.015500736288082
2021-11-08,169.06,0.1942008064163285,1.51,27.60016939881309
2021-11-09,167.78,0.1941375565195721,1.46,26.755431129817538
2021-11-10,167.62,0.1658754067035595,1.56,24.594496489689778
2021-11-11,167.61,0.1583692671046512,1.57,24.070135130521315
2021-11-12,166.86,0.1445565611152897,1.58,22.6253506140588
2021-11-15,166.56,0.144709172996725,1.63,22.469796104702446
2021-11-16,165.36,0.1394708160412863,1.63,21.276740509004355
2021-11-17,164.47,0.1293581941491405,1.6,19.95203846075471
2021-11-18,163.05,0.1298718394930875,1.59,19.002388557991512
2021-11-19,160.92,0.1221616127805489,1.54,17.02088758398121
2021-11-22,164.35,0.1497438694562771,1.63,21.32558938790439
2021-11-23,168.28,0.1751973983930224,1.67,25.80466115841323
2021-11-24,166.96,0.1610617435857241,1.64,23.877241618147863
2021-11-25,164.445,0.1586351441552661,1.56,21.999538987168773
2021-11-26,161.93,0.1658038965292092,1.48,21.067967853796183
2021-11-29,161.23,0.1657998114468313,1.52,20.724350811505545
2021-11-30,158.83,0.1694717067999781,1.43,19.852490127663557
2021-12-01,157.89,0.1690541945565283,1.43,19.415087112259087
2021-12-02,161.21,0.186588924184872,1.44,22.50402752081611
2021-12-03,158.29,0.195022600267201,1.35,21.993613041353512
2021-12-06,160.16,0.1995804657487976,1.43,23.216808902282246
2021-12-07,162.57,0.208113683201058,1.48,25.120388883806072
2021-12-08,160.71,0.2110607328276361,1.52,24.565905057365406
2021-12-09,160.46,0.2109432954138613,1.49,24.43466354130731
2021-12-10,159.82,0.2108775732328537,1.48,24.157678609049313
2021-12-13,157.92,0.21372767941561,1.42,23.682612525542837
2021-12-14,159.13,0.2159590274705653,1.44,24.352489456374492
2021-12-15,157.94,0.2165435397524784,1.47,23.97887722469158
2021-12-16,160.41,0.2236108755747166,1.44,25.58955834357375
2021-12-17,156.76,0.2331471210263138,1.41,25.194804071587626
2021-12-20,153.94,0.2243692172500956,1.43,23.54010155774762
2021-12-21,156.09,0.2108136577586597,1.48,22.804009933468812
2021-12-22,156.7,0.211851540825932,1.46,23.095454795808173
2021-12-23,157.26,0.2081681456961624,1.5,22.93716199441485
2021-12-24,157.485,0.2025511976981179,1.495,22.4711464653738
2021-12-27,158.16,0.203158959001471,1.48,22.771772359319883
2021-12-28,158.64,0.1966306073680864,1.49,22.33801523337388
2021-12-29,158.56,0.195399816555348,1.55,22.214097138305362
2021-12-30,158.48,0.1793735197958943,1.52,20.662592691085734
2021-12-31,158.35,0.1673252034031328,1.52,19.490745626350026
2022-01-03,161.7,0.178905153260111,1.63,22.171937682689297
2022-01-04,167.83,0.2176959862304146,1.66,28.8519816524637
2022-01-05,163.78,0.2320309866165435,1.71,27.99402614779801
2022-01-06,165.52,0.2342359177312702,1.73,29.067137190810037
2022-01-07,167.16,0.2349868443966344,1.76,30.01636423490173
2022-01-10,167.32,0.2290104591343134,1.78,29.60024224108041
2022-01-11,167.49,0.2284279099055188,1.75,29.625876933097544
2022-01-12,168.44,0.2254357180039999,1.74,29.906489307067996
2022-01-13,168.23,0.2211233605101706,1.7,29.39720243722405
2022-01-14,157.89,0.3060731408365686,1.78,32.84319772457306
2022-01-17,152.925,0.3202752202209181,1.8475,32.94556162406746
2022-01-18,151.27,0.3178790034015488,1.87,32.36704733976942
2022-01-19,148.93,0.321034978632939,1.83,32.29862279042126
2022-01-20,147.66,0.3209511598079606,1.83,32.1260618618071
2022-01-21,145.08,0.3245256334552578,1.75,32.262767997221864
2022-01-24,144.95,0.3233125890114585,1.75,32.1354233519488
2022-01-25,146.53,0.326817782983795,1.78,32.5973082473401
2022-01-26,147.92,0.3300450320143155,1.85,33.05859621282842
2022-01-27,145.31,0.3337353082570725,1.81,33.171277625104835
2022-01-28,146.61,0.3368009231303326,1.78,33.593239857099626
2022-01-31,148.6,0.3304159283974973,1.79,33.192740950717436
2022-02-01,151.15,0.3025368910673431,1.81,30.810339998256495
2022-02-02,149.94,0.2943469103849405,1.78,29.78589138117163
2022-02-03,148.7,0.2892916915264353,1.82,29.099842587243685
2022-02-04,152.56,0.3055491206836536,1.93,31.392405990343775
2022-02-07,153.07,0.3062184373857595,1.92,31.571594948281735
2022-02-08,155.95,0.3166269500435476,1.96,33.342878325021324
2022-02-09,156.6,0.3161018481332816,1.94,33.473856087400186
2022-02-10,155.95,0.3160019759358251,2.03,33.28793738559652
2022-02-11,153.92,0.2346438315331926,1.92,24.631160741373115
2022-02-14,152.49,0.2084430629535759,1.98,21.682577305468968
2022-02-15,154.72,0.2105781322629436,2.05,22.50357672882526
2022-02-16,155.0,0.2011455664015829,2.03,21.662248313539322
2022-02-17,151.43,0.2172326261052167,1.97,22.326495664033594
2022-02-18,152.14,0.2057012805715074,1.92,21.32152543574852
2022-02-21,151.9375,0.2058011233650669,1.935,21.28864369582378
2022-02-22,151.87,0.2035404697625796,1.94,21.04927769706513
2022-02-23,148.69,0.2166682368318372,1.99,21.825887039689334
2022-02-24,144.55,0.2304846924283089,1.96,22.940795701033814
2022-02-25,147.97,0.2437327806188351,1.97,24.45005741651589
2022-02-28,141.8,0.2807812095452867,1.83,27.92051964074583
2022-03-01,136.45,0.297701547788778,1.72,30.049536542677323
2022-03-02,139.28,0.3109596184105115,1.86,30.917519589627247
2022-03-03,138.29,0.3107503430035686,1.86,30.974103588081093
2022-03-04,134.4,0.3020749965018991,1.74,30.77893256235184
2022-03-07,129.21,0.3207399158949924,1.78,33.572656605003715
2022-03-08,128.3,0.3045335676627352,1.86,32.465863310899486
2022-03-09,133.44,0.3493149277482383,1.94,35.039342943955894
2022-03-10,131.86,0.3493336277240679,1.98,35.277540571041165
2022-03-11,128.89,0.3527134269712956,2.0,36.170147144543655
2022-03-14,130.17,0.3587610759241325,2.14,36.31693442695671
2022-03-15,132.48,0.3614913934034561,2.15,36.148402395742195
2022-03-16,138.4,0.4054718901979832,2.19,39.72931940901783
2022-03-17,140.15,0.4045984633554494,2.2,39.66679755035713
2022-03-18,140.1,0.4036303501030537,2.14,39.59478449677633
2022-03-21,139.65,0.4035325500633043,2.32,39.50957205729607
2022-03-22,142.62,0.4132417962412973,2.38,40.56958187896631
2022-03-23,139.78,0.4126606703241852,2.32,40.37950550003642
2022-03-24,140.69,0.4028705879869305,2.34,39.47174499258289
2022-03-25,141.92,0.3941224897116383,2.48,38.648996325007744
2022-03-28,140.87,0.3658526756335606,2.46,35.89698234114852
2022-03-29,141.18,0.3377226979974428,2.41,33.22100030519555
2022-03-30,140.54,0.33088853213071,2.35,32.58503107325903
2022-03-31,136.32,0.3476001458216115,2.32,34.36049131032395
2022-04-01,135.31,0.3332326996478153,2.39,33.109225141821184
2022-04-04,135.91,0.2994567525909226,2.42,29.94091997135785
2022-04-05,133.34,0.3074329799494197,2.54,31.004855552700604
2022-04-06,131.49,0.2772425938339102,2.61,28.760984145355252
2022-04-07,131.09,0.2742507982782743,2.66,28.5857601338355
2022-04-08,133.49,0.2683079842875036,2.72,27.434209663837713
2022-04-11,133.0,0.2672432567072783,2.79,27.414268824189406
2022-04-12,131.54,0.2630872998283614,2.72,27.483471482102985
2022-04-13,127.3,0.2283094230511622,2.7,26.35131276364445
2022-04-14,126.12,0.2201328180956844,2.83,26.241408355186117
2022-04-15,126.705,0.2222844704952768,2.835,26.09172132035276
2022-04-18,128.46,0.2320586416547432,2.85,25.989031132411533
2022-04-19,131.12,0.2312540727067338,2.93,24.845961584766812
2022-04-20,131.58,0.2248594026421434,2.85,24.224137900548158
2022-04-21,130.56,0.2226122111363519,2.9,24.380221367468145
2022-04-22,126.81,0.2343941068796096,2.9,26.84489477901713
2022-04-25,126.77,0.2349843486559446,2.81,26.98236354405374
2022-04-26,123.02,0.2484833055349257,2.77,29.79437671833609
2022-04-27,121.42,0.2493024584823448,2.82,30.66471641109206
2022-04-28,123.34,0.2466399792021547,2.85,29.43129607622312
2022-04-29,119.36,0.2651205762879073,2.89,32.721215470083564
2022-05-02,120.45,0.2681081395147858,2.99,32.20769533911074
2022-05-03,123.03,0.2800711334478142,2.97,31.75498191076997
2022-05-04,127.1,0.3061956621362037,2.93,32.200302660914616
2022-05-05,123.92,0.3173794192747545,3.05,34.056035460672675
2022-05-06,123.72,0.3076881684202759,3.12,33.34603791091259
2022-05-09,121.86,0.3103482875129738,3.05,34.34271676712697
2022-05-10,118.89,0.3177911613947507,2.99,36.22975583110521
2022-05-11,118.14,0.3010473695756459,2.91,35.58484293862377
2022-05-12,118.04,0.3004110596155296,2.84,35.664653480561284
2022-05-13,119.09,0.3022463116282406,2.93,35.16171158124662
2022-05-16,118.26,0.2958909222211096,2.88,35.22647338196593
2022-05-17,122.18,0.312477853175567,2.98,34.4226331821313
2022-05-18,120.09,0.315042229122254,2.89,35.582211526402226
2022-05-19,118.31,0.3170417796575923,2.84,36.59639651168287
2022-05-20,117.34,0.3045622913152934,2.78,36.35095057020182
2022-05-23,124.6,0.3834919023399922,2.86,39.163290548237605
2022-05-24,126.36,0.3708408632105314,2.76,37.765821096678906
2022-05-25,127.24,0.3671685464619679,2.75,37.26171364848625
2022-05-26,129.44,0.3679106211728156,2.75,36.866710453014406
2022-05-27,131.27,0.3456674827196789,2.74,34.61903262973379
2022-05-30,131.99,0.3453299270909073,2.8225,34.422505184931715
2022-05-31,132.23,0.3397877273960323,2.85,33.88078889441838
2022-06-01,129.91,0.3293362413258436,2.94,33.35977565011524
2022-06-02,132.0,0.3178993823456296,2.92,31.95988971443969
2022-06-03,130.16,0.3234149416753912,2.96,32.788170848946976
2022-06-06,129.73,0.317493723829544,3.04,32.333841081064065
2022-06-07,130.07,0.3002568539141039,2.98,30.835434939153423
2022-06-08,128.0,0.3067806956429464,3.03,31.905195966929412
2022-06-09,125.31,0.3192718842177341,3.04,33.72824491587327
2022-06-10,119.55,0.3626876740143226,3.15,38.943177594631834
2022-06-13,115.99,0.3775969097087593,3.43,41.15712301137901
2022-06-14,114.06,0.3593157389011023,3.49,40.756860424206195
2022-06-15,115.41,0.3591371140255525,3.33,40.26457219194044
2022-06-16,113.43,0.3603578698724345,3.28,41.33053499339756
2022-06-17,113.03,0.3596489312592272,3.25,41.51484326470174
2022-06-20,115.13,0.2829158342911212,3.295,35.811551856776845
2022-06-21,115.83,0.2775486031355284,3.31,35.07555671432427
2022-06-22,115.18,0.2744149612263119,3.16,35.463339959558816
2022-06-23,113.92,0.2622701927661172,3.09,35.74447011126208
2022-06-24,117.32,0.2835188822023703,3.13,34.73482090735794
2022-06-27,116.38,0.2806485875559252,3.2,35.037537190689974
2022-06-28,115.82,0.2791427359144209,3.2,35.28581239057566
2022-06-29,115.3,0.276093779682299,3.1,35.542994226632985
2022-06-30,112.61,0.2700301005622407,2.98,37.13196591764084
2022-07-01,114.05,0.2784698958405251,2.88,36.69861651265087
2022-07-04,112.9775,0.2784012816001261,2.835,37.4483669145385
2022-07-05,112.62,0.2765720680377884,2.82,37.61690462811486
2022-07-06,111.89,0.2745734272144811,2.93,37.89646131793748
2022-07-07,114.72,0.2909529095536145,3.01,36.80361085588086
2022-07-08,114.36,0.2456960236748743,3.09,34.66265287217879
2022-07-11,112.86,0.2272283026567918,2.99,35.12785317606983
2022-07-12,112.97,0.219910935206779,2.96,34.81142882549474
2022-07-13,111.91,0.2171469065169735,2.91,35.632241546277605
2022-07-14,108.0,0.2419622344811731,2.96,39.548489736943495
2022-07-15,112.95,0.2961249989655087,2.93,38.257190557610514
2022-07-18,111.79,0.2899260974805462,2.96,38.658403738061594
2022-07-19,114.56,0.3035292013776998,3.01,37.60165417338346
2022-07-20,114.54,0.302898936929678,3.04,37.54628538963157
2022-07-21,115.32,0.3010268107157258,2.91,37.12324431170873
2022-07-22,114.76,0.2811323931147247,2.77,36.505732656493116
2022-07-25,115.22,0.2803670448899341,2.81,36.13437939343973
2022-07-26,113.42,0.2852308033319321,2.81,37.52769857422784
2022-07-27,115.24,0.2910530288588671,2.78,36.74016127296676
2022-07-28,114.81,0.2781251495249511,2.68,36.41373845650065
2022-07-29,115.36,0.275105029868898,2.67,35.91693028135846
2022-08-01,114.21,0.2753877727035322,2.6,36.748388482839495
2022-08-02,112.43,0.2811591568046722,2.75,38.044442033934146
2022-08-03,113.61,0.2823729851446779,2.73,37.34810744638133
2022-08-04,112.36,0.2699260510826936,2.68,37.64616096703566
2022-08-05,115.76,0.2914341383856285,2.83,36.40109084377994
2022-08-08,114.35,0.2908610380630779,2.77,37.28073938540156
2022-08-09,115.38,0.2923137946868698,2.8,36.706308645045496
2022-08-10,118.39,0.3022048638531073,2.78,35.65500227015495
2022-08-11,120.14,0.2691710551720359,2.87,32.557789292473785
2022-08-12,122.13,0.2278446764522216,2.84,28.930879653427542
2022-08-15,122.46,0.2216281013648728,2.79,28.416170427246755
2022-08-16,123.63,0.209558674257505,2.82,26.966467790421277
2022-08-17,122.59,0.213682133712724,2.89,27.770540857051138
2022-08-18,121.64,0.2169049849882549,2.88,28.55649512886641
2022-08-19,118.63,0.2367485238535897,2.98,31.45443034837519
2022-08-22,116.67,0.2452324931329266,3.03,33.124173876897515
2022-08-23,115.52,0.2409474134543158,3.05,33.6749819468105
2022-08-24,115.8,0.2344491144597482,3.11,33.1068656442517
2022-08-25,118.55,0.2480099222744979,3.03,32.064895987446604
2022-08-26,114.67,0.2760246369340703,3.04,35.99984101173516
2022-08-29,114.39,0.273759528313125,3.12,35.97374039446852
2022-08-30,114.41,0.2673319140870908,3.11,35.64438705671087
2022-08-31,113.73,0.2659590746780727,3.15,35.98369889680052
2022-09-01,114.51,0.2635389998946506,3.26,35.22189400863331
2022-09-02,113.71,0.2410430708655748,3.2,34.793787128116236
2022-09-05,113.7325,0.2372553510873802,3.2975000000000003,34.500157093893286
2022-09-06,113.74,0.2347809099318674,3.33,34.35155247693267
2022-09-07,115.9,0.225234078234855,3.27,32.43198081840177
2022-09-08,118.6,0.2349478861606709,3.29,31.04396973965348
2022-09-09,119.17,0.2271731344669213,3.33,30.21805672193792
2022-09-12,120.58,0.231485516417639,3.37,29.532414373216564
2022-09-13,116.39,0.2574849726683296,3.42,33.518584197324344
2022-09-14,116.12,0.2566579058204057,3.41,33.65741273931377
2022-09-15,117.87,0.2632623352253173,3.45,32.90463652911984
2022-09-16,117.08,0.2495105753712856,3.45,32.622872350112374
2022-09-19,118.16,0.2443201181875431,3.49,31.618487405627132
2022-09-20,115.83,0.2523730016608417,3.57,33.44845048567782
2022-09-21,112.49,0.2724070553109227,3.51,36.724602365905746
2022-09-22,111.21,0.2576934346650614,3.7,36.73454095407027
2022-09-23,109.14,0.2404353643779429,3.69,37.65753584592505
2022-09-26,106.79,0.2498863041244271,3.88,39.613609183129434
2022-09-27,105.85,0.2502558651120815,3.97,40.27490280623584
2022-09-28,107.99,0.2640784169516545,3.72,39.36096370550318
2022-09-29,106.16,0.2664526150597788,3.76,40.813600152264264
2022-09-30,104.5,0.2696419248652268,3.83,42.14848240811356
2022-10-03,107.73,0.2967711531607221,3.67,40.92954317648268
2022-10-04,112.77,0.3446794928447718,3.62,40.37349407579575
2022-10-05,110.39,0.3444471792590906,3.76,41.515766227523386
2022-10-06,108.14,0.3363483230184532,3.83,42.34229233778177
2022-10-07,105.98,0.3388508597977054,3.89,43.76775064832581
2022-10-10,104.99,0.3326552281503461,3.92,44.10510393205858
2022-10-11,101.96,0.3266705980786371,3.93,45.98064597624036
2022-10-12,103.61,0.3361970316545654,3.91,45.214481398881
2022-10-13,109.37,0.394715182555447,3.97,44.75883331171406
2022-10-14,111.19,0.400810955248062,4.0,44.24360807678679
2022-10-17,115.86,0.4291690343163849,4.02,44.326295358508055
2022-10-18,118.84,0.4326722009481589,4.01,43.694081394202726
2022-10-19,116.51,0.4252288487202183,4.14,43.73070615930158
2022-10-20,116.13,0.4227870911711183,4.24,43.595620684206686
2022-10-21,122.23,0.4501951587306096,4.21,44.13781080856243
2022-10-24,122.38,0.4388014021134265,4.25,43.162235991330014
2022-10-25,122.7,0.4351372584223406,4.1,42.903681793895544
2022-10-26,124.11,0.4329221447284946,4.04,42.49227000579035
2022-10-27,124.6,0.4236367164044399,3.96,41.68972974504246
2022-10-28,126.08,0.4141047084710523,4.02,40.598170946543995
2022-10-31,125.88,0.4081033464859318,4.1,40.08054079777003
2022-11-01,128.15,0.3840315634470989,4.07,37.68316416907155
2022-11-02,126.97,0.3748239181471431,4.1,37.093571666899955
2022-11-03,127.2,0.3611271961573802,4.14,35.87521309626936
2022-11-04,130.68,0.350751718886872,4.17,34.36545029980847
2022-11-07,131.37,0.3434017886220297,4.22,33.59779317372501
2022-11-08,131.45,0.3119708974873526,4.14,30.86841980261697
2022-11-09,129.74,0.3249145096825095,4.12,32.31320107610033
2022-11-10,135.08,0.3021811632077587,3.82,29.64140871772271
2022-11-11,135.3,0.3030177594493062,3.835,29.687914832428902
2022-11-14,133.91,0.2862169598718999,3.88,28.324079794380943
2022-11-15,132.94,0.282146949310488,3.8,28.16627868861817
2022-11-16,133.12,0.2665219700251444,3.67,26.827207816664718
2022-11-17,132.54,0.2670991262850553,3.77,26.94481254797104
2022-11-18,133.84,0.2060965748417125,3.82,21.324420658026142
2022-11-21,133.05,0.209186876993851,3.83,21.80774481051457
2022-11-22,135.04,0.2124538299944162,3.76,21.607064044308572
2022-11-23,136.48,0.2121325441138961,3.71,21.304016144835728
2022-11-24,136.61,0.2125666661495894,3.695,21.32637899729827
2022-11-25,136.74,0.2112040368502615,3.68,21.186150782329527
2022-11-28,134.35,0.2240698922528994,3.69,22.825553687031324
2022-11-29,136.56,0.2227607815487775,3.75,22.235830100911137
2022-11-30,138.18,0.2196339754115348,3.68,21.742978923410625
2022-12-01,136.24,0.22904919980451,3.53,22.96248387705966
2022-12-02,135.16,0.2141360030804998,3.51,21.86013622304217
2022-12-05,131.37,0.2382085671106277,3.6,24.88565789129379
2022-12-06,131.59,0.2382684265336707,3.51,24.88264405861205
2022-12-07,131.5,0.2331966360393781,3.42,24.547041460889858
2022-12-08,132.88,0.1827016181991871,3.48,19.904935174258
2022-12-09,132.16,0.1831926945657523,3.57,20.157627714353097
2022-12-12,134.21,0.1888627075528617,3.61,19.873511667066055
2022-12-13,134.08,0.1868947929084587,3.51,19.810964798972563
2022-12-14,133.41,0.1878639508577592,3.49,20.128073778600566
2022-12-15,130.1,0.2074207361035934,3.44,22.97192352337244
2022-12-16,129.29,0.2042809860262061,3.48,23.04502215587904
2022-12-19,130.06,0.2053398355609391,3.57,22.72925446357928
2022-12-20,130.69,0.1978826349671323,3.69,21.80685864905366
2022-12-21,132.16,0.1983718260488082,3.68,21.297144523401187
2022-12-22,130.66,0.2011156022781768,3.67,22.085492746274454
2022-12-23,131.28,0.2023379888132132,3.75,21.886710559100777
2022-12-26,131.625,0.1943103190917016,3.8175,21.06985231514264
2022-12-27,131.74,0.183366740356441,3.84,20.14218384726331
2022-12-28,132.46,0.1784154634527362,3.88,19.44048993486289
2022-12-29,133.22,0.1745595365976075,3.83,18.8793755227557
2022-12-30,134.1,0.1746016484054868,3.88,18.541988036031086
2023-01-02,134.865,0.1415412801336185,3.8125,15.592200127809825
2023-01-03,135.12,0.141549899921541,3.79,15.508589265732212
2023-01-04,136.38,0.1440670432331557,3.69,15.331499541829679
2023-01-05,135.35,0.1439686885407433,3.71,15.672528650258052
2023-01-06,137.94,0.1554628107205492,3.55,15.96101861084346
2023-01-09,137.37,0.1486214021552949,3.53,15.513795455785143
2023-01-10,138.6,0.1508524814184949,3.61,15.36390783703414
2023-01-11,139.63,0.149980454831867,3.54,15.1083062755674
2023-01-12,139.49,0.1118018755792995,3.43,11.70976869828337
2023-01-13,143.01,0.1297784687610961,3.49,12.801804860135505
2023-01-16,141.35250000000002,0.1425382688607669,3.52,14.161226588000993
2023-01-17,140.8,0.1453794776030446,3.53,14.496648271818877
2023-01-18,136.57,0.1855503876169388,3.37,19.069571398806985
2023-01-19,134.75,0.1875175010157318,3.39,19.72805071946142
2023-01-20,135.08,0.1871849771473873,3.48,19.548266678741854
2023-01-23,137.27,0.1943503919236266,3.52,19.63115454100435
2023-01-24,138.45,0.1955947076834558,3.46,19.563477435604078
2023-01-25,139.12,0.195483942167275,3.46,19.45624173434237
2023-01-26,139.98,0.1955869856558875,3.49,19.354279064316678
2023-01-27,140.32,0.1949994168041754,3.52,19.256420768812205
2023-01-30,139.13,0.1982287646259522,3.55,19.677855178589944
2023-01-31,139.96,0.1988260874556452,3.52,19.652559489552466
2023-02-01,139.59,0.1973805114431826,3.39,19.60096416261232
2023-02-02,138.94,0.1959324069517636,3.4,19.545964067748244
2023-02-03,141.09,0.1919224067790524,3.53,18.900840688034336
2023-02-06,141.92,0.1915245022459532,3.63,18.79741458978082
2023-02-07,143.65,0.1934845321097449,3.67,18.98293098046581
2023-02-08,142.64,0.1947690374021363,3.63,19.099549440508262
2023-02-09,140.42,0.2035523094121428,3.67,20.01583369776752
2023-02-10,141.04,0.1821689270041914,3.74,17.912494890045252
2023-02-13,142.57,0.1816754971153489,3.72,17.811450285253812
2023-02-14,143.2,0.1814049947780173,3.77,17.778127147112087
2023-02-15,143.8,0.1398866233985092,3.81,13.727260662117871
2023-02-16,141.82,0.1405630161132911,3.86,13.836114830801812
2023-02-17,142.24,0.1405676114167737,3.82,13.819202993730286
2023-02-20,140.2825,0.1423894403923191,3.9175,14.155401048639241
2023-02-21,139.63,0.1409266814051581,3.95,14.107646148541292
2023-02-22,138.56,0.142751932636461,3.93,14.491608100389172
2023-02-23,139.67,0.1439727505478362,3.88,14.410701437972321
2023-02-24,140.93,0.1473534090387217,3.95,14.538586274348148
2023-02-27,142.16,0.1464763893848299,3.92,14.373030153102157
2023-02-28,143.35,0.1477751343818315,3.92,14.47849373761538
2023-03-01,142.55,0.1491598234004888,4.01,14.603199126115577
2023-03-02,141.07,0.1534105969262909,4.08,15.069046631503582
2023-03-03,143.66,0.157360871096526,3.97,15.415452830820925
2023-03-06,142.82,0.1579909842865313,3.98,15.463111525368276
2023-03-07,138.62,0.1836128128331335,3.97,18.225465081500417
2023-03-08,137.8,0.1832268827604183,3.98,18.314858622566838
2023-03-09,130.34,0.2579618292885716,3.93,26.618857490215063
2023-03-10,133.65,0.2766677930146858,3.7,27.605528843161068
2023-03-13,131.25,0.2770734562522722,3.55,28.22630469175777
2023-03-14,134.62,0.2952959819603008,3.64,29.154366374680983
2023-03-15,128.26,0.3329186069186301,3.51,33.677570916856475
2023-03-16,130.75,0.3426673680351237,3.56,33.981425734253584
2023-03-17,125.81,0.3619346718957118,3.39,36.7428746269995
2023-03-20,127.14,0.3651873827764547,3.47,36.64877254078089
2023-03-21,130.55,0.3818924383057154,3.59,37.42128118804798
2023-03-22,127.18,0.390129190316039,3.48,38.72415307574594
2023-03-23,126.84,0.3876071440260001,3.38,38.640779091807325
2023-03-24,124.91,0.385921773915947,3.38,38.92028670381784
2023-03-27,128.49,0.4019787071066973,3.53,39.483255097026685
2023-03-28,128.88,0.4001134228627139,3.55,39.25449651195235
2023-03-29,129.14,0.4008757368458609,3.57,39.27271264331863
2023-03-30,128.75,0.4003238925945306,3.55,39.29127313284393
2023-03-31,130.31,0.3962391401240374,3.48,38.76826187746714
2023-04-03,130.16,0.3963882515030959,3.43,38.8272807261224
2023-04-04,128.42,0.3869052300468208,3.35,38.30994932297249
2023-04-05,127.61,0.3869398032908295,3.3,38.487376107516575
2023-04-06,127.47,0.3376296303008397,3.3,34.396090408049375
2023-04-07,127.575,0.323209990286985,3.39,33.12203071451243
2023-04-10,127.89,0.3180301959894575,3.41,32.59948112422916
2023-04-11,128.52,0.3030317127301479,3.43,31.18153233864517
2023-04-12,128.5,0.2518508760830621,3.41,27.069830044013813
2023-04-13,128.99,0.2419708803399402,3.45,26.085636847542787
2023-04-14,138.73,0.3292881094043993,3.52,32.05681094640118
2023-04-17,139.83,0.3288388419348664,3.6,31.987688546954743
2023-04-18,141.4,0.3196230043246625,3.58,31.151699983131174
2023-04-19,141.22,0.3003627682886242,3.6,29.290650701395087
2023-04-20,140.81,0.3004459577732856,3.54,29.30696192653295
2023-04-21,140.54,0.2919296334944016,3.57,28.481439387731484
2023-04-24,140.73,0.2797366262297593,3.52,27.32854595586064
2023-04-25,137.67,0.2951001376880439,3.4,28.93262091475635
2023-04-26,135.23,0.3045505673860958,3.43,30.015707674737243
2023-04-27,137.05,0.3062195121168004,3.53,29.96000622895525
2023-04-28,138.24,0.3051489259286119,3.44,29.826348591305617
2023-05-01,141.2,0.3113994122920745,3.59,30.35242724890054
2023-05-02,138.92,0.3136337931132772,3.44,30.602422267668366
2023-05-03,135.98,0.3244299629322143,3.38,31.785353360022036
2023-05-04,134.12,0.3297596797923847,3.37,32.45793618757168
2023-05-05,136.74,0.3349614492711706,3.44,32.68359555018386
2023-05-08,137.07,0.3349641840822782,3.52,32.63644112131084
2023-05-09,136.41,0.3362648305563973,3.53,32.78625697956082
2023-05-10,136.48,0.336184932144259,3.43,32.815446617234365
2023-05-11,136.05,0.3369310323757724,3.39,32.927798698725915
2023-05-12,134.1,0.2052447150894566,3.46,21.390927940444826
2023-05-15,135.23,0.2055589295726606,3.5,21.09435967154284
2023-05-16,134.32,0.2005272017748962,3.54,20.87670282313323
2023-05-17,138.45,0.2327297244939751,3.57,22.974963256587472
2023-05-18,139.5,0.2344959182900459,3.65,23.022711241258833
2023-05-19,139.18,0.2345328004288483,3.7,23.032651277510595
2023-05-22,138.03,0.2360677741111184,3.72,23.274105308105106
2023-05-23,136.59,0.225997852490003,3.7,22.54801512683732
2023-05-24,135.34,0.2191769443531975,3.73,22.152336549942795
2023-05-25,135.67,0.2137116819085422,3.83,21.54650675714219
2023-05-26,136.94,0.214107896876542,3.8,21.36219994964921
2023-05-29,137.33,0.1986205977632593,3.7175,19.918518786284544
2023-05-30,137.46,0.190803943097768,3.69,19.19462252294072
2023-05-31,135.71,0.1807516662520105,3.64,18.723414058123495
2023-06-01,137.58,0.179543280617293,3.61,18.184587349669293
2023-06-02,140.47,0.1815856203137084,3.69,17.915777923730083
2023-06-05,139.09,0.1858332238556249,3.69,18.472348178949858
2023-06-06,139.34,0.1846636285953525,3.7,18.326314274056706
2023-06-07,140.69,0.1871150086146111,3.79,18.3951562338692
2023-06-08,140.73,0.1863575336049421,3.73,18.337104678197825
2023-06-09,141.01,0.1764066359048308,3.75,17.360606238537486
2023-06-12,141.0,0.1752421657531148,3.73,17.25556691640707
2023-06-13,142.02,0.1728528862253941,3.84,16.944116237180744
2023-06-14,141.49,0.1390653565651612,3.83,13.726948467877577
2023-06-15,143.09,0.1419585397218071,3.72,13.942089265540332
2023-06-16,143.26,0.1413230327053022,3.77,13.869868639996838
2023-06-19,142.7125,0.138103608317905,3.7475,13.573273624502477
2023-06-20,142.53,0.1310768256592847,3.74,12.90218756821399
2023-06-21,142.32,0.1249780448865624,3.72,12.330851935435803
2023-06-22,139.58,0.1470037688755133,3.8,14.738321994679495
2023-06-23,138.85,0.145723993447577,3.74,14.78453102578402
2023-06-26,139.19,0.1456540028054783,3.72,14.717492136457139
2023-06-27,139.2,0.1456684780832533,3.77,14.69597152177547
2023-06-28,138.59,0.1383110229382068,3.71,14.184180830098846
2023-06-29,143.43,0.1785549655316411,3.85,17.49335286769015
2023-06-30,145.44,0.1702920960241769,3.81,16.81196084860865
2023-07-03,146.61,0.1658779789144026,3.86,16.522390218773474
2023-07-04,145.625,0.1692050381800154,3.905,16.72311201158439
2023-07-05,144.64,0.1697048720888143,3.95,16.678930969315473
2023-07-06,143.21,0.1743982581377728,4.05,17.055247306212934
2023-07-07,144.34,0.1761228556753958,4.06,17.278649114448072
2023-07-10,145.15,0.1767221171790107,4.01,17.40909553509951
2023-07-11,147.42,0.182748606316781,3.99,18.31749372351274
2023-07-12,148.15,0.1817772893989063,3.86,18.347954048917337
2023-07-13,148.87,0.178988903291989,3.76,18.2132595163145
2023-07-14,149.77,0.1795113461769453,3.83,18.489134509892203
2023-07-17,153.38,0.1937182989340569,3.81,20.94568016361351
2023-07-18,153.66,0.192976135719073,3.8,20.972539512806932
2023-07-19,154.25,0.1919561632459102,3.75,21.07722407391639
2023-07-20,156.15,0.1727643786682485,3.85,20.175716171953958
2023-07-21,154.95,0.1750255712416127,3.84,19.837793790517914
2023-07-24,158.0,0.1815363262569765,3.86,21.84092499138101
2023-07-25,156.82,0.1869261450976258,3.91,21.77028725333694
2023-07-26,157.76,0.1828352011679173,3.86,21.833866941803343
2023-07-27,156.02,0.1595724600084051,4.01,19.05496819178211
2023-07-28,156.91,0.1555127181547303,3.96,19.13712949616827
2023-07-31,157.96,0.1551021293684547,3.97,19.68182759068612
2023-08-01,157.18,0.1536253276470854,4.05,19.185137066400724
2023-08-02,155.4,0.1585850142843228,4.08,18.70743567733971
2023-08-03,156.35,0.1504434882076199,4.2,18.5750859024594
2023-08-04,156.02,0.1515865935610917,4.05,18.40182111080317
2023-08-07,156.76,0.1514909546262599,4.09,18.809302954370214
2023-08-08,155.88,0.148396436963288,4.02,18.043742700902698
2023-08-09,153.79,0.1588641687254219,4.0,17.961340941042472
2023-08-10,153.56,0.1589045751313366,4.09,17.910063137550125
2023-08-11,154.45,0.1588143365249828,4.16,18.326262167417546
2023-08-14,154.77,0.134828801545958,4.19,16.447652966706507
2023-08-15,150.83,0.1630572512184626,4.21,17.318672998679453
2023-08-16,150.19,0.1624782895646768,4.28,17.082209980831614
2023-08-17,148.63,0.157172735161972,4.3,16.140170954932465
2023-08-18,148.97,0.1567261824246754,4.26,16.17719865771356
2023-08-21,149.48,0.1362955209206502,4.34,14.409987938944276
2023-08-22,146.38,0.1498745375351163,4.34,14.956648952519778
2023-08-23,147.37,0.1505370322841819,4.19,15.188244389283852
2023-08-24,147.23,0.1479535969093644,4.23,14.914852219107608
2023-08-25,147.05,0.1446455978336409,4.25,14.560542276013457
2023-08-28,147.56,0.1421529394243009,4.2,14.417029908409845
2023-08-29,148.76,0.1476930202653064,4.12,15.222294901740256
2023-08-30,148.16,0.1442790997889365,4.12,14.744245944901856
2023-08-31,146.33,0.1448119171588633,4.09,14.431175765298072
2023-09-01,146.82,0.1466743431886523,4.18,14.704913775359465
2023-09-04,145.605,0.1448351619402824,4.2475,14.339252132294732
2023-09-05,145.2,0.1446731913251841,4.27,14.273652767859922
2023-09-06,144.96,0.1399385895142149,4.3,13.784179580259632
2023-09-07,143.72,0.1412261563345923,4.27,13.814397141574233
2023-09-08,143.83,0.1380371069742019,4.26,13.508867675555564
2023-09-11,144.46,0.1395124794042342,4.29,13.694523850048427
2023-09-12,146.34,0.1249272604212939,4.27,12.513563121023587
2023-09-13,146.41,0.1246662710380913,4.25,12.498068123956315
2023-09-14,149.25,0.1396281177688978,4.29,14.636532364639933
2023-09-15,148.81,0.1398489125723676,4.33,14.540266424485623
2023-09-18,149.12,0.1394920675549989,4.32,14.593769460490712
2023-09-19,148.93,0.116478722010741,4.37,12.392933975242265
2023-09-20,148.3,0.1156596909037465,4.35,12.110956246112416
2023-09-21,147.14,0.1191943201499429,4.49,12.170723639728912
2023-09-22,145.73,0.1239281296107948,4.44,12.33355166428511
2023-09-25,146.45,0.1246492685452773,4.55,12.551961252373161
2023-09-26,144.93,0.1252628393531986,4.56,12.357989180593073
2023-09-27,145.78,0.1272820592232842,4.61,12.688047924105142
2023-09-28,147.59,0.1277765594255181,4.59,13.12801504797622
2023-09-29,145.02,0.1420102354605407,4.59,14.003419645042428
2023-10-02,143.77,0.1422625907777085,4.69,13.898624254179254
2023-10-03,142.71,0.1441196014510765,4.81,14.010957845340116
2023-10-04,143.35,0.1452940883302982,4.73,14.162665529044261
2023-10-05,142.9,0.1425679261776587,4.72,13.875181000293168
2023-10-06,145.1,0.1530218048285652,4.78,15.096438168414416
2023-10-09,144.77,0.1525969407663731,4.69,15.00723628337991
2023-10-10,145.65,0.1467156195300337,4.66,14.558271234962888
2023-10-11,146.15,0.1472694689360671,4.58,14.68887069489383
2023-10-12,145.81,0.128175423595111,4.7,12.791888538373748
2023-10-13,148.0,0.1401148598113027,4.63,14.421312976287801
2023-10-16,147.85,0.139866023347737,4.71,14.377638489038517
2023-10-17,147.53,0.1399762519550625,4.83,14.333216648396153
2023-10-18,145.91,0.1443852779006967,4.91,14.406108464900711
2023-10-19,145.29,0.1426179144852878,4.98,14.132321682706397
2023-10-20,142.95,0.1497708384450443,4.93,14.562203594029313
2023-10-23,141.0,0.1545735553072928,4.86,15.00820329480517
2023-10-24,141.17,0.1515348862171107,4.83,14.717304246904575
2023-10-25,140.4,0.1497827103065742,4.95,14.55689645599604
2023-10-26,140.76,0.141185209718153,4.86,13.735742793759044
2023-10-27,135.69,0.1781565728948612,4.84,17.882426069942483
2023-10-30,137.42,0.1856201619058031,4.88,18.237544537263595
2023-10-31,139.06,0.1910432874894325,4.88,18.57375510434437
2023-11-01,138.94,0.1898628849717533,4.77,18.50371412241362
2023-11-02,141.42,0.2016970943629809,4.67,19.56927103503711
2023-11-03,143.0,0.1978185788002341,4.57,19.261992136737575
2023-11-06,144.08,0.1998164530204528,4.67,19.532414360953368
2023-11-07,144.01,0.1984508350995097,4.58,19.397918950543144
2023-11-08,144.72,0.1989141509368042,4.49,19.51953065526253
2023-11-09,144.29,0.199009432236907,4.62,19.477502615593693
2023-11-10,146.43,0.198816342456763,4.61,19.754512209377133
2023-11-13,145.78,0.1993144940135733,4.63,19.698003924514722
2023-11-14,148.44,0.2101056335565527,4.44,21.238002439933346
2023-11-15,149.74,0.2076032420977469,4.53,21.32923310531362
2023-11-16,151.45,0.2094125527270604,4.45,21.980529060603935
2023-11-17,152.82,0.1990898139584264,4.44,21.46085534658976
2023-11-20,153.29,0.1886601383578958,4.42,20.658097093417233
2023-11-21,152.97,0.1897253035785434,4.41,20.631990314569343
2023-11-22,153.33,0.1865125829294726,4.42,20.475387723235762
2023-11-23,153.435,0.1868876586892012,4.445,20.560636130226627
2023-11-24,153.54,0.1120794789297475,4.47,14.14256288913634
2023-11-27,153.19,0.113161411262,4.39,13.979370829679738
2023-11-28,153.54,0.1110146876536185,4.34,13.96574598513536
2023-11-29,154.32,0.1088434062795723,4.27,14.194995955146908
2023-11-30,156.08,0.1011056260943331,4.37,14.874415831736204
2023-12-01,156.84,0.0984110966618793,4.22,15.10280571429725
2023-12-04,157.99,0.098327991060412,4.28,16.01458796914453
2023-12-05,157.97,0.0980877281394696,4.18,15.881913871172388
2023-12-06,156.31,0.1118553736888833,4.12,15.52577491624691
2023-12-07,156.79,0.1089635808416655,4.14,15.662443408825382
2023-12-08,158.52,0.1047967435862437,4.23,16.724296871832955
2023-12-11,159.1,0.0999844989923418,4.23,16.908429924888484
2023-12-12,160.52,0.0875667573555203,4.2,17.500634297205185
2023-12-13,161.06,0.0856990970475376,4.04,17.710038434349585
2023-12-14,163.99,0.0965163664833917,3.92,20.511350039520778
2023-12-15,165.23,0.0956273826573838,3.91,21.585815641929003
2023-12-18,166.23,0.095858607331818,3.95,22.55850034434295
2023-12-19,168.45,0.0983270233817984,3.93,24.652218236536466
2023-12-20,166.55,0.113633745715738,3.86,23.28566915972897
2023-12-21,167.5,0.1129880288293002,3.89,24.135903515469906
2023-12-22,167.4,0.1136394280371766,3.9,24.081767053736737
2023-12-25,168.14249999999998,0.1109067887578357,3.8925,24.647208638769968
2023-12-26,168.39,0.1111778341140162,3.89,24.875551685036363
2023-12-27,169.4,0.1112726297568898,3.79,25.667272398434566
2023-12-28,170.3,0.1084668460882263,3.84,26.488433712912528
2023-12-29,170.1,0.1102209450828175,3.88,26.39876017587492
2024-01-01,171.585,0.110876207968486,3.9325,27.864014680381963
2024-01-02,172.08,0.1098428664076655,3.95,28.329954083339157
2024-01-03,171.33,0.1006215649262725,3.91,27.392689420625587
2024-01-04,171.41,0.1015723008955473,3.99,27.593832680175726
2024-01-05,172.27,0.0986314214362353,4.05,28.455405267917612
2024-01-08,172.02,0.100641144409092,4.01,28.189355156980746
2024-01-09,170.66,0.1070894005360231,4.02,27.031212246925815
2024-01-10,171.02,0.1071392452000783,4.04,27.39689083430792
2024-01-11,170.3,0.0937550328093415,3.98,26.393857900795126
2024-01-12,169.05,0.0967080509937523,3.96,25.22444027224487
2024-01-15,168.255,0.0970283311540213,4.0425,24.591925487235713
2024-01-16,167.99,0.0847400750946484,4.07,24.16760727876367
2024-01-17,167.09,0.0766177467137833,4.1,23.240434237573346
2024-01-18,167.42,0.0741510146160821,4.14,23.595531896338144
2024-01-19,170.31,0.0961282556804789,4.15,26.671922467654348
2024-01-22,170.11,0.0954358170018163,4.11,26.414982584416414
2024-01-23,168.99,0.0986871367076415,4.14,25.447776278314603
2024-01-24,170.5,0.1014886760844421,4.18,26.983701839345034
2024-01-25,172.94,0.1118316376760284,4.14,29.435910097702312
2024-01-26,172.28,0.1128367578257634,4.15,28.847113345133735
2024-01-29,172.73,0.1090604664559114,4.08,29.103949262222635
2024-01-30,176.27,0.1303195370096236,4.06,32.853154707345084
2024-01-31,174.36,0.1359151098729367,3.99,31.15056785619579
2024-02-01,173.73,0.1368604968019688,3.87,30.459379610885726
2024-02-02,174.73,0.1371938015883565,4.03,31.575684333126844
2024-02-05,174.5,0.1371660010683275,4.17,31.543823193605924
2024-02-06,175.1,0.1335323531250193,4.09,31.88757408470255
2024-02-07,175.43,0.1335170729130786,4.09,32.19124942384934
2024-02-08,174.8,0.1331955839113216,4.15,31.680058348830922
2024-02-09,175.01,0.1292055973182503,4.17,31.79728871609321
2024-02-12,175.79,0.1271993979111891,4.17,32.478635950908775
2024-02-13,174.26,0.1324318327115969,4.31,31.36931753442027
2024-02-14,176.03,0.1326573623316601,4.27,32.960367648306494
2024-02-15,179.87,0.1490171583621496,4.24,36.8948068847863
2024-02-16,179.03,0.1426139006508275,4.3,36.03420196982997
2024-02-19,179.555,0.1419395453428233,4.2775,36.480344998944446
2024-02-20,179.73,0.1378281092776793,4.27,36.546781174901746
2024-02-21,180.9,0.1367355383948715,4.32,37.703004685948585
2024-02-22,183.07,0.1344227538812861,4.33,39.75999767443402
2024-02-23,183.99,0.1322232505770358,4.26,40.52386080474987
2024-02-26,183.36,0.1343741505916348,4.28,39.970696826035145
2024-02-27,183.45,0.1175935197114864,4.31,39.91490751370119
2024-02-28,184.38,0.1076572215484535,4.27,40.71354154372461
2024-02-29,186.06,0.1070466678659518,4.25,42.34869137607328
2024-03-01,185.29,0.1099489775549436,4.19,41.512165566580684
2024-03-04,186.68,0.1098545949195778,4.22,42.93222232259889
2024-03-05,188.55,0.1123375913824528,4.13,44.669671326983504
2024-03-06,189.53,0.1122309461363461,4.11,45.614127899400756
2024-03-07,187.87,0.1181463164142212,4.09,43.965726153387145
2024-03-08,188.22,0.1179885704094511,4.09,44.31110985855233
2024-03-11,188.29,0.1185175882313144,4.1,44.397357916784195
2024-03-12,189.84,0.1104211180817933,4.16,45.98803120955189
2024-03-13,191.38,0.109217723470118,4.19,47.56079926877089
2024-03-14,187.97,0.1149503605966304,4.29,44.332694609541605
2024-03-15,190.3,0.1173016458279573,4.31,46.68221413649334
2024-03-18,192.66,0.1218670775531134,4.34,49.08539620615879
2024-03-19,193.79,0.121729216859764,4.3,50.15056080525631
2024-03-20,196.33,0.1258587060962652,4.27,52.64633290978309
2024-03-21,199.06,0.1276116647270824,4.27,55.36746536898123
2024-03-22,196.62,0.1402928649168094,4.22,52.927597170538085
2024-03-25,194.82,0.1453529508278023,4.25,51.229997322502314
2024-03-26,195.73,0.1451241705122384,4.24,52.109782931793255
2024-03-27,199.52,0.1559234538125206,4.2,55.86842275182468
2024-03-28,200.3,0.1547503107045748,4.2,56.6276066107725
2024-03-29,199.96,0.1533383338868292,4.2325,56.32796440638985
2024-04-01,198.94,0.1558746373692699,4.33,55.47985076550225
2024-04-02,198.86,0.1542376449588487,4.36,55.430128091564626
2024-04-03,198.3,0.1551440296045151,4.36,54.88649388409238
2024-04-04,195.65,0.1602775976829711,4.31,52.272655249246036
2024-04-05,197.45,0.1622501176352212,4.39,54.162591834809575
2024-04-08,198.48,0.1623399518458451,4.42,55.21283418396363
2024-04-09,197.15,0.1642195710290483,4.36,53.85002910428473
2024-04-10,195.47,0.166528241034339,4.55,52.505787778372564
2024-04-11,195.43,0.1509868980058449,4.56,52.310759851566424
2024-04-12,182.79,0.2763560694736713,4.5,45.661119745336336
2024-04-15,182.89,0.2713997595004254,4.63,45.5429006625882
2024-04-16,180.8,0.2713095196072915,4.67,43.995381787761175
2024-04-17,180.08,0.2642761354185435,4.59,42.92619640061373
2024-04-18,181.25,0.258805921353509,4.64,43.511404682983006
2024-04-19,185.8,0.2773531072835146,4.62,48.15158172470419
2024-04-22,189.41,0.2868938985982858,4.62,51.572370693870695
2024-04-23,192.14,0.2916051423342286,4.61,54.03141096676797
2024-04-24,193.08,0.2827493341139815,4.65,54.361233668319116
2024-04-25,193.37,0.2822689671256968,4.7,54.62999760680563
2024-04-26,193.49,0.2823787688215423,4.67,54.70372093075531
2024-04-29,193.28,0.282057040606143,4.63,54.469663626185834
2024-04-30,191.74,0.2830187085842106,4.69,53.312049537159346
2024-05-01,191.86,0.2830969499296308,4.63,53.35234160313882
2024-05-02,191.66,0.27960215911144,4.58,52.94657862012251
2024-05-03,190.51,0.2775337130303174,4.5,51.80807766587051
2024-05-06,192.0,0.2785391021714619,4.49,53.075164585860875
2024-05-07,191.75,0.2778625420602389,4.47,52.81172241913046
2024-05-08,195.65,0.2865772244753002,4.48,56.52296380691042
2024-05-09,197.5,0.2884395492934625,4.45,58.14429799652389
2024-05-10,198.77,0.1536617959304182,4.5,55.53350802270292
2024-05-13,198.73,0.153923281583004,4.48,55.468047431084905
2024-05-14,201.51,0.1459164858348598,4.45,58.12442185659842
2024-05-15,202.11,0.1419704728413215,4.36,58.57514766270751
2024-05-16,202.47,0.1426595293372035,4.38,58.96377927195599
2024-05-17,204.79,0.1250377273254319,4.42,61.28977132745882
2024-05-20,195.58,0.2075695849153072,4.44,53.28186303259003
2024-05-21,199.52,0.2131529414015386,4.41,57.069666871540214
2024-05-22,198.31,0.2147055019186981,4.43,56.002729986526035
2024-05-23,196.92,0.2167808350434615,4.47,54.819019564362634
2024-05-24,200.71,0.2262249299526557,4.46,58.588495772884364
2024-05-27,199.8025,0.2271594932903855,4.52,57.84893699582854
2024-05-28,199.5,0.2246352935216196,4.54,57.522179619483836
2024-05-29,198.11,0.2268938470139291,4.61,56.39186866525519
2024-05-30,199.33,0.2271779778828342,4.55,57.45023777510324
2024-05-31,202.63,0.2306429053192426,4.51,60.56207826245486
2024-06-03,201.82,0.2313099641582957,4.41,59.69832246126615
2024-06-04,199.16,0.2377209122121956,4.33,57.3467823362807
2024-06-05,197.26,0.2307143880715407,4.29,55.334288543468794
2024-06-06,196.91,0.2283719648808947,4.28,54.92580918158101
2024-06-07,199.95,0.2339331523429255,4.43,58.07318425808845
2024-06-10,199.61,0.2340447890867635,4.47,57.81454926228459
2024-06-11,194.36,0.2462269143416681,4.39,53.43889410369953
2024-06-12,191.53,0.2496642938365008,4.31,51.04251159096839
2024-06-13,193.66,0.253985028994698,4.24,52.991055993838
2024-06-14,193.78,0.2491799890734702,4.2,52.83623036837106
2024-06-17,194.98,0.1939640401101028,4.28,52.1707182929462
2024-06-18,197.0,0.1832431369205126,4.22,53.79086504912869
2024-06-19,197.835,0.1827961792109264,4.234999999999999,54.60494003160444
2024-06-20,198.67,0.1814728447404935,4.25,55.40788622225369
2024-06-21,196.3,0.1722779941704563,4.25,52.97925871925205
2024-06-24,198.88,0.1788481478520718,4.25,55.57084543592889
2024-06-25,198.07,0.1793330019306341,4.23,54.768350278539145
2024-06-26,197.43,0.1779755514164857,4.32,54.252417563945464
2024-06-27,199.17,0.1794595210547728,4.29,55.91509360300433
2024-06-28,202.26,0.1782210859085514,4.36,58.997078853488645
2024-07-01,205.45,0.1860302228483487,4.48,62.36703056715904
2024-07-02,208.83,0.1858988672011311,4.43,65.60365424069447
2024-07-03,208.69,0.1809178508369048,4.36,65.32214531253373
2024-07-04,206.74,0.1854407465730219,4.32,63.39904617460455
2024-07-05,204.79,0.1834355078037531,4.28,61.41594297741507
2024-07-08,205.17,0.1831082814210265,4.28,61.783134064828346
2024-07-09,207.63,0.1543615747663909,4.3,64.0208430808025
2024-07-10,207.8,0.13964195334331,4.28,64.11588894350619
2024-07-11,207.45,0.1385222932341758,4.2,63.65026479119821
2024-07-12,204.94,0.148970574730887,4.18,61.15731975009409
2024-07-15,210.05,0.1681724725316252,4.23,66.38877924589406
2024-07-16,213.62,0.1731896619906514,4.17,69.86669166180096
2024-07-17,216.87,0.1776193629091076,4.16,73.09646612382541
2024-07-18,209.98,0.2197549316102929,4.2,66.8745716117623
2024-07-19,209.78,0.2133146156755064,4.25,66.638185937372
2024-07-22,210.28,0.2102011119501534,4.26,67.08566715660764
2024-07-23,210.33,0.2088642365176242,4.25,67.100277666496
2024-07-24,208.59,0.2116361377981486,4.28,65.50339233208896
2024-07-25,208.67,0.2105921113033741,4.27,65.54961370433426
2024-07-26,212.24,0.2119784571247018,4.2,68.92952454204224
2024-07-29,210.85,0.2082114221349178,4.17,67.48531718860592
2024-07-30,215.19,0.2126474035349375,4.15,71.73804696666511
2024-07-31,212.8,0.2172923893948258,4.09,69.40210490307955
2024-08-01,207.96,0.2306045540914197,3.99,64.89286392972137
2024-08-02,199.14,0.2747361705618458,3.8,58.16630344428291
2024-08-05,194.9,0.2834103401893358,3.78,54.98166463651921
2024-08-06,200.34,0.2993292542815161,3.9,60.497006327467744
2024-08-07,200.4,0.2992789140039854,3.96,60.61049417614684
2024-08-08,204.06,0.3075043984235877,3.99,64.17053966581247
2024-08-09,205.8,0.3060260857810072,3.94,65.54231274989674
2024-08-12,206.19,0.2921272890590363,3.9,65.2102084394398
2024-08-13,207.94,0.286778491906802,3.85,66.48142794092648
2024-08-14,210.24,0.2839930639880508,3.83,68.41713519558178
2024-08-15,211.55,0.2612113207964058,3.92,68.97421435302635
2024-08-16,213.97,0.2639848970252418,3.89,71.27073178222803
2024-08-19,215.45,0.2647615932198349,3.86,72.63846586702638
2024-08-20,214.52,0.2655074901228103,3.82,71.73734618679397
2024-08-21,214.6,0.2632143195561063,3.79,71.70947499501398
2024-08-22,216.63,0.2646471594045141,3.86,73.74333087546114
2024-08-23,218.31,0.259602798772969,3.81,75.13823020877832
2024-08-26,219.17,0.2579328944268504,3.82,75.9293107224028
2024-08-27,220.18,0.2487910694712121,3.83,76.71467254356052
2024-08-28,220.9925,0.2445402108287193,3.84,77.42962880151782
2024-08-29,220.9925,0.2266854565955178,3.87,77.1900183761947
2024-08-30,220.9925,0.1510007947455268,3.91,76.76326736252965
2024-09-02,220.9925,0.1162576878661069,3.8575,76.6691908574381
2024-09-03,220.3,0.0887946570692869,3.84,75.95081305695183
2024-09-04,219.33,0.0933883658115265,3.77,74.87974349518116
2024-09-05,217.63,0.088193323314234,3.73,73.12194396230959
2024-09-06,212.46,0.1279891020314678,3.72,67.94576413427217
2024-09-09,216.81,0.1444432352891421,3.7,72.27772389292508
2024-09-10,205.56,0.2393560681324645,3.65,62.42763207599209
2024-09-11,207.23,0.2377017388232028,3.65,63.93837643979242
2024-09-12,206.6,0.2364366222438025,3.68,63.35418380530421
2024-09-13,204.32,0.2341064674597266,3.66,61.13836707547231
2024-09-16,207.86,0.2422561074106013,3.63,64.62492975384235
2024-09-17,209.25,0.2438108183892489,3.65,65.99250302856588
2024-09-18,207.53,0.2450138812805696,3.7,64.48520631844666
2024-09-19,210.48,0.2484079710990359,3.73,67.3714527727642
2024-09-20,211.09,0.2466464543655502,3.73,67.89715029043002
2024-09-23,211.44,0.2461037577580205,3.75,68.23849183235356
2024-09-24,211.59,0.2451703823984507,3.74,68.3431376251308
2024-09-25,210.19,0.2447983363686276,3.79,67.08208722697977
2024-09-26,209.78,0.2446438739071062,3.79,66.6932752778837
2024-09-27,210.5,0.2454084469735298,3.75,67.33691410820656
2024-09-30,210.86,0.2456972008254971,3.81,67.76090048579101
2024-10-01,207.04,0.2521021126078949,3.74,64.29388918583692
2024-10-02,207.29,0.2524676024287494,3.79,64.59921015003682
2024-10-03,205.23,0.2531666376868914,3.85,62.80324664497034
2024-10-04,211.22,0.2645537683779216,3.98,68.84411451994828
2024-10-07,210.93,0.2530714361565362,4.03,68.30703020756214
2024-10-08,210.75,0.1682591456575105,4.04,66.8130005359988
2024-10-09,213.42,0.1714469439038685,4.06,69.50318742041186
2024-10-10,212.84,0.1713367827743428,4.09,68.97057278793511
2024-10-11,220.9925,0.2087223882014258,4.08,77.27702493793898
2024-10-14,220.9925,0.2030466844221467,4.0425,77.17438169629666
2024-10-15,220.9925,0.2028866637262292,4.03,77.1554864828134
2024-10-16,220.9925,0.199020881470798,4.02,77.11089470481778
2024-10-17,220.9925,0.1949614327500036,4.09,77.180718262794
2024-10-18,220.9925,0.1951563165285636,4.08,77.16791120144592
2024-10-21,220.9925,0.1953247171124383,4.19,77.32433892112523
2024-10-22,220.9925,0.1954167143317889,4.2,77.33906727066996
2024-10-23,220.9925,0.192830495239965,4.24,77.378769007524
2024-10-24,220.9925,0.1923466087053667,4.21,77.33337249400763
2024-10-25,220.9925,0.1925532621969481,4.25,77.39117161043612
2024-10-28,220.9925,0.1927423663732886,4.28,77.43471723291385
2024-10-29,220.9925,0.1772478688785658,4.28,77.35753381495552
2024-10-30,220.9925,0.1774907853520385,4.29,77.37269994754647
2024-10-31,220.9925,0.1710766759072144,4.28,77.33615983934237
2024-11-01,220.9925,0.1425324633113674,4.37,77.4152265011327
2024-11-04,219.78,0.1446708998638843,4.31,76.11989109416821
2024-11-05,220.9925,0.1447157219201556,4.26,77.25921094129352
2024-11-06,220.9925,0.139709500055377,4.42,77.48501615998813
2024-11-07,220.9925,0.1388794935413395,4.31,77.32676871309388
2024-11-08,220.9925,0.0283361266593847,4.3,77.30579148994542
2024-11-11,220.9925,0.0283361266593847,4.3975,77.44581775684489
2024-11-12,220.9925,0.0283361266593847,4.43,77.49246284833598
2024-11-13,220.9925,0.0283361266593847,4.44,77.50681213457486
2024-11-14,220.9925,0.0283361266593847,4.43,77.49246284833598
2024-11-15,220.9925,0.0283361266593847,4.43,77.49246284833598
2024-11-18,220.9925,0.0283361266593847,4.42,77.4781121270967
2024-11-19,220.9925,0.0283361266593847,4.39,77.43505135194152
2024-11-20,220.9925,0.0283361266593847,4.41,77.46375997071357
2024-11-21,220.9925,0.0283361266593847,4.43,77.49246284833598
2024-11-22,220.9925,0.0283361266593847,4.41,77.46375997071357
2024-11-25,220.9925,0.0283361266593847,4.27,77.26267901084387
2024-11-26,220.9925,0.0283361266593847,4.3,77.30579148994542
2024-11-27,220.9925,0.0283361266593847,4.25,77.23393017185796
2024-11-28,220.9925,0.0283361266593847,4.215,77.18360586617837
2024-11-29,220.9925,0.0283361266593847,4.18,77.13326394390904
2024-12-02,220.9925,0.0195829831750294,4.19,77.14764914824244
2024-12-03,220.9925,2.346140057681e-08,4.23,77.20517558252925
2024-12-04,220.9925,2.346140057681e-08,4.19,77.14764914824244
2024-12-05,220.9925,2.346140057681e-08,4.17,77.11887730098326
2024-12-06,220.9925,2.346140057681e-08,4.15,77.09009969877917
2024-12-09,220.9925,2.346140057681e-08,4.2,77.16203291412734
2024-12-10,220.9925,2.346140057681e-08,4.22,77.19079613112692
2024-12-11,220.9925,2.346140057681e-08,4.26,77.24830531007188
2024-12-12,220.9925,2.346140057681e-08,4.32,77.33452595810482
2024-12-13,220.9925,2.346140057681e-08,4.4,77.44940637904301
2024-12-16,220.9925,2.346140057681e-08,4.39,77.43505135194152
2024-12-17,220.9925,2.346140057681e-08,4.4,77.44940637904301
2024-12-18,220.9925,2.346140057681e-08,4.5,77.59287772503501
2024-12-19,220.9925,2.346140057681e-08,4.57,77.69322233591629
2024-12-20,220.9925,2.346140057681e-08,4.52,77.62155478168876
2024-12-23,220.9925,2.346140057681e-08,4.59,77.72187932565458
2024-12-24,220.9925,2.346140057681e-08,4.59,77.72187932565458
2024-12-25,220.9925,2.346140057681e-08,4.585,77.71471561552963
2024-12-26,220.9925,2.346140057681e-08,4.58,77.70755154721019
2024-12-27,220.9925,2.346140057681e-08,4.62,77.76485406532365
2024-12-30,220.9925,2.346140057681e-08,4.55,77.66455961420684
2024-12-31,220.9925,2.346140057681e-08,4.58,77.70755154721019
